rank,title,author,search_rating_info,url,rating,ratings_count,reviews_count,description,format,language,published
1,ثلاثية غرناطة,Radwa Ashour,"4.29 avg rating — 52,564 ratings",https://www.goodreads.com/book/show/3438000,4.29,"52,564 ratings","8,849 reviews",ثلاثية غرناطة هي ثلاثية روائية تتكون من ثلاث روايات للكاتبة المصرية رضوى عاشور و هم على التوالي: غرناطة - مريمة - الرحيل. وتدور الأحداث في مملكة غرناطة بعد سقوط جميع الممالك الإسلامية في الأندلس، و تبدأ أحداث الثلاثية في عام 1491م، وهو العام الذي سقطت فيه غرناطة بإعلان المعاهدة التي تنازل بمقتضاها (أبو عبد الله محمد الصغير) آخر ملوك غرناطة عن ملكه لملكي قشتالة وأراجون، وتنتهى بمخالفة آخر أبطالها الأحياء (عليّ) لقرار ترحيل المسلمين حينما يكتشف أن الموت في الرحيل عن الأندلس و ليس في البقاء.,"502 pages, Paperback",Arabic,"January 1, 1994"
2,حوار مع صديقي الملحد,Mostafa Mahmoud,"3.88 avg rating — 35,489 ratings",https://www.goodreads.com/book/show/5664022,3.88,"35,489 ratings","3,326 reviews","رد على أسئله لملحدين على الدين الإسلامي, رد رائع بالدلائل والأمثله يجيب عن تساؤلات عقلنا فى فترة ما نمر بها ويرد بها على الآخرين الماديين. صديقى رجل يحب الجدل ويهوى الكلام وهو يعتقد أننا نحن المؤمنون السذج نقتات بالاوهام ونضحك على أنفسنا بالجنة والحوار العين وتفوتنا لذات الدنيا ومفاتنها.. وصديقى بهذه المناسبة تخرج من فرنسا وحصل على دكتوراه وعاش مع الهيبيز وأصبح ينكر كل شئ. قال لى ساخرا: -انتم تقولون: ان الله موجود، وعمدة براهينكم هو قانون “السببية” الذى ينص على أن لكل صنعة صانعا ولكل خلق خالقاً ولكل وجود موجدا.. النسيج يدل على النساج والرسم على الرسام والنقش على النقاش والكون بهذا المنطق أبلغ دليل على الاله القدير الذى خلقه. صدقنا وآمنا بهذا الخالق.. ألا يحق لنا بنفس المنطق أن نسأل.. ومن خلق الخالق.. من خلق الله الذى تحدثوننا عنه.. ألا تقودنا نفس استدلالاتكم الى هذا.. وتبعا لنفس قانون السببية.. ما رأيكم فى هذا المطب دام فضلكم؟. ونحن نقول له: سؤالك فاسد.. ولا مطب ولا حاجة فأنت تسلم بأن الله خالق ثم تقول من خلقه؟! فتجعل منه خالقا ومخلوقا فى نفس الجملة وهذا تناقض، والوجه الآخر لفساد السؤال أنك تتصور خضوع الخالق لقوانين مخلوقاته.. فالسببية قانوننا نحن أبناء الزمان والمكان. والله الذى خلق الزمان والمكان هو بالضرورة فوق الزمان والمكان ولا يصح لنا أن نتصوره مقيدا بالزمان والمكان ولا بقوانين الزمان والمكان. والله هو الذى خلق قانون السببية فلا يجوز أن نتصوره خاضعا لقانون السببية الذى خلقه، وأنت بهذه السفسطة أشبه بالعرائس التى تتحرك بزمبلك وتتصور أن الانسان الذى صنعها لابد هو الآخر يتحرك بزمبلك.. فاذا قلنا لها بل هو يتحرك من تلقاء نفسه.. قالت: مستحيل أن يتحرك شئ من تلقاء نفسه.. انى أرى فى عالمى كل شئ يتحرك بزمبلك، وأنت بالمثل لا تتصور أن الله موجود بذاته بدون موجد.. لمجرد أنك ترى كل شئ حولك فى حاجة الى موجد.","160 pages, Paperback",Arabic,"January 1, 1970"
3,The Bridges of Constantine,Ahlam Mosteghanemi,"3.80 avg rating — 25,720 ratings",https://www.goodreads.com/book/show/18632934-the-bridges-of-constantine,3.80,"25,720 ratings","2,245 reviews","The Bridges of Constantine is a poignant fresco of Algeria over the last 50 years, a searing love story and a hymn to a lost city. Khaled, a former revolutionary in the Algerian war of liberation has been in self-exile in Paris for two decades, disgusted by the corruption that now riddles the country he once fought for. He has become a celebrated painter, and at the opening of one of his exhibitions, Hayat, the daughter of his old revolutionary commander, unexpectedly reenters Khaled's life. Hayat had been just a child when he last saw her, but she has now become a seductive young novelist. Khaled is consumed with passion for her, and she comes to embody the homeland and the city he still grieves for – the city he paints over and over again in his canvases. Through Hayat, his past is breathed back into life and he at last begins to confront his feelings about Algeria. But for Hayat, as elusive as she is tender, the question of what one should yearn for is not so simple, and the choices she makes will have devastating consequences for them both. The first novel in an award-winning, bestselling trilogy that spans Algeria's tumultuous recent history, The Bridges of Constantine is a lyrical and heartrending love story about loss and remembrance, exile and belonging.","320 pages, Hardcover",English,"January 1, 1993"
4,حول العالم في 200 يوم,أنيس منصور,"4.06 avg rating — 11,489 ratings",https://www.goodreads.com/book/show/3491072-200,4.06,"11,489 ratings",972 reviews,عرض في هذا الكتاب معلومات عن الدول المختلفة وخصوصاً دول جنوب شرق آسيا مثل الهند و سيلان وسنغافورة و أستراليا واليابان والفلبين وهونج كونج، ثم زار أيضا الولايات المتحدة الأمريكية وجزيرة هاواي. وتحدث أيضا خلال رحلته إلى اليابان عن اللؤلؤ المستزرع الذي أكتشفه ميكوموتو الذي قام بأول عملية استزراع للؤلؤ.وكتب عما أعجبه في هذه البلاد من تقاليد وعادات مختلفة، وتشابهها مع عادات الدول الأخرى. وتحدث في الكتاب عن اعتزازه بكونه أول صحفي في العالم كله أجري مقابله حصرية مع الدالاي لاما رئيس دولة التبت (الحائز علي جائزة نوبل في السلام )، وقد أجرى معه مقابلة حصرية، وتم أخذ صورة لأنيس منصور مع الدالاي لاما (تظهر الصورة في الصفحة 106) من الكتاب، وكانت هذه أول صورة يراها العالم للدالاي لاما وقد تم نشرها بدار اخبار اليوم بمصر لتحميل الكتاب من هذا الرابط : http://mmaqara2tt.com/index.php/books...,"604 pages, Hardcover",Arabic,"January 1, 1963"
5,الرحيق المختوم,Safiur Rahman Mubarakpuri,"4.61 avg rating — 23,823 ratings",https://www.goodreads.com/book/show/545425._,4.61,"23,823 ratings","2,219 reviews","الرحيق المختوم بحث في السيرة النبوية. تأليف: الشيخ صفي الرحمن المباركفوري. قُدِّم في مسابقة رابطة العالم الإسلامي في السيرة النبوية الشريفة، وحاز البحث على المركز الأول. ""ومن منهجي في هذا الكتاب ـ عدا ما جاء في إعلان الرابطة ـ أني قررت سلوك سبيل الاعتدال، متجنبًا التطويل الممل والإيجاز المخل، وقد وجدت المصادر تختلف فيما بينها حول كثير مما يتعلق بالأحداث اختلافًا لا يحتمل الجمع والتوفيق، فاخترت سبيل الترجيح، وأثبت في الكتاب ما ترجح لدي بعد التدقيق في الدراسة والنقد، إلا أني طويت ذكر الدلائل والوجوه؛ لأن ذلك يفضي إلى طول غير مطلوب‏. أما بالنسبة لقبول الروايات وردها فقد استفدت في ذلك مما كتبه الأئمة المتقنون، واعتمدت عليهم فيما حكموا به من الصحة والحسن والضعف؛ إذ لم أجد وقتًا يكفي للخوض في هذا المجال‏.‏ وقد أشرت في بعض المواضع إلى بعض الدلائل ووجوه الترجيح، وذلك حينما خِفْتُ الاستغراب ممن يقرأ الكتاب، أو رأيت شبه الاتفاق فيما بين الأولين والآخرين على خلاف ما هو الصواب‏.‏ والله ولي التوفيق‏.‏"" الجمعة المباركة 24/7/1396هـ 23/7/1976م صفي الرحمن المباركفوري الجامعة السلفية بنارس - الهند","498 pages, Hardcover",Arabic,"January 1, 1976"
6,أولاد حارتنا,Naguib Mahfouz,"4.08 avg rating — 32,002 ratings",https://www.goodreads.com/book/show/2364284._,4.08,"32,002 ratings","3,866 reviews",يجلس الجبلاوي في بيته الكبير المحاط بالحدائق واﻷسوار العالية ومن حوله أحفاده الذين يتنازعون للحصول على وقفه، ويقوم الفتوات بابعاد هؤلاء عن جنته اﻷرضية، حيث استقرت ذريته خارج أسوار البيت الكبير، وبالرغم من فقرهم الا انهم لم يكفو عن الدعاء بأن ينزل الجبلاوي اليهم ويترك عزلته ويوزع تركته ويخلصهم من بطش الفتوات فيسود الخير على الجميع، ويظهر في كل جيل هذا المخلص والذي يتعلق به الناس وينتفضو معه ضد الفتوات، ولكن الجشع والجهل يرجعهم في اخر المطاف الى ما كانت عليه الاوضاع ويبقى الفقر والمعاناة مصيرهم الذي لا مفر منه. يصف محفوظ في هذه الرواية الرائعة القهر وشوق الناس إلى الخلاص من أنفسهم، وكيف ان المبادئ يمكن أن تتغير بتأرجح النفوس البشرية، وكيف ان الاعمال الخيرة تقع تحت يد الفساد والمفسدين. تعد هذه الرواية من أشهر روايات اﻷديب الراحل وأكثرها إشكالية وقد نوهت اﻷكاديمية السويدية بها عندما منحت نجيب محفوظ جائزة نوبل للآداب.,"600 pages, Paperback",Arabic,"January 1, 1959"
7,الحرافيش,Naguib Mahfouz,"4.40 avg rating — 20,984 ratings",https://www.goodreads.com/book/show/5295735,4.40,"20,984 ratings","3,144 reviews",ﻳﺼﻒ ﻟﻨﺎ ﻧﺠﻴﺐ ﻣﺤﻔﻮﻅ ﺳﻌﻲ ﺍﻟﻨﻔﺲ ﺍﻟﺒﺸﺮﻳﺔ ﺍﻟﺪﺍﺋﻢ ﺍﻟﻰ ﺍﻟﺨﻼﺹ ﻭﺗﻤﺮﺩﻫﺎ ﻋﻠﻰ ﻧﻔﺴﻬﺎ ﺍﻟﺘﻲ ﺍﺭﺗﻀﺖ ﺑﺎﻟﻮﺍﻗﻊ ﺍﻟﻤﺮﻳﺮ، ﻓﺘﺤﺜﻬﺎ ﺩﺍﺋﻤﺎ ﺍﻟﻰ ﺍﻟﺨﻼﺹ، ﻭﺍﻟﺨﺮﻭﺝ ﻣﻦ ﻧﻔﻖ ﺍﻟﻨﻔﺲ ﺍﻟﻤﻈﻠﻢ، ﻭﻟﻜﻨﻬﺎ ﺗﺼﻄﺪﻡ ﺩﺍﺋﻤﺎ ﺑﺤﺐ ﺍﻟﺪﻧﻴﺎ ﻭﺍﻏﻮﺍﺋﺎﺗﻬﺎ ﺍﻟﻼﻣﺤﺪﻭﺩﺓ ﻭﻫﻨﺎ ﻳﻜﻮﻥ ﻣﻔﺘﺮﻕ ﺍﻟﻄﺮﻕ ﺍﻟﺬﻱ ﺗﺨﺘﺎﺭ ﻓﻴﻪ ﺍﻟﻨﻔﺲ ﺍﻣﺎ ﺍﻟﺴﻴﺮ ﻋﻠﻰ ﺧﻄﻰ ﺍﻟﺼﺎﻟﺤﻴﻦ ﺍﻷﻭﺍﺋﻞ ﺃﻭ ﺍﻟﺤﻴﺎﺩ ﻋﻦ ﻃﺮﻳﻘﻬﻢ ﻭﺍﻳﺜﺎﺭ ﺷﻬﻮﺍﺗﻬﺎ ﺍﻟﺪﺍﺧﻠﻴﺔ، ﻛﻤﺎ ﻳﺼﻒ ﻟﻨﺎ ﺍﻟﺨﻨﻮﻉ ﻭﺍﻟﺬﻝ ﺍﻟﺬﻱ ﻳﺼﻴﺐ ﺍﻟﻨﻔﺲ ﻣﻦ ﺟﺮﺍﺀ ﻳﺄﺳﻬﺎ ﻣﻦ ﺧﻼﺻﻬﺎ، ﻭﺟﻬﻠﻬﺎ ﺑﺄﻥ ﺍﻟﺨﻼﺹ ﺍﻟﺤﻘﻴﻘﻲ ﻫﻮ ﺍﻟﻨﺎﺑﻊ ﻣﻦ ﺩﺍﺧﻠﻬﺎ ﻻ ﺍﻟﻤﺴﻠﻂ ﻋﻠﻴﻬﺎ ﻣﻦ ﺍﻟﺨﺎﺭﺝ ﻓﻬﻮ ﺧﻼﺹ ﺯﺍﺋﻒ ﺳﺮﻋﺎﻥ ﻣﺎ ﻳﺘﺒﺨﺮ ﻭﻳﺬﻫﺐ ﺭﻳﺤﻪ ﻭﺗﺒﻘﻰ ﺍﻟﻨﻔﺲ ﻓﻲ ﻇﻠﻤﺎﺗﻬﺎ ﺗﺒﻜﻲ ﻋﻠﻰ ﻣﺎﺽ ﻗﺪ ﺗﻮﻟﻰ ﻭﺫﻛﺮﻳﺎﺕ ﻟﻦ ﺗﻌﻮﺩ. كل ذلك في ملحمة رائعة يظهر فيها تعاقب اﻷجيال على مدى قرنين من الزمان من خلال عشر قصص لطالما كانت نبعا للسينما المصرية تنهل منه.,"599 pages, Paperback",Arabic,"January 1, 1977"
8,انتحار فاشل,أحمد جمال الدين رمضان,"4.54 avg rating — 3,337 ratings",https://www.goodreads.com/book/show/30528535,4.54,"3,337 ratings",535 reviews,"كتاب ""انتحار فاشل"" عبارة عن مجموعة قصصية متنوعة تجمع ما بين القصة الساخرة، الاجتماعية، الرعب، وحتى القصص المبنية على أحداث حقيقية، يلعب ""أحمد رمضان"" فى هذه المجموعة ببراعة شديدة على وتر الأفكار المختلفة والنهايات المفاجئة، حتى فى القصص التى تبدو أفكارها مألوفة تأتى المعالجة شديدة التميز والنهاية مخالفة تماماً للتوقعات تضيف أبعاداً أكثر عمقاً للعمل.","175 pages, Paperback",Arabic,"July 1, 2016"
9,تراب الماس,Ahmed Mourad,"4.05 avg rating — 56,798 ratings",https://www.goodreads.com/book/show/7704143,4.05,"56,798 ratings","4,659 reviews","""للمرة الثانية بعد ""فيرتيجو"" يتّخذ أحمد مراد من الجريمة خلفية تكشف بأسلوب مشوّق كواليس المجتمع و الفساد المستشري وسط كل طبقاته.. وهو بذلك يؤّكد قواعد النوع الروائي الذي أصبح رائدًا له"".. صنع الله إبراهيم لم يكن ""طه"" سوى مندوب دعاية طبية في شركة أدوية؛ حياة باهتة رتيبة، بدلة و كرافتة و حقيبة جلدية و لسان لبق يستميل أعتى الأطباء لأدويته وفي البيت يعيش وحيدًا مع أبيه القعيد كان ذلك قبل أن تقع جريمة قتل غامضة تتركه خلفها و قد تبدّل عالمه.. للأبد تتحول حياته إلى جزيرة من الأسرار، يبدأ اكتشافها في دفتر عتيق يعثر عليه مصادفة، و يجد معه أداة رهيبة لها فعل السحر عندها يبدأ ""طه"" ومعه الضابط ""وليد سلطان"" في تتبع قاتل لا يملكان دليلا ضده سنقرأ هنا كيف تتحول هذه الجريمة إلى سلسلة من عمليات القتل. وكيف يصبح القتل بابًا يكشف لنا عالما من الفساد، وسطوة السلطة التي تمتد لأجيال في تتابع مثير لا يؤكد أبدا أن ""طه"" سيصل إلى نهايته http://www.titaniumstores.com/dp/9770...","389 pages, Paperback",Arabic,"January 1, 2010"
10,رحلتي من الشك إلى الإيمان,Mostafa Mahmoud,"3.97 avg rating — 25,049 ratings",https://www.goodreads.com/book/show/3338544,3.97,"25,049 ratings","2,324 reviews",الانسان يولد وحده ويموت وحده ويصل إلى الحق وحده وليست مبلغة أن توصف الدنيا بأنها باطل الأباطيل الكل باطل وقبض الريح ، فكل ما حولنا من مظاهر الدنيا يتصف بالبطلان والزيف ونحن نقتل بعضنا بعضاً فى سبيل الغرور وإرضاء لكبرياء كاذب والدنيا ملهاة قبل أن تكون مأساة ، ومع ذلك نحن نتحرق شوقاً فى سبيل الحق ونموت سعداء فى سبيله والشعور بالحق يملؤنا تماماً وإن كنا نعجز عن الوصول إليه ، إننا نشعر به ملء القلب وإن كنا لا نراه حولنا وهذا الشعور الطاغى هو شهادة بوجوده ، إننا وإن لم نر الحق وإن لم نصل إليه وإن لم نبلغه فهو فينا وهو يحفزنا وهو مثال مطلق لا يغيب عن ضميرنا لحظة وبصائنا مفتوحة عليه دوماً .,"127 pages, Paperback",Arabic,"January 1, 1970"
11,تاكسي: حواديت المشاوير,Khaled Al Khamissi,"3.68 avg rating — 16,007 ratings",https://www.goodreads.com/book/show/2508854._,3.68,"16,007 ratings","1,514 reviews","تاكسي: حواديت المشاوير الذي لاقى نجاحا نقديا وجماهيريا كبيرا وغير متوقع، فأثنى عليه الكثير من الكتاب والنقاد واستضافت مؤلفه عدد من البرامج التلفزيونية مثل العاشرة مساء والبيت بيتك والقاهرة اليوم، ووصفه د. عبد الوهاب المسيري بأنه ""عمل إبداعي أصيل ومتعة فكرية حقيقية""، وقال عنه د. جلال أمين أنه من أجمل ما قرأ من كتب في وصف المجتمع المصري كما كتب عنه صفحة كاملة بجريدة المصري اليوم. والكتاب عبارة عن حوارات بين الراوي وسائقي التاكسي بالقاهرة يتناولون فيها بصراحة بالغة أوضاع البلاد والسياسة والاقتصاد والتطرف والمظاهرات والجنس وحياتهم وهمومهم الشخصية. كتاب ممتع ومرآة صادقة لفئة لماحة تتعامل مع المجتمع كله. المؤلف خالد الخميسي حاصل على ماجستير في العلوم السياسية من جامعة السوربون، إعلامي ومنتج ومخرج وكاتب سيناريو، له العديد من الدراسات الاجتماعية والسياسية، ويكتب في عدة صحف","224 pages, Paperback",Arabic,"December 1, 2006"
12,العصبي,أحمد جمال الدين رمضان,"4.59 avg rating — 2,901 ratings",https://www.goodreads.com/book/show/30528544,,,,,,,
13,شيكاجو,Alaa Al Aswany,"3.43 avg rating — 22,821 ratings",https://www.goodreads.com/book/show/1220507._,3.43,"22,821 ratings","2,090 reviews",يقول الأستاذ جلال أمين عن هذه الرواية المتميزة: ها هى رواية علاء الأسوانى الجديدة «شيكاجو» تستحق بدورها نجاحًا مماثلاً وبنفس القدر من الجدارة كالذى استحقته عمارة يعقوبيان. فرحت عند انتهائى من قراءتها لأكثر من سبب، فقد أكدت لى هذه القراءة أن لدينا بالفعل أديبًا كبيرًا وموهوبًا، وظهر أن عمارة يعقوبيان ليست ظاهرة منفردة لا تتكرر، بل إن من الممكن أن تتكرر المرة بعد المرة. فى الرواية الجديدة (شيكاجو) كل مزايا الرواية السابقة: التشويق الذى يبدأ من أول صفحة ويستمر إلى آخر صفحة، أسلوب الكتابة السلس والسريع الذى يصيب الهدف باستمرار بلا تثاقل أو تسكع، الرسم الواضح والمتسق للشخصيات، اللغة العربية الراقية دون تكلف أو تعمد الإغراب، وقبل كل شيء وفوق كل شيء، نُبل المعني، إذ لا جدوى فى رأيى من رواية مهما كانت درجة تشويقها وإتقانها إذا لم تكن نبيلة المقصد، وإذا كان المقصد تافهًا أو حقيرًا قضى على ما قد يكون للمهارة والشطارة من أثر فى نفس القارئ http://www.titaniumstores.com/dp/9770...,"456 pages, Paperback",Arabic,"January 1, 2007"
14,رجال حول الرسول,خالد محمد خالد,"4.39 avg rating — 8,692 ratings",https://www.goodreads.com/book/show/2784555,4.39,"8,692 ratings",559 reviews,سيرة وحياة ستين شخصية إسلامية كان لها أثر مباشر في نشر الدين الإسلامي، والدعوة إلى الله تعالى؛ وهؤلاء الرجال هم: مصعب بن عمير، سلمان الفارسي، أبو ذر الغفاري، بلال بن رباح، عبدالله بن عمر، سعد بن أبي وقاص، صهيب بن سنان، معاذ بن جبل، المقداد بن عمرو، سعيد بن عامر، حمزة بن المطلب، عبد الله بن مسعود، حذيفة بن اليمان، عامر بن ياسر، عبادة بن الصامت، خبات بن الأرت، أبو عبيدة بن الجراح، عثمان بن مطعون، يزيد بن حارثة، جعفر بن أبي طالب، عبد الله بن رواحة، خالد بن الوليد، قيس بن سعد بن عبادة، عمير بن وهب، أبو الورداد، زيد بن الخطاب، طلحة بن عبيد الله، الزبير بن العوام، خبيب بن عدي، عمير بن سعد، زيد بن ثابت، خالد بن سعيد، أبو أيوب الأنصاري، العباس بن عبد المطلب، ثابت بن قيس، أسيد بن حضير، عبد الرحمن بن عوف، أبو جابر عبد الله بن عمرو بن مرام، عمرو بن الجموح، أبي بن كعب، حبيب بن زيد، سعد بن معاذ، سعد بن عبادة، أسامة بن زيد، عبد الرحمن بن أبي بكر، عبد الله بن عمرو بن العاص، أبو سفيان بن الحارث، عمران بن حصين، سلمة بن الأكوع، عبد الله بن عباس، عباد بن بشر، سهيل بن عمرو، أبو موسى الأشعري، الطفيل بن عمرو، عمرو بن العاص، سالم حولى أبي حذيفة.,456 pages,,"September 1, 1964"
15,com نسيان,Ahlam Mosteghanemi,"3.67 avg rating — 29,339 ratings",https://www.goodreads.com/book/show/6621287-com,3.67,"29,339 ratings","2,552 reviews","هذا الكتاب للكاتبة الشهيرة والتي ""صُنّفت من بين النساء العشر الأكثر تأثيراً في العالم العربي، والأولى في مجال الأدب بتجاوز مبيعات كتبها مليونين وثلاثمئة ألف نسخة""، هو ""جردة نسائية ضدّ الذكورة، دفاعاً عن الرجولة، تلك الآسرة التي نباهي بوقوعنا في فتنتها، إذ من دونها ما كنّا لنكون إناثاً ولا نساءً"". بلغتها البليغة الجميلة والمباشرة والواضحة، تعبّر الكاتبة عن حقائق موجودة وواقعية وحسية، لا تتخيل منها شيئا، بل قد تتعدى أحياناً تفاصيل واقعها الفعلي حدود أي خيال رحب، ثم تصل إلى نتائج واستنتاجات وبيانات وأحكام ونصائح مهما اختلفت الاراء في تأثيرها ومفعولها وحكمتها، ومهما تنوعت ردود الفعل عليها، فإن مصدرها صادق وغني ونابع من تجربة ومن فضول ميداني بعيد كل البعد عن التنظير والنظرية، يكشف بالكشافات الضوئية الساطعة كل زوايا وخفايا ما يدور في ساحات مساحات واسعة حقيقية. تشكو الكاتبة من اختفاء رجولة ""الرجال""، بما معناه اختفاء كل الصفات الأخلاقية والعشقية الحميدة التي تتوخاها المرأة منهم، فكيف الخلاص للمرأة في حبها للرجل؟ تجد لها حلا وتنصحها وتدعوها: ""أحبيه كما لم تحب امرأة/ وانسيه كما ينسى الرجال""، هي لا تتوق إلى التماثل مع الرجال ""قليلي الحب""، بصورتهم الحالية المندّد بها، فلتبق المرأة على طبيعتها الأصلية في حبها ومحبتها للرجل، ولتتعلم فقط كيف تكون كالرجال في النسيان. تأتي الكاتبة على ذكر العديد من الشعراء والفلاسفة والكتّاب، وتستشهد بأقوالهم وأحاديثهم التي تقوّي عصب موضوعها وتغنيه: ""لا يمكن حصر عدد الكتّاب الذين، عبر الأزمنة والحضارات وبكل اللغات، عملوا مرشدين عاطفيين للتائهين من العشاق في الأزقة والشوارع الجانبية للحبّ. ليس لي هذا الادّعاء. أنا مجرد ممرضة لا تملك سوى حقيبة إسعافات أوّلية لإيقاف نزيف القلوب الأنثوية عند الفراق "". ""في النهاية، ما النسيان سوى قلب صفحة من كتاب العمر""، لكن قد يكون وزن الصفحة ثقيلا بحيث وجدت الكاتبة لنفسها دوراً في تخفيف هذا الوزن ما استطاعت، بل وقلب الصفحة نيابة عن القارئ. تقول بتواضع وهدف عملي نبيل: ""دعوني أحاول، ربما استطعت قلب صفحتكم هذه. ذلك أنه من الأسهل قلب صفحة الآخرين"". يتضمن الكتاب المرفق بـ C.D بعنوان ""أيها النسيان هبني قبلتك"" من كلمات الكاتبة، وألحان وغناء جاهدة وهبي، عدداً من إشارات الفصول تحمل هذه العناوين: هكذا تورطت في هذا الكتاب، وهاتف النسيان، ونصائح بقطيع من الجمال، وصفات لنسيان رجل، وكما ينسى الرجال، وكمائن الذاكرة، ونساء في مهبّ النسيان، ومن قصص النساء الغبيات، وتانغو النسيان وميثاق شرف أنثوي. كتاب ممتع وملفت ومثير للمعرفة وللجدل في مواضيع تهم القرّاء، فيه الكثير من الحقائق والأحاسيس وجعبة من الاستنتاجات حصيلة تجارب ومراقبة ميدانية للأوضاع بحيث يمكن لأي امرأة، ولأي رجل، الاستفادة من صدقها وواقعيتها","335 pages, Paperback",Arabic,"January 1, 2009"
16,واحة الغروب,Bahaa Taher,"3.82 avg rating — 14,869 ratings",https://www.goodreads.com/book/show/3240691,3.82,"14,869 ratings","1,884 reviews",هذه الرواية حاصلة على الجائزة العالمية للرواية العربية 2008 وقد طبع منها 3 طبعات خلال سنة يعود بهاء طاهر فى روايته الجديدة والبديعة «واحة الغروب» والتى لاقت نجاحا جماهيريا واستحسانا نقديا كبيرا، إلى نهايات القرن التاسع عشر، وبداية الاحتلال البريطانى لمصر. حيث يُرسل ضابط البوليس المصرى محمود عبدالظاهر، والذى كان يعيش حياة لاهية بين الحانات وبنات الليل، إلى واحة سيوة لشك السلطات فى تعاطفه مع الأفكار الثورية لجمال الدين الأفغانى وأحمد عرابى. فيصطحب زوجته الأيرلندية «كاثرين» الشغوفة بالآثار، والتى تبحث عن مقبرة الإسكندر الأكبر، لينغمسا فى عالم جديد شديد الثراء والخصوصية يجبرهما وأهل الواحة على مواجهة أنفسهم فى زمن اختلطت فيه الانتهازية والخيانة والرغبة بالحب والبطولة. تعكس أحداث الرواية أيضا مزجا إبداعيا بين الماضى والحاضر وال.... والموضوعى والتاريخ والواقع يعبر عن هموم الوطن كما يقدم تجربة العلاقة بين الشرق والغرب على المستويين الإنسانى والحضارى بما فيها من صراع وتوافق,"325 pages, Paperback",Arabic,"November 1, 2006"
17,جدد حياتك,Muhammad Al-Ghazali,"4.21 avg rating — 11,905 ratings",https://www.goodreads.com/book/show/3553395,4.21,"11,905 ratings","1,304 reviews",«فى هذا الكتاب مقارنة بين تعاليم الإسلام كما وصلت إلينا، وبين أصدق ما وصلت إليه حضارة الغرب فى أدب النفس والسلوك فى محاولة للكشف عن روعة التقارب وصدق التطابق» .. هذه بعض كلمات المؤلف التى عبر بها عن سبب كتابته لهذا العمل الفريد، خاصة بعد قراءته لكتاب «دع القلق وابدأ الحياة» لديل كارنيجى وقد اعتمد فى هذا العمل على جانبين رئيسين: فهو يعرض نصوص وأحكام الإسلام ويقابل بها كتابات وتجارب وشواهد كارنيجى .. تأكيدًا لقيمة الإسلام ومنهجه فى التعامل مع النفس البشرية فمن القلق إلى الثبات إلى العمل إلى مشكلات الفراغ إلى محاسبة النفس وغيرها حيث تتنوع موضوعات هذا الكتاب تنوعًا ممتعًا.,236 pages,Arabic,"January 1, 1987"
18,عبقرية عمر,عباس محمود العقاد,"4.17 avg rating — 8,283 ratings",https://www.goodreads.com/book/show/3437465,4.17,"8,283 ratings",791 reviews,نبذة موقع النيل والفرات: امتطى العقاد لهذا الكتاب صهوة فكره، بغية الإحاطة بعظمة بطله، فبطله ذو لونٍ جديد، وعبقريته ذات طابع فريد، والكتاب ليس سرداً لسيرة عمر بن الخطاب، ولا عرضاً لتاريخ عصره، وإنما هو وصف له، ودراسة لأطواره، ودلالة على خصائص عظمته، واستفادة من هذه الخصائص لعلم النفس، وعلم الأخلاق، وحقائق الحياة، لذلك ركز العقاد على ما يفيد هذه الدراسة، سواء لديه أكان من حادث صغير أم عظيم. كما أظهر حرجه عندما حاول أن يجاري من يسمون بالكتّاب المنصفين، الذين يقرنون المدائح بالمعايب، ويمزجون النقائص بالمناقب، ولا يأتون بحسنة إلا نقبوا عن سيئة تمحوها، أو تقلل منها، وكأن سّر حرج العقاد، أنه لم يجد عيباً ولا ما يستحق اللوم في حياة عمر وأطواره، مما جعله يتوقع أن يتهم بالمغالاة والتحيز والإعجاب، إذ كيف يحاسب -هو أو غيره- عمر بن الخطاب، وقد كان عمر يحاسب نفسه بأعنف مما كان يمكن أن يحاسبه غيره؟,"240 pages, Paperback",Arabic,"January 1, 1941"
19,في ظلال القرآن,Sayyid Qutb,"4.53 avg rating — 3,543 ratings",https://www.goodreads.com/book/show/3318993,4.53,"3,543 ratings",153 reviews,"خواطر وانطباعات من فترة عاشها سيد قطب في ظلال القرآن دوّنها في هذه المجلدات الستة منطلقاً في ذلك من حقيقة أبدية وهي أن القرآن حقيقة ذات كينونة مستمرة كهذا الكون ذاته، الكون كتاب الله المنظور، والقرآن كتاب الله المقروء، وكلاهما شاهد ودليل على صاحبه المبدع، كما أن كليهما كائن ليعمل. فالكون بنواحيه ما زال يتحرك ويؤدي دوره الذي قدره له بارئه والقرآن كذلك أدى دوره للبشرية، وما يزال هو هو، والإنسان ما يزال هو هو في حقيقته وفي أصل فطرته. وهذا القرآن هو خطاب الله لهذا الإنسان، فيمن خاطبهم الله به، خطاب لا يتغير فهو يخاطبه في أصل فطرته وفي أصل حقيقته، لذا كان لا بد من التمعن أكثر لإدراك المعاني التي رمت إليها سوره وآياته، ولإدراك ما فيه من الحيوية الكامنة لتلقي التوجيه المدخر منه للجماعة المسلمة في كل جيل، وذلك من خلال استحضار سيد قطب في تصوره كينونة الجماعة المسلمة الأولى التي خوطبت بهذا القرآن لأول مرة للعيش معها لتمثلها في بشريتها الحقيقية، وفي حياتها الواقعية، وفي مشكلاتها الإنسانية، وبتأمل قيادة القرآن لها قيادة مباشرة في شؤونها اليومية وفي أهدافها الكلية على السواء، ويرى كيف يأخذ القرآن بيدها خطوة خطوة، لينتقل بعدها إلى الجماعة الإسلامية اليوم المخاطبة بالقرآن في مثل ما خوطبت به الجماعة الأولى، فالبشرية بكل خصائصها المعروفة، تملك الاستجابة للقرآن، والانتفاع بقيادته في ذات الطريق. بهذه النظرة رأى سيد قطب بأن القرآن حياً يعمل في حياة المسلمة الأولى، ويملك أن يعمل في حياة المسلمين اليوم والقرآن هو اليوم معهم وكذلك غداً، وأنه ليس مجرد تراتيل تعبدية بعيدة عن واقع المسلمين المحدد، كما أنه ليس تاريخاً نص وانقضى وبطلت فاعليته وتفاعله مع الحياة البشرية. من هذا المنطلق يمضي سيد قطب في ظلال القرآن يستشف معانيه، يفسر آياته بأسلوب بعيد عن ساليب أئمة التفسير المتقدمين، ملتزماً بروح تفاسيرهم وبجوهرها، ليحاكي عقولاً اختلفت في منهجيتها وبطريقة تفكيرها وتنظيرها للأمور والوقائع عن عقول معاصري أئمة التفسير المتقدمين. حيث يورد السورة معرفاً بها وبعدد آياتها ومكية هي أم مدنية والراجح عنده. ثم يمضي في إيراد الآيات حيث يورد مجموعة من الآيات متتابعة تدور معانيها ضمن السياق نفسه فيأخذ في استشفاف مدلولاتها مجتمعة ليفسرها بعد ذلك آية آية مستنداً إلى المأثور في التفسير وهذا لم يمنعه من إيراد التفسير بلغة معاصرة تدور في معانيها خواطر إيمانية عميقة يعكس من خلالها سيد قطب التوجه التربوي القرآني الذي يأخذ بعين الاعتبار الإنسان بخلجاته وسكناته، بنفسيته وتألباتها ومتطلباتها وأهوائها، وبالمعطيات الآنية والمستقبلية التي تمتد امتداد حياة الإنسان على وجه الأرض. حرك سيد قطب في تفسيره فطرة الإنسان، وأبرز جنوح المسلم عن إدراك المعاني الحقيقية للقرآن وآياته بالحجب التي تقيمها الأهواء والعصبيات والجهل دون تلك الفطرة. ولم يغفل قطب عن استخراج المسائل الفقهية التي حملتها معاني الآيات والآراء الواردة اتفاقاً واختلافاً حولها، ولم تفته اللفتات التربوية عن إبراز النواحي الإعجازية الفنية التي حفلت بها آيات القرآن. لقد شكّل ""في ظلال القرآن"" منعطفاً هاماً في تفسير القرآن، حاك سيد قطب المسلم بلغة معاصرة، بأسلوب يفهمه ويعقله، وبروحية هي أقرب إلى روح العصر الذي غلبت عليه معطيات سياسية، اجتماعية، اقتصادية، إنسانية... عايشها القرآن بآياتها كما عايش روح القرون الماضية، وكما سيعايش القرون القادمة إلى آخر الزمان، واستشفها سيد قطب فجاءت خواطر دوّنها ""في ظلال القرآن"".","4012 pages, Hardcover",Arabic,"January 1, 1971"
20,الأيام,Taha Hussein,"3.65 avg rating — 12,161 ratings",https://www.goodreads.com/book/show/3371137,3.65,"12,161 ratings","1,237 reviews","كتاب ""الأيام"" أشهر من أن يعرّف، وهو بجانب قيمته الأدبية الرفيعة باعتباره طرازاً فريداً من السير الذاتية لشخصية أدبيه قل أن يجود الزمان بمثلها، وصدق وعذوبة وطلاوة أسلوب، وهى مزايا يكاد يستأثر بها، فإن هذا العمل يمهد لإحاطة القارئ بدنيا طه حسين والروافد الفكرية والثقافية التى شكلت مذهبه ومنهجه. وفي هذه الطبعة اجتمعت الكتب الثلاثة في مجلد واحد لتكون باقة من الذكريات والسطور المليئة بالصور التى جادت بها ذاكرة عميد الأدب العربي.","520 pages, Paperback",Arabic,"January 1, 1927"
21,عبقرية محمد,عباس محمود العقاد,"4.13 avg rating — 9,349 ratings",https://www.goodreads.com/book/show/3838932,4.13,"9,349 ratings","1,085 reviews","نبذة المؤلف: إنه لنافع لمن يقدرون محمداً، وليس بنافع لمحمد أن يقدروه؛ لأنه فى عظمته الخالدة لا يضار بإنكار، ولا ينال منه بغى الجهلاء، إلا كما نال منه بغى الكفار.. وإنه لنافع للمسلم أن يقدر محمداً بالشواهد والبينات التى يراها غير المسلم، فلا يسعه إلا أن يقدرها ويجرى على مجراه فيها.. لأن مسلماً يقدر محمداً على هذا النحو يحب محمداً مرتين: مرة بحكم دينه الذى لا يشاركه فيه غيره، ومرة بحكم الشمائل الإنسانية التى يشترك فيها جميع الناس. وحسبنا من ""عبقرية محمد"" أن نقيم البرهان على أن محمداً عظيم فى كل ميزان: عظيم فى ميزان الدين، وعظيم فى ميزان العلم، وعظيم فى ميزان الشعور، وعظيم عند من يختلفون فى العقائد، ولا يسعهم أن يختلفوا فى الطبائع الآدمية، إلا أن يرين العنت على الطبائع فتنحرف عن السواء وهى خاسرة بانحرافها، ولا خسارة على السواء. إن عمل محمد لكاف جد الكفاية لتخويله المكان الأسنى من التعظيم والإعجاب والثناء... إنه نقل قومه من الإيمان بالأصنام إلى الإيمان بالله، ولم تكن أصناماً كأصناه يويان، يحسب للمعجب بها ذوق الجمال إن فاته أن يحسب له هدى الضمير.. ولكنها أصنام شائهات كتعاويذ السحر التى تفسد الأذواق وتفسد العقول..فنقلهم محمد من عبادة هذه الدمامة إلى عبادة الحق الأعلى.. عبادة خالق الكون الذى لا خالق سواه، ونقل العالم كله من ركود إلى حركة، ومن فوضى إلى نظام، ومن مهانة حيوانية إلى كرامة إنسانية، ولم ينقله هذه النقلة قبله ولا بعده أحد من أصحاب الدعوات... إن عمله هذا لكاف لتخويله المكان الأسنى بين صفوف الأخيار الخالدين، فما من أحد يضن على صاحب هذا العمل بالتوقير ثم يجود بالتوقير على اسم إنسان. إلا أننا نمضى خطوة وراء هذا، حين نقول إن التعظيم حق ""لعبقرية محمد"" ولو لم تقترن بعمل محمد.. لأن العبقرية قيمة فى النفس قبل أن تبرزها الأعمال، ويكتب لها التوفيق، وهى وحدها قيمة يغالى بها التقويم.. فإذا رجح بمحمد ميزان العبقرية، وميزان العمل، وميزان العقيدة؛ فهو نبى عظيم وبطل عظيم وإنسان عظيم. وحسبنا من كتابنا هذا أن يكون بناناً تومىء إلى تلك العظمة فى آفاقها، فإن البنان لأقدر على الإشارة من الباع على الإحاطة، وأفضل من عجز المحيط طاقة المشير..","206 pages, Paperback",Arabic,"January 1, 1941"
22,عابر سرير,Ahlam Mosteghanemi,"3.59 avg rating — 14,333 ratings",https://www.goodreads.com/book/show/2501453._,3.59,"14,333 ratings",832 reviews,"كل ما أدريه أنني مذ غادرت الجزائر ما عدت ذلك الصحافي ولا المصوّر الذي كنته. أصبحت بطلاً في رواية، أو في فيلم سينمائي يعيش على أهبة مباغتة؟ جاهزاً لأمر ما.. لفرح طارئ أو لفاجعة مرتقبة. نحن من بعثرتهم قسنطينة، ها نحن نتواعد في عواصم الحزن وضواحي الخوف الباريسي. حتى من قبل أن نلتقي حزنت من أجل ناصر، من أجل اسم أكبر من أن يقيم ضيفاً في ضواحي التاريخ، لأن أباه لم يورثه شيئاً عدا اسمه، ولأن البعض صنع من الوطن ملكاً عقارياً لأولاده، وأدار البلاد كما يدير مزرعة عائلية تربي في خرائبها القتلة، بينما يتشرد شرفاء الوطن في المنافي. جميل ناصر، كما تصورته كان. وجميلاً كان لقائي به، وضمة منه احتضنت فيها التاريخ والحبّ معاً، فقد كان نصفه سي الطاهر ونصفه حياة. كانت شقته على بساطتها مؤثثة بدفء عن استعاض بالأثاث الجميل عن خسارة ما، ومن استعان بالموسيقى القسنطينية ليغطي على نواح داخلي لا يتوقف... رحت أسأل ناصر عن أخباره وعن سفره من ألمانيا إلى باريس إن كان وجد فيه مشقة. ردّ مازحاً: كانت الأسئلة أطول من المسافة! ثم أضاف أقصد الإهانات المهذبة التي تقدم إليك من المطارات على شكل أسئلة قال مراد مازحاً: واش تريد يا خويا.."" وجه الخروف معروف""! ردّ ناص: معروف بماذا؟ بأنه الذئب؟ أجاب مراد: إن لم تكن الذئب، فالذئاب كثيرة هذه الأيام. ولا أرى سبباً لغضبك. هنا على الأقل لا خوف عليك ما دمت بريئاً. ولا تشكل خطراً على الآخرين. أما عندنا فحتى البريء لا يضمن سلامته! ردّ ناصر متذمراً: نحن نفاصل بين موت وآخر، وذلّ وآخر، لا غير. في الجزائر يبحثون عنك لتصفيتك جسدياً. عذابك يدوم زمن اختراق رصاصة. في أوروبا بذريعة إنقاذك من القتلة يقتلونك عرياً كل لحظة، ويطيل من عذابك أن العري لا يقتل بل يجردك من حميميتك ويغتالك مهانة. تشعر أنك تمشي بين الناس وتقيم بينهم لكنك لن تكون منهم، أنت عارٍ ومكشوف ومشبوه بسبب اسمك، وسحنتك ودينك. لا خصوصية لك برغم أنك في بلد حر. أنت تحب وتعمل وتسافر وتنفق بشهادة الكاميرات وأجهزة التنصت وملفات الاستخبارات"".","319 pages, Paperback",Arabic,"January 1, 2003"
23,أمل دنقل: الأعمال الكاملة,أمل دنقل,"4.29 avg rating — 5,727 ratings",https://www.goodreads.com/book/show/5865674,4.29,"5,727 ratings",563 reviews,أن سيفان سيفك صوتان صوتك أنك إن متَ للبيت رب وللطفل أب هل يصير دمى -بين عينيك- ماء؟ أتنسى ردائى الملطخ.. تلبس -فوق دمائى- ثياباً مطرزة بالقصب؟ إنها الحرب قد تثقل القلب.. لكن خلفك عار العرب لا تصالح.. ولا تتوخَ الهرب! لا تصالح على الدم.. حتى بدم! لا تصالح! ولو قيل رأس برأس أكل الرؤوس سواء؟ أقلب الغريب كقلب أخيك؟! أعيناه عينا أخيك؟ وهل تساوى يد... سيفها كان لك بيد سيفها أثكلك؟ جئناك كى تحقن الدم.. جئناك. كن يا أمير- الحكم سيقولون ها نحن أبناء عم قل لهم إنهم لم يراعوا العمومة فيمن هلك وأغرس السيف فى جبهة الصحراء.. إلى أن يجيب العدم. إننى كنت لك. فارساً وأخاً أباَ وملك!,"478 pages, Paperback",Arabic,"January 1, 1987"
24,يوميات نائب في الأرياف,Tawfiq Al-Hakim,"3.90 avg rating — 10,394 ratings",https://www.goodreads.com/book/show/3482579,3.90,"10,394 ratings","1,302 reviews",يوميات نائب في الأرياف، رواية من تأليف توفيق الحكيم، صدرت عام 1937 ترجمت ونشرت بالفرنسية عام 1939 (طبعة أولى) وفى عام 1942 (طبعة ثانية) وفى عام 1974 و1978 (طبعة ثالثة ورابعة وخامسة بدار بلون بباريس وترجم ونشر بالعبرية عام 1945 وترجم ونشر باللغة الإنجليزية في دار (هارفيل) للنشر بلندن عام 1947 -ترجة أبا إيبان- ترجم إلى الأسبانية في مدريد عام 1948 وترجم ونشر في السويد عام 1955، وترجم ونشر بالألمانية عام 1961 وبالرومانية عام 1962 بالروسية 1961. الرواية ألفها توفيق الحكيم يسرد فيها مشاهدات من الحوادث والقصص التي عرضت عليه أثناء عمله في القضاء في أحد مناطق الريف المصري. وتدور أحداث الرواية حول معاناة هذا النائب القادم من القاهرة إلى الأرياف، وكيف يمضي وقته في محاربة البعوض والذباب والاصطدام مع المأمور وكاتب النيابة.,"160 pages, Paperback",Arabic,"January 1, 1937"
25,الفيل الأزرق,Ahmed Mourad,"3.79 avg rating — 65,188 ratings",https://www.goodreads.com/book/show/16031620,3.79,"65,188 ratings","6,288 reviews","بعد خمس سنوات من العُزلة الاختيارية يستأنف د. يحيى عمله في مستشفى العباسية للصحّة النفسية، حيث يجد في انتظاره مفاجأة.. في ""8 غرب""، القسم الذي يقرّر مَصير مُرتكبي الجرائم، يُقابل صديقاً قديماً يحمل إليه ماضياً جاهد طويلاً لينساه، ويصبح مَصيره فجأة بين يدي يحيى.. تعصِف المفاجآت بيحيى وتنقلب حياته رأسًا على عقب، ليصبح ما بدأ كمحاولة لاكتشاف حقيقة صديقه، رحلة مثيرة لاكتشاف نفسه.. أو ما تبقى منها.. يأخذنا أحمد مراد في روايته الثالثة إلى كواليس عالم غريب قضى عامين في دراسة تفاصيله، رحلة مثيرة مستكشف فيها أعمق وأغرب خبايا النفس البشرية..","386 pages, Paperback",Arabic,"January 1, 2012"
26,عصر العلم,Ahmed H. Zewail,"3.79 avg rating — 4,960 ratings",https://www.goodreads.com/book/show/2244796._,3.79,"4,960 ratings",524 reviews,"هذا الكتاب هو محاولة لفهم طبيعة هذا العصر، من العلم إلى ما وراء العلم..من إيرادات سياسية وطاقات اجتماعية وثقافات للشعوب. وعليه..فأن هذا الكتاب يجمع بين تجربة المؤلف الذاتية فى ""عصر من العلم"" ورؤيته الشخصية للعالم فى ""عصر العلم""7 This book is listed by","261 pages, Paperback",Arabic,"January 1, 2005"
27,أرض النفاق,يوسف السباعي,"4.08 avg rating — 7,681 ratings",https://www.goodreads.com/book/show/2927732,4.08,"7,681 ratings",971 reviews,هذه قصة النفاق والمنافقين وأرض النفاق ،قصة قد يكون فيها بعض الشطط وبعض الخيال ، ولقد كنت أنوي أن اختمها كما يختم كتاب القصة عادة قصصهم الخيالية على أنها حلم ، وعلى انى فتحت عينى فوجدت نفسى راقدا على الآريكة في الدار ولكن يخيل إلى أن ما بها من حقائق قد طغى على ما بها من خيال. يا أهل النفاق !! تلك هى أرضكم .. وذلك هو غرسكم ... ما فعلت سوى أن طفت بها وعرضت على سبيل العينة بعض ما بها.. فإن رأيتموه قبيحا مشوها ، فلا تلوموني بل لوموا أنفسكم ... لو موا الأصل ولا تلوموا المرآة . أيها المنافقون !! هذه قصتكم ، ومن كان منكم بلا نفاق فليرجمني بحجر.,"286 pages, Paperback",Arabic,"January 1, 1949"
28,في عينيك عنواني,فاروق جويدة,"4.06 avg rating — 3,144 ratings",https://www.goodreads.com/book/show/3280282,4.06,"3,144 ratings",249 reviews,قصائد,"155 pages, Paperback",Arabic,"January 1, 1990"
29,هكذا علمتني الحياة,مصطفى السباعي,"3.96 avg rating — 4,396 ratings",https://www.goodreads.com/book/show/2750285,3.96,"4,396 ratings",384 reviews,يعد هذا الكتاب مجموعة من الخواطر الخاصة بالمؤلف الجليل ، والتي كتبها في فترات متقطعة كانت تدفع إلى كتابتها مناسبات الأحداث ولقد دونت هذه الخواطر كما وردت ، غير مرتبة ولا مبوبة ويردف بعضها بعضا ، فالكتاب يعرضها كما هي حتى تعطي صورة صادقة للمواقف التي كتبت لها ، وهذه الخواطر هي خلاصة تجارب المؤلف في الحياة ، ولم ينقل شيئا من كتاب ولا استعان فيها بآراء غيره ، فالكتاب يقدم خبرة ونصحا من الحياة نفسها ، فخير النصح ما أعطته الحياة نفسها ، وأبلغ الموعظة ما اتصل بتجارب الحياة ذاتها ، وهذه الخواطر لا تتحدث عن المعاني الدقيقة التي تخطر في بال الفلاسفة ، وإنما كتبت بعيدة عن التعقيد والغموض ، وتشتمل هذه الخواطر على معان كثيرة نظرا لعمومها ، وتركت هكذا حتى يفهمها القارئ أو يفهم منها ما يشاء ما دام لفظها يحتمل فهمه ويدل عليه ، والخواطر قد تتناول فئات من الناس ، لم يقصد بها أشخاصا معينين ، وإنما قصدت كل من اتصف بتلك الصفات ، فالخواطر المتعلقة بهم خواطر نحو صفات معينة لا أشخاص معينين .,368 pages,,"January 1, 1997"
30,رأيت رام الله,Mourid Barghouti,"4.21 avg rating — 19,129 ratings",https://www.goodreads.com/book/show/3243517,4.21,"19,129 ratings","3,488 reviews","""رأيت رام الله"" كتاب فاز بجائزة نجيب محفوظ للإبداع الأدبي (1997) هل هي رام الله سرّ الإبداع المحقق!! أم أنها الثلاثون عاماً من الغربة أشعلت في القلب الحنين والاشتياق إلى ساكني رام الله!! أم أنه الوطن المحرم المنتظر على مشارف جسر العبور... جسر العودة ذاك الذي سكن في ذاكرة مريد البرغوثي بصرير خشبة، وبضيق مساحته وقصر طوله. هو ذاك الجسر القصير مشت عبره الذاكرة إلى ذاك الأفق الرحب المشبع برائحة الأهل والمترع بالصور القديمة الساكنة في الوجدان. مريد البرغوثي فاز بجائزة عبوره ذلك الجسر الخشبي الصغير وكأنه بتجاوزه تمكن من المثول أمام أيامه، وجعل أيامه تمثل أمامه، يلمس تفاصيل منها بلا سبب مهملاً منها تفاصيل أخرى بلا سبب، مثرثراً لنفسه عمراً كاملاً، في يوم عودته ومن حوله يحسبون أنه في صمت عبر الجسر المحرم عليه بعد ثلاثين عاماً، وفجأة انحنى ليلملم شتاته، كما يلمّ جهتي معطفه إلى بعضها في يوم من الصقيع والتلهف. أو كما يلملم تلميذ أوراقه التي بعثرها هواء الحقل وهو عائد من بعيد. وعلى مخدعه في تلك الليلة، ليلة العودة-لملم النهارات والليالي ذات الضحك، ذات الغضب، ذات الدموع، ذات العبث، وذات الشواهد الرخامية التي لا يكفيه عمر واحد لزيارتها جميعاً، من أجل تقديم الصمت والاحترام، وفي غمرة كل ذلك الروح شاحبة، والنفس ذابلة، وسؤال يقفز، ما الذي يسلب الروح ألوانها والنفس أنغامها؟!! وما الذي، غير قصف الغزاة أصاب الجسر؟. لملم مريد البرغوثي كل ذلك ليحكي في كتابه هذا رحلة عذاب فلسطين من خلال أسلوب قصصي شاعري رائع، جسد صدقه الإنساني المعذب والجميل.","263 pages, Paperback",Arabic,"January 1, 1997"
31,لافتات - المجموعة الكاملة,أحمد مطر,"4.33 avg rating — 4,204 ratings",https://www.goodreads.com/book/show/6145314--,4.33,"4,204 ratings",373 reviews,أحمد مطر شاعر حقيقي في زمن امتلأ بالشعارات الجوفاء وأصحابها الدهناء .. لم يكتب في الغناء أو يهتف للسلطان.. وإنما وجه كلماته وأشعاره لكل موطن فيه ظلم او عدوان ، وبرغم منفاه وأمراضه في الغربة إلا أنه صامد لا يزال يطلق الرصاص من فوهة قلمه. في هذا الكتاب أعمال (أحمد مطر ) الكاملة... لافتات صريحة مكثفة في صفحات المجلات والكتب واحتواها هذا الكتاب. إنه كتاب نقدمه لسكان الوطن العربية وصاحبه الذي لم يهنأ له عيش فذاب وانصهر في مأسى الوطن العربي برغم وداعه ومفارقته للأراضى العربية.,"812 pages, Hardcover",Arabic,"December 19, 1996"
32,كيف أصبحوا عظماء؟,سعد سعود الكريباني,"4.09 avg rating — 5,718 ratings",https://www.goodreads.com/book/show/2854462,4.09,"5,718 ratings",665 reviews,تعلّم خطوات النجاح ال 3 التي يتقنها العظماء : لقد أتقن تاكيو أوساهيرا الخطوة الاولى فنقل قوّة أوروبا إلى بلده اليابان، وأتقن بقي بن مخلد الاندلسي الخطوة الثانية فأستطاع أن يسافر ماشيًا على قدميه من أسبانيا إلى العراق، وأتقن توماس أديسون الخطوة الثالثة فأضاء العالم بمصباحه. من خلال البحث المستمر في مشكلة الطلبة الموهوبين غير المنجزين ومن خلال الاطلاع على أكثر من 500 كتاب في النجاح والتوفق والموهبة، شملت سيرة مئات الناجحين والعلماء والعظماء، لخصت لك في هذا الكتاب عوامل النجاح في ثلاثة جمل : ثلاثة خطوات، فإن أتقنتها فأنت إن شاء الله في ركب هؤلاء العظماء,"200 pages, Hardcover",Arabic,"January 7, 2007"
33,الأعمال الشعرية الكاملة,Mahmoud Darwish,"4.46 avg rating — 2,688 ratings",https://www.goodreads.com/book/show/6718801,4.46,"2,688 ratings",138 reviews,"عندما تهاجر أسراب السنونو مواطنها... تسمع في حفيف أجنحتها صوت موسيقى شعره... وعندما تقرأ محمود درويش... تسمع في سطوره... في معانيه أناشيد تلك الطيور المهاجرة... فتدرك أن تلك الطيور لم تكن تغني لتطرب... بل لتبوح بلوعة الحنين... ولتبكي مأساة الهجرة... ومحمود درويش لا ينظم شعراً... بل من معانيه تتناهي قصائد... فتتهادى الكلمات... تشد بعضها بعضاً... في تلقائية فطرية... ينغمس فيها الإحساس... تتماهى فيه ومعه... وترحل بعيداً في عالم قصائده... وتحس بكل لوعات التشرد وما معنى أن يكون الإنسان بلا وطن... ""وماذا جَنَيْنا يا أمّاه حتى نموت مرتين... هل تعلمين ما الذي يملأني بكاءً؟... هَبي مرضت ليلةً... وهَدَّ جِسْمِي الداء... هل يذكر المساء مهاجراً أتى هنا... ولم يعد إلى الوطن؟ هل يذكر المساء... مهاجراً مات بلا كفن..."" هكذا تنساب معانيه... تتداخل في الذات، ومجلدات تذوب في كلماتها المأساة... حيناً... أنيناً ألماً وشوقاً... فكل كلمة أهة... وكل عبارة صرخة... وكل قصيدة مدائن حزن وطن ساكن في الوجدان... وشعره... وطنه ألفباءه... بدايته وطن مسلوب في وضح النهار... ونهايته تشرد وحنين... وأهل بلا أبناء... وأولاد بلا أوطان... وإنسان بلا عنوان...",675 pages,Arabic,"January 1, 1973"
34,ديوان الإمام الشافعي,محمد بن إدريس الشافعي,"4.44 avg rating — 5,266 ratings",https://www.goodreads.com/book/show/2168850._,4.44,"5,266 ratings",611 reviews,يضم هذا الكتاب بين دفتيه كل ما وصل إلينا من شعر (الإمام الشافعي) هذا الشعر الذي يتسم بالسمة الأخلاقية؛ ولا غرابة في ذلك فهو العالم الفقيه الحافظ المحدث؛ الذي شغلته العلوم القرآنية والدينية عن سواها إلا ما جاء صاباً في الناحية الخلقية أو جانب الدعاء والابتهال أو مورداً حكمة أو مثلاً. وهكذا فإن شعر الشافعي ذو طعم ورائحة يختلفان عن شعر الشعراء الآخرين التقليديين... إنه شعر رجل الدين الذي يقول الشعر ناصحاً موجهاً مؤدباً، ولذا فقد قال الشعر مفتخراً بمقدرته على القريض غير أن الشعر في نظره يزرى بالعلم. ومع ذلك فقد جاء شعر الشافعي في أغراض متعددة تنبع من أفكاره، الداعية إلى الله جلّ جلاه، ورسوله صلى الله عليه وسلم، وقد وسمت قصائده بسمة السهولة والبساطة في التعبير والأسلوب.,"218 pages, Paperback",Arabic,"January 1, 820"
35,The Prophet,Kahlil Gibran,"4.23 avg rating — 333,600 ratings",https://www.goodreads.com/book/show/2547.The_Prophet,4.23,"333,600 ratings","17,524 reviews","Kahlil Gibran’s masterpiece, The Prophet, is one of the most beloved classics of our time. Published in 1923, it has been translated into more than twenty languages, and the American editions alone have sold more than nine million copies. The Prophet is a collection of poetic essays that are philosophical, spiritual, and, above all, inspirational. Gibran’s musings are divided into twenty-eight chapters covering such sprawling topics as love, marriage, children, giving, eating and drinking, work, joy and sorrow, housing, clothes, buying and selling, crime and punishment, laws, freedom, reason and passion, pain, self-knowledge, teaching, friendship, talking, time, good and evil, prayer, pleasure, beauty, religion, and death.","127 pages, Paperback",English,"January 1, 1923"
36,The Yacoubian Building,Alaa Al Aswany,"3.72 avg rating — 23,456 ratings",https://www.goodreads.com/book/show/128711.The_Yacoubian_Building,3.72,"23,456 ratings","2,074 reviews","This controversial bestselling novel in the Arab world reveals the political corruption, sexual repression, religious extremism, and modern hopes of Egypt today. All manner of flawed and fragile humanity reside in the Yacoubian Building, a once-elegant temple of Art Deco splendor now slowly decaying in the smog and bustle of downtown Cairo: a fading aristocrat and self-proclaimed ""scientist of women""; a sultry, voluptuous siren; a devout young student, feeling the irresistible pull toward fundamentalism; a newspaper editor helplessly in love with a policeman; a corrupt and corpulent politician, twisting the Koran to justify his desires. These disparate lives careen toward an explosive conclusion in Alaa Al Aswany's remarkable international bestseller. Teeming with frank sexuality and heartfelt compassion, this book is an important window on to the experience of loss and love in the Arab world.","256 pages, Paperback",English,"January 1, 2002"
37,وحي القلم,مصطفى صادق الرافعي,"4.35 avg rating — 4,968 ratings",https://www.goodreads.com/book/show/2932708,4.35,"4,968 ratings",383 reviews,"كتاب وحي القلم عمل أدبي لمصطفى صادق الرافعي، ويعتبر من أجمل ما كتبه الرافعي، يتكون الكتاب من ثلاثة أجزاء هي عبارة عن مجموعة من مقالاته النقدية والإنشائية المستوحاة من الحياة الاجتماعية المعاصرة والقصص والتاريخ الإسلامي المتناثرة في العديد من الصحف والمجلات المصرية المشهورة في مطلع القرن الماضي مثل: الرسالة، وجريدة المؤيد والبلاغ والمقتطف والسياسة وغيرها. يجمع الكتاب كل خصائص الرافعي الأدبية متميزة بوضوح في أسلوبه, كذلك يجمع كل خصائصه العقلية والنفسية متميزة بوضوح في موضوعه, ففيه خلقه ودينه, وفيه شبابه وعاطفته, وفيه تزمته ووقاره, وفيه فكاهته ومرحه, وفيه غضبه وسخطه, فمن شاء أن يعرف الرافعي عرفان الرأي والفكرة والمعاشرة فليعرفه في هذا الكتاب. بدأ الرافعي في كتابة هذه المقالات في عام 1934 كل أسبوع بصيغة مقالة أو قصة، ليتم نشرها أسبوعياً في مجلة الرسالة تناول الكتاب مواضيع اجتماعية وأخرى عن الوصف والحب، كما فيه مواضيع توضح ما التبس من حقائق الإسلام وآدابه وخلفياته وبعض جماليات القرآن ينتزع من الدنيا حقائقها، ويرسلها ضمن نصوص صيغت بصيغة القصة التي تنزع إلى لفت نظر القارئ إلى المغزى.","1050 pages, Hardcover",Arabic,"January 1, 1937"
38,مصرائيل,أحمد جمال الدين رمضان,"4.62 avg rating — 1,144 ratings",https://www.goodreads.com/book/show/197003394,,,,,,,
39,Impasse des deux palais,Naguib Mahfouz,"4.20 avg rating — 22,999 ratings",https://www.goodreads.com/book/show/84073625-impasse-des-deux-palais,4.20,"22,999 ratings","2,686 reviews","« La rue d’al-Nahhasin n’était pas une rue calme… La harangue des camelots, le marchandage des clients, les invocations des illuminés de passage, les plaisanteries des chalands s’y fondaient en un concert de voix pointues… Les questions les plus privées en pénétraient les moindres recoins, s’élevaient jusqu’à ses minarets… Pourtant, une clameur soudaine s’éleva, d’abord lointaine, comme le mugissement des vagues, elle commença à s’enfler, s’amplifier, jusqu’à ressembler à la plainte sibilante du vent… Elle semblait étrange, insolite, même dans cette rue criante… » N. M. C’est dans les rues du Caire que Naguib Mahfouz, le « Zola du Nil », a promené son miroir et capté toutes les facettes d’une société égyptienne en pleine évolution. Impasse des deux palais est le premier volume d’une trilogie qui comporte également Le Palais du désir et Le Jardin du passé. Naguib Mahfouz est le premier écrivain de langue arabe à avoir reçu, en 1988, le prix Nobel de littérature.",,,"January 1, 1956"
40,حديث الصباح والمساء,Naguib Mahfouz,"3.95 avg rating — 7,944 ratings",https://www.goodreads.com/book/show/3495914,3.95,"7,944 ratings",972 reviews,"هى رواية كل كائن وإنسان على وجه الأرض... نفس البداية والنهاية.. لا يختلف فيها صبى عن رجل عن امرأة عن فتاة مهما اختلفت وتباينت الأحداث. فهذا ""أحمد عطا المراكيبي"" العملاق ذو الجسم الطويل المنبسط .. يباشر الأعمال ويتولى المهام ويرجع في نهاية المطاف مثقل الأجفان ويسلم روحه منتصف الليل ، وأيضا ""حليم عبد العظيم داود"" ولد في أحضان الترف والغنى وهزمه المرض الذي أسلمه إلى الموت.. و"" صديقة "" ، ""رشوانة"" ، "" معاوية"" ، ""بليغ"".. وغيرهم ممن استعرض حياتهم في هذا الكتاب المبدع ونجيب محفوظ"" وكان من خلال تصويره لهم يصور حياة البشر أجمعين .. ويعلنها عالية واضحة لا فرار منها .. يعلن أن الحياة كما تبدأ بصرخة وليد تنتهى بشهقة الموت.. فهذه القصص جمعت من الأهل والأقارب و الآباء والأبناء ما يترجم هذه الفكرة ويجسدها أمام قارئ الراوية.. و في بساطة الفكرة وتكرار أحداثها مع شخصها.. كان عمق الفلسفة وإصرارها التى أرادها أديب نوبل .. أنها ليست قصة بعض الأشخاص وإنما هى قصة الحياة والموت والفلسفة التي تصدر منها والبلاغة التي تصيغ حبات الأحداث ودرر الكلم في مزيج أخرج من المعتاد شرابا جديدا لن نمل الإستمتاع به رشفة رشفة. تحميل رواية حديث الصباح والمساء لنجيب محفوظ من هذا الرابط http://goo.gl/IGK2St","216 pages, Paperback",Arabic,"January 1, 1987"
41,The Arabian Nights,Anonymous,"4.02 avg rating — 82,488 ratings",https://www.goodreads.com/book/show/93101.The_Arabian_Nights,4.02,"82,487 ratings","2,850 reviews","This volume reproduces the 1932 Modern Library edition, for which Bennett A. Cerf chose the most famous and representative stories from Sir Richard F. Burton's multivolume translation, and includes Burton's extensive and acclaimed explanatory notes. The tales told by Shahrazad over a thousand and one nights to delay her execution by the vengeful King Shahriyar have become among the most popular in both Eastern and Western literature, as recounted by Sir Francis Burton. From the epic adventures of ""Aladdin and the Enchanted Lamp"" to the farcical ""Young Woman and her Five Lovers"" and the social criticism of ""The Tale of the Hunchback"", the stories depict a fabulous world of all-powerful sorcerers, jinns imprisoned in bottles and enchanting princesses. But despite their imaginative extravagance, the Tales are anchored to everyday life by their realism, providing a full and intimate record of medieval Islam.'","1049 pages, Mass Market Paperback",English,"January 1, 800"
42,الفوائد,Ibn Qayyim Al-Jawziyya,"4.51 avg rating — 4,679 ratings",https://www.goodreads.com/book/show/3827274,4.51,"4,679 ratings",443 reviews,"هذا كتاب في الوعظ فريد من نوعه؛ حيث إنه يشتمل على التفسير والحكم والطرائف والآراء والنظرات الفلسفية في مختلف شئون الدنيا والدين، وكثيرًا ما يتناول فيه المصنف آية أو جزء آية فيفسرها تفسيرًا لم يسبقه أحد إليه، أو جزءًا من حديث أو حتى كلمة فيه فيبرع في إخراج المعاني القيمة والحكم المفيدة بسبك رائع وأسلوب عظيم راق؛ فقد اشتمل الكتاب على فوائد منثورة حول الإيمان والإسلام والقرآن ومعرفة الله والتوبة والأخلاق، وفضائل السور ومعاني القرآن والاعتقاد، وفوائد حول الأحاديث المختلفة، وحقيقة الدنيا، وحقيقة الآخرة، وفوائد مستفادة من سيرة النبي صلى الله عليه وسلم رابط التحميل: http://www.waqfeya.com/book.php?bid=1781 This book, Al-Fawaid: A Collection of Wise Sayings is one of the well-known compilations of Imam Shams Ad-Dm Ibn Qayyim Al-Jawziyyah, who is well known by the name Ibn Al-Qayyim (may Allah have mercy upon him). This blessed book is not like others that simply contain sections, chapters and themes, but it consists of the elevated thoughts that Allah, Exalted be He, bestows upon some of His servants as He wills. So whenever any of these scattered pearls of wisdom occurred to the Imam, he would immediately record them. I am sure that he did not sit down and write this book in one or two weeks, but surely it was developed over a long period of time. Whenever something came to his mind, he would record it, and whenever he learnt a lesson or anything crucial in his life, he would illuminate the lines of his page with the ink of his pen.",,,"January 1, 1350"
43,مقدمة ابن خلدون,Ibn Khaldun,"4.31 avg rating — 5,011 ratings",https://www.goodreads.com/book/show/2312486._,4.31,"5,011 ratings",462 reviews,كتاب في التاريخ وعلم الإجتماع، هذا الكتاب مقدمة لكتاب في التاريخ، أراد فيه ابن خلدون أن يشرح علم التاريخ وأحوال المجتمعات وسياستها وأسباب نشوئها، فإن كان علم الإجتماع يعود لمؤسس فلا شك أنه يعود لابن خلدون، وتعتبر المقدمة مرجعا مهما لكل باحث في التاريخ أو علم الإجتماع أو باحث في أسباب نشوء الأمم أو جغرافية وحدود كثير من الدول في تلك الفترة، سواء كان الباحث عربي أو أجنبي,"3864 pages, Hardcover",Arabic,"January 1, 1377"
44,رياض الصالحين من كلام سيد المرسلين,يحيى بن شرف النووي,"4.66 avg rating — 7,509 ratings",https://www.goodreads.com/book/show/2939264,4.66,"7,509 ratings",302 reviews,"An extremely popular and useful compilation of authentic hadith. Covering every aspect of Islamic belief and moral conduct, it selects approximately 2000 hadith from the six major collections: Bukhari, Muslim, Abu Dawood, Tirmidhi, An-Nasai and Ibn Majah. It serves as an excellent hadith primer and daily reader. Wide range of topics: sincerity of purpose, spending in the way of Allah, rules of fasting, seeking knowledge, attending funerals and safeguarding the Qur'aan. Arabic text as well as English translation are presented here in this handsome hardcover two volume set. Riyad-us-Saliheen comprises of about 2000 ahadiths in 372 Chapters and 19 Sections: The Book of Good Manners - The Book about the Etiquette of Eating - The Book of Dress -The Book of the Etiquette of Sleeping, Lying and Sitting, etc.- The book of Greetings - The Book of Visiting the Sick - The Book of Etiquette of Traveling - The Book of Virtues - The Book of I'tikaf - The Book of Hajj - The Book of Jihad - The Book of Knowledge - The Book of Praise and Gratitude to Allah - The Book of Supplicating Allah to Exalt the Mention of Allah's Messenger (PBUH) - The Book of the Remembrance of Allah - The Book of Du'a (Supplications) - The Book of the Prohibited Actions - The Book of Miscellaneous Ahadith of Significant values - and The Book of Forgiveness. رابط التحميل: http://www.waqfeya.com/book.php?bid=5160","510 pages, hardcover",Arabic,"January 1, 1263"
45,قمر على سمرقند,Mohamed Mansi Qandil,"3.87 avg rating — 14,128 ratings",https://www.goodreads.com/book/show/5607622,3.87,"14,128 ratings","2,287 reviews","""على "" و ""نور الدين "" ، الأول مصري والثاني سمرقندي .. رفيقا تلك الرحلة المدهشة ..جمعتهما المصادفة في سيارة تاكسي يقودها نور الدين إلى سمرقند حيث يبحث "" علي "" عن ""رشيدوف "" صديق أبيه القديم . يصف لنا نور الدين بدقة ، وكأننا نراه : صوته العميق وملامحه المملوكية ، لحيته الحمراء وعينيه الزرقاوتين ، ملامحه الغريبة وكأنها رسم خيالي لصور الأسلاف !!..يهيمن بقوة غير محدودة على رفيقه المصري وعلى السيارة المتهالكة التي تعود إلى عصر الشيوعية .. رجل يشتمل على كل تناقضات التاريخ : القدسية والغواية ، التدين والمجون ..وعربية ناصعة محكمة تراعي مخارج الحروف ، ووعي مستفيض بتاريخ تلك البقعة الأسطورية التي حكمت العالم الإسلامي قرونا طويلة ..على خلفية من خضرة زاهية منبسطة وحقول قطن متوهجة تبدأ رحلتنا الخيالية إلى سمرقند . ............ أيام غريبة – وكأنها حلم - سنقضيها في صحبة نور الدين دليلنا إلى عالم ما وراء النهرين الذي يختبئ فيه التاريخ خلف كل قطعة حجر"" د.أيمن الجندي","713 pages, Paperback",Arabic,"January 1, 2004"
46,شكلها باظت,عمر طاهر,"3.50 avg rating — 9,012 ratings",https://www.goodreads.com/book/show/3692151,3.50,"9,012 ratings",561 reviews,ألبوم أجتماعى ساخر,"203 pages, Paperback",Arabic,"January 1, 2003"
47,Season of Migration to the North,Tayeb Salih,"3.72 avg rating — 34,395 ratings",https://www.goodreads.com/book/show/669780.Season_of_Migration_to_the_North,3.72,"34,395 ratings","4,709 reviews","The story of a man undone by a culture that in part created him, Season of Migration to the North, is a powerful and evocative examination of colonization in two vastly different worlds. When a young man returns to his village in the Sudan after many years studying in Europe, he finds that among the familiar faces there is now a stranger - the enigmatic Mustafa Sa'eed. As the two become friends, Mustafa tells the younger man the disturbing story of his own life in London after the First World War. Lionized by society and desired by women as an exotic novelty, Mustafa was driven to take brutal revenge on the decadent West and was, in turn, destroyed by it. Now the terrible legacy of his actions has come to haunt the small village at the bend of the Nile.","176 pages, Paperback",English,"January 1, 1966"
48,العنكبوت,Mostafa Mahmoud,"3.83 avg rating — 13,771 ratings",https://www.goodreads.com/book/show/3790931,3.83,"13,771 ratings","1,816 reviews",رواية فلسفية في قالب خيال علمي تطرح أحد الأسئلة الأزلية عن مصير الروح,"98 pages, Paperback",Arabic,"January 1, 1965"
49,الطنطورية,Radwa Ashour,"4.36 avg rating — 29,308 ratings",https://www.goodreads.com/book/show/8239301,4.36,"29,308 ratings","5,128 reviews",الطنطورية (نسبة الى قرية الطنطورة الواقعة على الساحل الفلسطيني جنوب حيفا) ، تعرضت هذه القرية عام 1948 لمذبحة على يد العصابات الصهيونية ، تتناول الرواية هذه المذبحة كمنطلق و حدث من الاحداث الرئيسية ، لتتابع حياة عائلة اقتلعت من القرية وحياتها عبر ما يقرب من نصف قرن إلى الآن مرورًا بتجربة اللجوء في لبنان. بطلة الرواية هي امرأة من القرية يتابع القارئ حياتها منذ الصبا الى الشيخوخة. الرواية تمزج في سطورها بين الوقائع التاريخية من ناحية و الإبداع الأدبي من ناحية أخرى.,"463 pages, Paperback",Arabic,"January 1, 2010"
50,ما فعله العيان بالميت,Belal Fadl,"3.46 avg rating — 7,195 ratings",https://www.goodreads.com/book/show/5971096,3.46,"7,195 ratings",625 reviews,"يقول الكاتب الساخر بلال فضل في تقديم هذا الكتاب: ""طلبتْ مني دار الشروق مشكورة مأجورة أن أكتب نبذة عن نفسي كما جرت العادة، التي يزعم أهل دار الشروق أنها عادة حسنة، وأزعم أنا أنها ليست كذلك. الكذب خيبة، هذا ليس موقفًا مبدئيًّا ضد حق النبذة في الوجود، فالحقيقة ببساطة أنني بعد لأي ""لأيت"" نفسي عاجزًا بالجملة والقطاعي عن كتابة تلك النبذة المتمنعة، وأنا الذي ما شكوت يومًا بفضل الرب من كتابة نُبَذ الغريب قبل نُبَذ القريب. لذلك وبدلا من إعلان فشلي قررت أن أتمرد على مشيئة دار الشروق فأنبذ فكرة كتابة أي نبذة عن نفسي، ليس غرورًا لا سمح الله ولا ثقة إن شاء الله، بل لسبب بسيط، هو أنك بعون الله لو قرأت قصصي التي تضمها هذه المجموعة ولم تعجبك فلن تجدي أي نبذة في الدنيا في تعويضك عن وقتك الذي ضاع وفلوسك التي راحت، ولن تكون بحاجة إلى مَنْ يقول لك نبذة عن المؤلف، بل إلى من يشد على يدك ويقول لك عَوَضك على الله. أما إذا قرأت قصصي وأعجبتك كما أظن، فأظن عيبًا جدًّا أن تطلب بعد ذلك نبذة عني. وفي الحالتين، حصلتْ لنا البركة","127 pages, Paperback",Arabic,"November 1, 2008"
51,عزازيل,Youssef Ziedan,"4.03 avg rating — 52,390 ratings",https://www.goodreads.com/book/show/3554772,4.03,"52,390 ratings","5,864 reviews","تدور أحداث الرواية في القرن الخامس الميلادي ما بين صعيد مصر والإسكندرية وشمال سوريا، عقب تبني الإمبراطورية الرومانية للدين المسيحي، وما تلا ذلك من صراع مذهبي داخلي بين آباء الكنيسة من جهة، والمؤمنين الجدد والوثنية المتراجعة من جهة أخرى. ""ما أظن أني تمتعت بعمل من هذا القبيل.. ما أروع هذا العمل"" -- يحيى الجمل ""هذه الرواية عمل مبدع وخطير، مبدع لما يحتويه من مناطق حوارية إنسانية مكتوبة بحساسية مرهفة تمتزج فيها العاطفة بالمتعة، وخطير لأنه يتضمن دراسة في نشأة وتطور الصراع المذهبي بين الطوائف المسيحية في المشرق.. إن يوسف زيدان يتميز بالموهبتين، موهبة المبدع وموهبة الباحث، وكثيرا ما تتداخل الموهبتان في هذا العمل"" -- سامي خشبة ""لو قرأنا الرواية قراءة حقيقية، لأدركنا سمو أهدافها ونبل غاياتها الأخلاقية والروحية التي هي تأكيد لقيم التسامح وتقبل الآخر، واحترام حق الاختلاف، ورفض مبدأ العنف.. ولغة الرواية لغة شعرية، تترجع فيها أصداء المناجيات الصوفية، خصوصا حين نقرأ مناجاة هيبا لربه "" -- د. جابر عصفور ""يوسف زيدان هو أول روائي مسلم، يكتب عن اللاهوت المسيحي بشكل روائي عميق. وهو أول مسلم، يحاول أن يعطي حلولا لمشكلات كنسية كبرى.. إن يوسف زيدان اقتحم حياة الأديرة، ورسم بريشة راهب أحداثا كنسية حدثت بالفعل، وكان لها أثر عظيم في تاريخ الكنيسة القبطية"" -- المطران يوحنا جريجووريوس","470 pages, Paperback",Arabic,"January 1, 2008"
52,كزهر اللوز أو أبعد,Mahmoud Darwish,"4.07 avg rating — 6,343 ratings",https://www.goodreads.com/book/show/2073853._,4.07,"6,343 ratings",720 reviews,في هذا الكتاب يبدو أن محمود درويش ما زال قادراً على الإدهاش ومنح الشعر العربي مزيداً من الأناقة والجاذبية المسيطرة في وقت يتراجع فيه ذلك الشعر ويسترسل في هذيانية بائسة وجهل مطبق. هنا يسأل درويش الشعر ويقيم حواجز للبلاغة وينقضّ على العبارة المعلبة في تمرد أسلوبي على المعنى والصورة في سياق اختراق للمفاهيم المتعارف عليها والمكررة والمملة. إنها أسئلة الشعر الأصلية من السرير وفاتورة الكهرباء إلى نخلة السومرية إلى نيويورك إلى وردة أريحا.. ونحن نلهث وراء الشاعر الذي يسابق الزمن ويحاول المستحيل http://www.4shared.com/office/WfT0HKV...,202 pages,Arabic,"January 1, 2005"
53,الحب في المنفى,Bahaa Taher,"3.82 avg rating — 6,751 ratings",https://www.goodreads.com/book/show/3437956,3.82,"6,751 ratings",862 reviews,ـ «رواية كاملة الأوصاف» ـ د. علي الراعي - الأهرام «نموذج جديد للرواية الواقعية» ـ د. شكري عياد - الهلال «رواية نسجها مؤلفها باقتدار كبير» ـ د. جابر عصفور - الحياة «كأنى بهذا المبدع الكبير يريد أن يحفر في وجدان قارئه ما حدث.. حتى لاينساه أبدا» ـ فاروق عبد القادر - روزاليوسف «بهاء طاهر كاتب واضح مسيطر على مادته وأدواته. جديد في رؤيته ومتفرد في نوع أدائه. الصدق هو النبرة الأولى التي تصافحك في سطوره، والتوازن الموضوعي هو العلامة الواضحة التي يقيم عليها بناء نصوصه» -علاء الديب - صباح الخير,"254 pages, Paperback",Arabic,"January 1, 1995"
54,الأسود يليق بك,Ahlam Mosteghanemi,"3.62 avg rating — 64,960 ratings",https://www.goodreads.com/book/show/16081961,3.62,"64,960 ratings","6,153 reviews",ما من قصة حب إلا و تبدأ بحركة موسيقية ، قائد الأوركسترا فيها ليس قلبك، إنما القدر الذي يخفي عنك عصاه . بها يقودك نحو سلم موسيقي لا درج له، مادمت لا تملك من سيمفونية العمر لا ((مفتاح صول)) ..ولا القفلة الموسيقية. الموسيقى لا تمهلك، إنها تمضي بك سراعا كما الحياة، جدولا طربا، أو شلالا هادرا يلقي بك إلى المصب. تدور بك كفالس محموم، على إيقاعه تبدأقصص الحب ...و تنتهي. حاذر أن تغادر حلبة الرقص كي لا تغادرك الحياة. لا تكترث للنغمات التي تتساقط من صولفيج حياتك فما هي إلا نوتات,"331 pages, Paperback",Arabic,"January 1, 2012"
55,رحلتي الفكرية في البذور والجذور والثمر: سيرة غير ذاتية غير موضوعية,عبد الوهاب المسيري,"4.39 avg rating — 4,787 ratings",https://www.goodreads.com/book/show/3831344,4.39,"4,787 ratings",852 reviews,أصدرت دار الشروق طبعة جديدة من السيرة الممتعة للمفكر الكبير الدكتور عبد الوهاب المسيري. يرصد تحولاته الفردية في الفكر والمنهج ويؤرخ، فى الوقت نفسه، لجيل بأكمله، أو لقطاع منه. فتحولات صاحب هذه السيرة ليست بأى حال منبتة الصلة بما كان يحدث حوله. ومن هذا المنظور، تصبح أحداث حياة المؤلف لا أهمية لها فى حد ذاتها، وإنما تكمن أهميتها فى مدى ما تلقيه من ضوء على تطوره الفكرى. وقد فهم المؤلف كثيرًا من أحداث حياته الخاصة (الذاتية) من خلال نفس الموضوعات الأساسية الكامنة والمقولات التحليلية التى استخدمها فى دراساته وأبحاثه (الموضوعية)، وليس العكس. ولكن هذه الرحلة الفكرية، مع هذا، هى رحلة المؤلف الفردية، فهو الذى تفاعل مع ما حوله من تجارب منذ أن وُلد فى دمنهور ونشأ فيها إلى أن انتقل إلى الإسكندرية ومنها إلى نيويورك ثم أخيرًا إلى القاهرة حيث استقر به المقام. فإذا كانت هذه الرحلة الفكرية، سيرة غير ذاتية، فهى أيضًا سيرة غير موضوعية، سيرة إنسان يلتقي فى فضاء حياته الخاص بالعام، ولهذا فهو لا يذكر القضايا الفكرية المجردة وحسب، وإنما يشفعها دائمًا بأحداث من حياته أو اقتباسات من كتاباته تبين كيف ترجمت القضية الفكرية (العامة) نفسها إلى أحداث ووقائع محددة فى حياته الشخصية (الخاصة) وذلك بأسلوب المؤلف السلس والعميق والساخر. وهذه الطبعة الجديدة تتميز بعض الإضافات وأهمهما ملحق صور كبير يتناول رحلة المؤلف ومحطات حياته المختلفة.,"762 pages, Hardcover",Arabic,"January 1, 2000"
56,ماذا حدث للمصريين؟,Galal Amin,"3.94 avg rating — 4,455 ratings",https://www.goodreads.com/book/show/3438912,3.94,"4,455 ratings",480 reviews,أشهر كتاب لمفكر الكبير الدكتور جلال أمين يحلل فيه بطريقته السهلة العميقة ما حدث من تغيرات في حياة المصريين وطريقتهم خلال النصف قرن الماضي وذلك بأسلوب ساخر جذاب. فيتناول مثلا الطبقة الوسطى والتعصب الديني والمرأة والأسياد والخدم والهجرة واللغة العربية والسيارات الخاصة وأفراح الأنجال والتصييف والأغاني والأفلام ومواضيع أخرى,"192 pages, Mass Market Paperback",Arabic,"January 1, 1998"
57,زمن الخيول البيضاء,Ibrahim Nasrallah,"4.43 avg rating — 11,336 ratings",https://www.goodreads.com/book/show/6219415,4.43,"11,336 ratings","2,260 reviews","متزامنة مع الذكرى الستين لاحتلال فلسطين, تصدر (زمن الخيول البيضاء) رواية ملحمية استثنائية يتوج بها الشاعر والروائي إبراهيم نصرالله مشروعه الروائي الكبير ( الملهاة الفلسطينية ) الذي بدأ العمل عليه منذ عام 1985 , و الذي صدر منه ست روايات لكل رواية أجواؤها الخاصة بهاو شخوصها و بناؤها الفني و استقلالها عن الروايات الأخرى يتأمل نصرالله في هذا المشروع 125 عاما من تاريخ الشعب الفلسطيني برؤية نقدية عميقة و مستويات فنية راقية , انطلاقا من تلك الحقيقة الراسخة التي عمل عليها دائما و التي تقول بأن إيماننا بالقضايا الكبيرة يحتم علينا إيجاد مستويات فنية عالية للتعبير عنها","511 pages, Paperback",Arabic,"January 1, 2007"
58,الأندلس التاريخ المصور,طارق السويدان,"4.18 avg rating — 2,723 ratings",https://www.goodreads.com/book/show/2498049._,4.18,"2,723 ratings",243 reviews,التدريب والتدريس الإبداعي د. طارق السويدان,"520 pages, Paperback",Arabic,"April 1, 2005"
59,في صالون العقاد كانت لنا أيام,أنيس منصور,"4.09 avg rating — 3,200 ratings",https://www.goodreads.com/book/show/3599532,4.09,"3,200 ratings",400 reviews,ليس هذا عملا أدبيا فلسفيا تاريخيا دينيا شخصيا فقط، وإنما هو جيل.. عصر.. دنيا الأديب الكبير أنيس منصور الحائز على جائزة الدولة التشجيعية سنة 1963 وجائزة الدول التقديرية سنة 1982 .. وفي هذه الدنيا كل ملامح الجيل ، وعذاب العصر وحيوية التاريخ ، وروعة الفلسفة وحرارة الدين .. ثم هذا الضياع الذي عاشه أنيس منصور هو وجيله من الشبان.. وكان الأستاذ عباس العقاد هو العملاق والمثل الأعلى.. الهدف والطريق ... البداية والنهاية . أو كان البداية وكان قيب النهاية فيد التقى به وسمعه وبكى عليه وتحيرت قدماه بين كل عباقرة العصر الأحياء والأموات.. * ففي صالون العقاد احتشدت كل العقول والأذواق والضمائر وكل الحديد والنار والقلق والعذاب والأبهة والكبرياء وكل المعارك بين المبادئ والقيم.. * ولكن كاتبنا الكبير أنيس منصور، الذي أصدر سبعين كتابا خرج سالما غانما وفي يده هذا الذي بين يديك : متاب من أروع الكتب التى صدرت فيا لخمسين عاما الماضية في عالمنا العربي .. إنه صالون العقاد بقلم انيس منصور أو صالون أنيس منصور على ضوء العقاد أو هو العقاد من اختراع أنيس منصور. أيا اخترت من هذه المعاني فإن متعتك مضمونة .. وهى متعه لا نهاية لجمالها وعمقها مع كتاب العام وكل عام!,"667 pages, Paperback",Arabic,"January 1, 1983"
60,كيف تخطط لحياتك,صلاح الراشد,"3.88 avg rating — 1,772 ratings",https://www.goodreads.com/book/show/2422709._,3.88,"1,772 ratings",228 reviews,"يرى الدكتور صلاح الراشد أن السعداء الناجحين في التاريخ والحاضر هم أصحاب رسالة ورؤية، وأن الرسالة متعلقة بالسعادة والرؤية متعلقة بالنجاح ، ومن كان ذا رسالة نال السعادة، ومن كان ذا رؤية نال النجاح، ومن جمع بين الرسالة والرؤية جمع بين السعادة والنجاح. ويقول أن القاعدة تنص على:"" أنك إذا فشلت في التخطيط فقد خططت للفشل، وأنك إذا لم تخطط لحياتك أصبحت من ضمن مخططات الآخرين تلقائياً"". ويذكر أن ما نسبته أقل من 3% هم الذين يخططون فقط في الدنيا اليوم، وأن نسبة الأغنياء 1%، والمكتفين مادياً 4% فقط، ونسبة السعداء أقل من 3% في الدنيا، وهذه النسبة من الأغنياء والسعداء محصورة في الذين يخططون فقط. ويرى الراشد أنه من الخطورة أن يكون الإنسان بدون رسالة ورؤية، فضلاً عن المؤسسة والدولة والأمة، وأن عشرين ألفاً بخطة محكمة يكفون ليقوموا أمة عظيمة، وهو يدعو الأمة ـ الآن ـ لوضع رسالتها ورؤيتها ـ على الأقل ـ للمستوى الشخصي. في هذا الكتاب الفريد في طرحه وطريقته العملية يأخذك د. صلاح الراشد خطوة بخطوة لعمل التالي : رسم رسالتك في الحياة. وضع رؤية ال ""500 سنة"". حديد مخطط العشرين سنة. تحديد الخطة الخمسية. تعلم المتابعات الأسبوعية واليومية. تحديد رؤية الآخرة. كتابة خطة حياتك. تحديد الخطة العشرية. تحديد الخطة السنوية. سوف تخلص في نهاية الإصدار إلى وضع رسالة واضحة، ورؤية إستراتيجية محددة، تمنحك سبباً للحياة، وتعطيك راحة بعد الممات. في خلال هذا الكتاب سوف تكتب سيناريو حياتك، الذي حتماً سيتحقق وفق خطط. إننا نحقق يومياً ما خططناه بالأمس بعلم وبغير علم. في هذا الكتاب سوف تتعلم كيف تصنع حياتك بعلم. بيع من هذا الكتاب أكثر من 100.000 نسخة حتى الآن.",192 pages,Arabic,"January 1, 2001"
61,أعجب الرحلات في التاريخ,أنيس منصور,"3.99 avg rating — 3,503 ratings",https://www.goodreads.com/book/show/6083214,3.99,"3,503 ratings",269 reviews,هناك ثلاثة أنواع من الرحلات: أن تسافر أو أن تقرأ الكتب أو أن تقرأ كتب الرحلات .. وهناك فرق بين أن تسافر لتري البلاد وأن تسافر لتعرف الناس، والذي يسافر كثيرًا يعرف الكثيرين ولكنه يصادق القليلين، وكثيرون راحوا وجاءوا .. وجاءوا كما راحوا لم يتغير منهم شيء، وسبب ذلك أن نفوسهم صماء لم تنفتح علي شيء، والمثل يقول «حمار سافر فلن يعود حصانًا»؛ ولهذا كانت كتب الرحلات في أعماقنا وأعماق الآخرين وأعماق الدنيا؛ ولذلك كانت أروع الرحلات هي التي نقوم بها في رحلات الآخرين نري بعيونهم ونسمع بآذانهم، نرتمي في أحضانهم ونمشي علي الدنيا معًا.,"723 pages, Hardcover",Arabic,"January 1, 1971"
62,ديوان المتنبي,أبو الطيب المتنبي,"4.39 avg rating — 2,504 ratings",https://www.goodreads.com/book/show/6348484,4.39,"2,504 ratings",172 reviews,ديوان المتنبي كان المعري أول من جمعه في كتابه معجز أحمد فيه ما صح أنه للمتنبي، أفضل شعراء العرب قولا، و أجودهم معنى يحتوى ديوانه على أرقى المدحيات و أعنف الفخريات التي قيلت في تاريخ الشعر العربي,"444 pages, Hardcover",Arabic,"January 1, 1983"
63,نقطة النور,Bahaa Taher,"3.85 avg rating — 6,710 ratings",https://www.goodreads.com/book/show/2877205,3.85,"6,710 ratings",999 reviews,"يفتح بهاء طاهر نوافذ الفكر مشرعة على الاستقراءات الاجتماعية وحتى التاريخية ويدني القارئ أكثر وأكثر للاشتفافات الروحية. تنطلق عباراته شفافة في مدى الجانب الصوفي، وتأتي معانيه مترعة بالشوق واللهفة إلى بلوغ مراتب السموّ على دروب معالج السالكين. تتآلف هذه كله دونما نفور عند انعطافه للحديث عن الجسد وعن الإنسان بحالاته البشرية. وتتخذ هذه كلها لتشكل نقطة نور تضيء النفس بروعة الخيال الروائي المحتفل بعرس الحياة. هكذا يتحف بهاء طاهر القارئ بروايته ""نقطة النور"" المستمدة من واقع الحياة، ونقطة النور إنما هي رمز فلسفي يجسد فكرة تصالح الإنسان مع ذاته. الناس أجناس و النفوس لباس، و من تلبّس نفسا من غير جنسه.. وقع في الالتباس","302 pages, Paperback",Arabic,"January 1, 1999"
64,ليالي ألف ليلة,Naguib Mahfouz,"4.11 avg rating — 10,149 ratings",https://www.goodreads.com/book/show/5996777,4.11,"10,149 ratings","1,519 reviews",ليالي ألف ليلة وليلة معاصرة... ومملكة شهريار مدائن معاني تضج في خيال نجيب محفوظ... وشهرزاد رمزاً ينسحب... يتسلل من الماضي كاسم ليكون شهرزادات وليكون شهريار شهريارات ولتأتي الحكاية حكاية كل زمان وكل مكان... تحدث بالقهر... بالتسلط والمعاناة.... ويقف نجيب محفوظ خلف سطوره... وبين ثنايا معانيه يحركها وكأنه الواقف خلف ستار مسرح الدمى... يحرك عرائسه... يبدل أثوابها... يزخرفها... يلونها بألف لون ولون... ليغدو القارئ المشاهد أسير عالمه ويعود بذاكرته إلى الوراء... ليدنو إلى ما يسفر عنه الحاضر,"298 pages, Paperback",Arabic,"January 1, 1979"
65,تلك العتمة الباهرة,Tahar Ben Jelloun,"4.26 avg rating — 13,706 ratings",https://www.goodreads.com/book/show/3127736,4.26,"13,706 ratings","2,606 reviews",,"223 pages, Paperback",Arabic,
66,دماغي كده,Ahmed Khaled Towfik,"3.88 avg rating — 3,956 ratings",https://www.goodreads.com/book/show/6774781,3.88,"3,956 ratings",307 reviews,مجموعة من المقالات المتنوعة للرائع أحمد خالد توفيق تنتاول أحوالنا الاجتماعية والسياسية والعلمية والفنية بأسلوبه الساخر المميز .. قد نتفق أو نختلف حول الآراء المطروحة خاصة السياسية منها لكنها تظل جولة ممتعة فى دماغ المؤلف.,"286 pages, Mass Market Paperback",Arabic,"January 1, 2008"
67,البخلاء,Al-Jahiz,"3.81 avg rating — 3,411 ratings",https://www.goodreads.com/book/show/6315308,3.81,"3,411 ratings",395 reviews,يتناول الجاحظ في كتابه صفة البخل من خلال مجموعة من القصص والحكايات والنوادر الطريفة والمضحكة التي تصف سلوك وتصرفات البخلاء الذين قابلهم في حياته. لم يكن هدفه مجرد السخرية، بل كان يهدف إلى نقد هذه الصفة السلبية وأثرها على الفرد والمجتمع، وتشجيع القيم الأخلاقية مثل الكرم. يتميز أسلوب الجاحظ في الكتاب بما يلي: الواقعية والوصف الدقيق: يصور الجاحظ البخلاء تصويراً واقعياً وحسياً ونفسياً، مبرزاً حركاتهم ونظراتهم القلقة أو المطمئنة. الفكاهة والسخرية: يستخدم الجاحظ أسلوباً ساحراً وساخراً لجعل القارئ يضحك من هؤلاء الشخصيات دون أن يكرههم. الحوار الحي: يعتمد الكاتب على كثرة استخدام أسلوب الحوار بين الشخصيات، ممزوجاً أحياناً بألفاظ عامية لتقريب الصورة الحسية من ذهن القارئ. الدراسة الاجتماعية: يعتبر الكتاب وثيقة تاريخية هامة تعكس الحياة الاجتماعية والثقافية في ذلك العصر.,259 pages,Arabic,"January 20, 1969"
68,الروح,Ibn Qayyim Al-Jawziyya,"4.15 avg rating — 3,648 ratings",https://www.goodreads.com/book/show/2750303,4.15,"3,648 ratings",390 reviews,هذا كتاب عظيم النفع جليل القدركثير الفائدة ما صنف مثله في معناه فلا تكاد تجد ما تضمنه من بدائع الفوائد وفوائد القلائد في كتاب سواء ويشتمل علي جملة من المسائل تتضمن الكلام علي أرواح الأموات والأحياء بالدلائل من الكتاب والسنة والآثار وأقوال العلماء الأخيار لا أدري أسئل مصنفة قدس الله روحه عنها فأجاب أم سئل عن البعض ولكن هو أطال الخطاب فإني رأيته مجردا عن خطبة وسؤال أصلا مبتدئا فيه بقوله ( أما فأحببت بعد استخارة الله سبحانه وتعالي أن افتتحه بهذه الخطبة المباركة العظيمة لكونه كتابا في ضمن مسائله التي تتأملها وتشاهدها كل درة يتيمة لينشرح صدر الناظر فيه .,363 pages,Arabic,"January 1, 1320"
69,خلق المسلم,Muhammad Al-Ghazali,"4.39 avg rating — 4,462 ratings",https://www.goodreads.com/book/show/6048350,4.39,"4,462 ratings",414 reviews,"This is a translation of Khuluq al-Muslim in American English. The book presents the comprehensive nature of Islamic morality which covers all aspects of life - public as well as private, religious as well as social, economic as well as political. Islamic morality is not limited to Muslim society but it extends to human society.",212 pages,Arabic,"January 1, 1987"
70,كتاب مالوش اسم,أحمد العسيلي,"3.38 avg rating — 7,124 ratings",https://www.goodreads.com/book/show/6681613,3.38,"7,124 ratings",731 reviews,وانا صغيّر كان فيه حلم يقظة بيجيلي كتير جدًّا؛ قال خير اللهم اجعله خير، طالع انا في التليفزيون بَقُول نظريات وأفكار ورأيي في كل حاجة في الدنيا، والمذيعة الحلوة منبهرة جدًّا بكل كلمة بقولها. وقاعد انا بقه مُنْجَعِصْ بثقة في الكرسي بتاعي ومكتوب تحت صورتي بالبنط العريض «المفكّر الكبير: أحمد العسيلي». حلم غريب جدًّا طبعًا. هي دي شغلانة يحلم بيها طفل دي؟ المفكّر الكبير؟! بس الحمد لله.. جزء من النبوءة تحقق.. بَطْلَع في التليفزيون وفي الراديو وبَكتب مقالات وكمان بَكتب كتاب اهه.. بس الأهم، لإنه السبب في كل ده.. إني على طول بَفكّر.. بَفكّر.. بَفكّر.. أحمد العسيلي,"193 pages, Paperback",Arabic,"January 1, 2009"
71,السقا مات,يوسف السباعي,"4.15 avg rating — 4,292 ratings",https://www.goodreads.com/book/show/3930100,4.15,"4,292 ratings",494 reviews,"حدثت هذه القصة حوالي عام 1921 في حي الحسينية ومازال مسرح حوادثها قائما كما هو، وقد تكون كف السنين بدلت وجهه بالفناء والهدم، والبناء والتنظيم.. إلا أن الكثير من علاماته المميزة مازالت قائمة على حالها لم يخن عليها الدهر، ولم يبدلها الزمن. وأشهر هذه العلامات وأشدها ارتباطًا بقصتنا صنبور المياه الحكومي. القائم في إحدى زوايا درب السماكين، أمام كشك صغير تربع فيه ""سيد الدنك"" المانح المانع، الآمر الناهي في مياه الحي. الحاكم بأمره في صف طويل عريض من النسوة ذوات الصفائح، والرجال ذوي القرب. وكم أود لو وضعت القارئ في مسرح القصة وجعلته يتجول في أزقته وحواريه، ويراها رأى العين.. ولكنني أشك كثيرا في أن قارئ هذا الجيل يستطيع الوصول بسهولة إلى هذه الربوع القديمة التي دالت دولتها وأدبر عزها وعفى جمالها وزال سؤددها، وأضحت قصورها أطلالا بالية ودمنا عافية.. ومع ذلك فليس أحب إلى من التطوع بقيادته إلى هناك واصطحابه في جولة قصيرة سريعة، تعطى له مجرد فكرة سطحية عابرة عن المكان، الذي أوشك أن أزج به إليه. واضعه فيه، خلال فترة قراءته لهذه القصة.","333 pages, Paperback",Arabic,"January 1, 1952"
72,نيران صديقة,Alaa Al Aswany,"3.27 avg rating — 7,145 ratings",https://www.goodreads.com/book/show/5520516,3.27,"7,145 ratings",538 reviews,"كما برع علاء الأسواني في كتابة الرواية، فقد برع أيضا في كتابة القصة القصيرة. وفي هذا الكتاب تنفرد دار الشروق بنشر الأعمال القصصية المجمعة لمؤلف ""عمارة يعقوبيان"" في كتاب واحد. وهي القصص التي نشرت من قبل في مجموعتين قصصيتين نفدتا منذ مدة طويلة وهما:""الذي اقترب ورأى"" و""جمعية منتظري الزعيم"" ثم نشرت مختارات منهما تحت عنوان ""نيران صديقة"" عام 2004 وتقدم القصص تحليلا رائعا للمجتمع المصري في صورة نابضة وواقعية لقاهرة اليوم","225 pages, Paperback",Arabic,"January 1, 2004"
73,حب في أغسطس (فانتازيا، #36),Ahmed Khaled Towfik,"4.17 avg rating — 1,826 ratings",https://www.goodreads.com/book/show/6279483,4.17,"1,826 ratings",235 reviews,هناك قصص حب في كل فصول السنة.. لكننا اليوم نحكي عن قصة حب في (أغسطس).. في عالم قرر كل ما فيه أن يكون قبيحًا أو سوقيًا أو فظًا أو قاسيًا أو متعجرفًا أو غامضًا، فإن بعض الكلام عن الرومانسية لن يؤذي أحداً..لماذا (أغسطس) بالذات ؟.. لا.. ليس هذا نوعًا من أدب المناسبات.. إن القصة تبدأ كما يلي,"154 pages, Paperback",Arabic,"July 1, 2006"
74,الطيبيون,أدهم العبودي,3.70 avg rating — 333 ratings,https://www.goodreads.com/book/show/22493251,3.70,333 ratings,83 reviews,"رواية الطيبيون هي الرواية الأولى في العالم التي تسرف تفاصيل الحرب التي خاضها ملوك أسرة الأناتفة لأكثر من مئتي سنة لاسترداد المُلك لطيبة رغم كثرة الروايات العربية والأجنبية إلا أن أحدا لم يلتفت من قبل لهذه الأسرة المؤثرة بقوة في تاريخ مصر القديم والتي صنعت أسطورة ""طيبة"" التي يتحاكى عنها الأولون والآخرون *** ""أدهم العبودي"" مستقبل الرواية في مصر والوطن العربي، يكتب بلغة عالمية. لا ينافسه أحد، ولا يقاربه أحد في موهبته، له عالمه بخصوصيّته الفريدة، ولا أجد أنّ كاتبًا يمتلك مثلما يمتلك ""أدهم"" من تميّز. (بهاء طاهر) أنا من اللذين تأسرهم التفاصيل، وأرى هنا عينًا لاقطة بمهارة وتفاصيل ممتعة وسرد مشحون. شكرًا للمتعة. (أمير تاج السّر) ""الطيبيون"" لغة مكتوبة كالأقانيم، إذ تجدها تنحت كلماتها وبها روح ""الكرنك""؛ المعبد القديم. يمنحك ""أدهم العبودي"" معمارًا متفرّدًا، كما يمنحك رائحة وطعم الزمن وتقلّباته. رواية فارقة، ولغتها وصفية بامتياز. (محسن يونس) *** من أجواء الرواية .... في سهاد المساء الرخيم، تخلد ""الكرنك"" إلى النوم، ربما مبكّرًا، ربما من شدّة السأم، إنّما تخلد إلاّ من أساطيرها التي لن تغفو متى ظلّ الزمن؛ تلك المحفورة في أذهان الأجيال وفوق جدران المعابد، ومن بعض الرجال الذين يخرجون لقضاء الأمسية في بار ""التِرس"" يحتسون البيرة وعرق البلح والزبيب ويدخّنون الحشيش. الأجواء هادئة تمامًا، والريح الخفيفة لم تزل تعبث بقمم النخيل الباسقة في كلّ المساحات، فيبدو وشيشها ملائمًا للسكون. كانت ""الكرنك"" غافية.. شاغرة.. إلاّ من هؤلاء، ومن ""ممدوح"" المحنّي فوق مياه ""الملاّحة"" يتشطّف من أشياء وأشياء، قديمها وجديدها، طالما تذكّرها فغاج فؤاده ونبض متقرّحًا. فمه يهمهم بالدعوات والأوراد، كدأبه في كلّ مساء. انتبه على لهاث ""عبيد"" المُقبل من بعيد، فاعتدل وبدا مغشيّ البصر، كأنّما دمعًا لم يزل مقترنًا بالدعوات شحيحة الأمل، مضى يستوضح ببصره، مطّ رأسه فبان له الطريق، ولمح جسد ""عبيد"" الآتي هرولة، كان وجهه مليئًا بالعرق وبالرعب، فاستقام ناهضًا، نفض عن يديه بقايا قطرات ماء الملاّحة، ومسح بكمّ جلبابه وجهه، بدا أنّ ""عبيد"" وجد أخيرًا من ينتزعه من فزعه، صاح بصوت عال من قبل حتّى أن يستشرف عن هوية ""ممدوح"": - الحقني، الحقني ربنا يبارك فيك. في برود تلقائي، وعلى مضض، وفي نبرة غير حافلة، قال ""ممدوح"": - خير...؟! وهمّ يزجره، لكن دنا ""عبيد"" منه، بسرعة رمى بجسده عليه كمن عثر على ضالّة مفقودة، كان يلهث مثل جرو، وكانت له رائحة قبو مغلق، أسمال جلبابه المتهرئ مليئة باتّساخات قديمة تبعث على التقزّز والقشعريرة، فغر ""ممدوح"" فاه، أدرك أنّ في الأمر خطبًا ليس هينًا.. ""وهل هذا وقته!"".. تطلّع للحظة نحو ""عبيد"" ولبث يأوي لتركيز واهن، إضاءة عامود النور في الأعلى الساقطة عليهما تكشف عن كلّ ملامح ""عبيد"" فيبدأ يستعيد بها كذلك تركيزه، خدّاه مرتّعان بشروخ محفورة واضح أنّها منذ زمن ليس بقريب، تركت فوق وجهه أمارات القبح وسمات اللصوصية، في الواقع هذه هي المرّة الأولى التي يتفحّصه فيها عن قرب، كان يراه قبلًا ككلّ أهل المدينة، واحدًا من أولئك اللصوص المدشّنين بالاحتقار، الذين يسطون على أحواش البهائم في العشيّة وتحت جنح الظلام، من دون أن يتمكّن من القبض عليه أحد، رغم أنّهم يعلمون بما لا يدع مجالًا لريب أنّ من يختلس بهائهم هو ""عبيد"" وعصابته، ذلك إن كانت له عصابة، كان يراه من بعيد ولا يحفل في التدقيق في ملامحه، يبتسم له ابتسامة فاترة على مضض، أو يرفع له يده نصف رفعة كأنّه يقول: (غور)، ثم يمضي عنه ببصره في امتعاض، إنّما ماله يشعر الآن أنّ عليه أن يشاطره الرعب الذي أفضى به إلى طريقه؟ ربما الفضول، وربما الشفقة، وربما القليل من التسرية. راح يتفحّصه بإمعان، لم يكن طويلًا ذلك الطول ولا نحيفًا كما بدا ذي قبل، ولا قبيحًا للدرجة، بل كان مرتجفًا خائفًا ممّا ينفي عنه هيبة أنّه لصّ ونطّاط بيوت، ضحك في نفسه ضحكة مفتقدة وقال: أنت حرامي بهائم، أدعى بالفعل أن تكون أكثر خزيًا وانكسارًا ورعبًا عند مقابلة الخلق، ولابد أنّ واحدًا ممّن سطوت على بهيمته الليلة يلاحقك بالسلاح. أخذ في التطلّع له وهو يرتجف مثل عريان في ليلة شتاء قارص، بشكل أكثر تدقيقًا، انتابه للحظة إحساس بالقرف، من وجهة نظر ""ممدوح"" سرقة البهائم أدنى مستويات الإجرام وأقلّها شرفًا. كان فم ""عبيد"" يدلق اللعاب من غير وعي أو اتّزان، وعيناه مغيّمتان لا تستقران في نظرة محدّدة، أكمل في تهدّج وفي لوعة: - أستاذ ""ممدوح"".. حمدًا لله. - مالك...؟! اهدأ... - ""عيط الله""... ابتسم ""ممدوح""، ربما أدرك في قرارة نفسه أيضًا منذ أن رآه بمثل تلك السحنة الشاحبة أنّ احتمال الخرافة وراء الحكاية ليس بناءٍ، الليل في ""الكرنك"" يحمل في ثنايا هدوئه ورونقه الكثير من شاكلة ""عبيد""، هؤلاء الذين يقسمون أنّهم رأوا ""عيط الله"" فروّعهم، لم تكن المرّة الأولى التي يقابل فيها الفارّين منه، أو من غيره من شخوص الأساطير التي يختزلها المكان، إنّما لا يصدّق في الغالب إلاّ ما يستقر له وجدانه أو ما يرى بعينيه، أكمل ""عبيد"" كأنّه يهذي: - رأيته بعيني.. والله رأيته.. شكله أستغفر الله.. وشرّ الدنيا ينطّ من عينيه.. وأخذ يتلفّت حوله بنفس الفزع، ثم أضاف: - أظنني أضعته.. هه.. لن يخرج خلفي من المعبد.. ملعون ابن الكلب.. صح يا أستاذ ""ممدوح""؟!","294 pages, Unknown Binding",,"January 1, 2014"
75,بداية ونهاية,Naguib Mahfouz,"4.11 avg rating — 8,559 ratings",https://www.goodreads.com/book/show/5954846,4.11,"8,559 ratings",905 reviews,"قد يلفت انتباهك اسم الرواية ""بداية ونهاية ""، ويتركك حائرًا متسائلًا، بداية ماذا؟ ونهاية ماذا؟ وسرعان ما ستتبدد تلك التّساؤلات من خلال سير الأحداث، فتدرك أنّ اسم الرّواية يختصر قصّتنا في كلمتين، ويضعها في إطار مُتقن، رسم كاتبنا من خلاله أحداث قصّته، موضّحا أنّ النّهاية لتلك القصّة ما هي إلّا المصير المحتوم لبدايتنا، فالبداية كانت بالموت والنّهاية مع الموت، وما بينهما ما هو إلّا مجموعة من التّفاصيل والأحداث تتناول شخصيّات القصّة و تضحياتها، كيف بدأت كلّ منها؟ وكيف انتهت؟ هذا ما سيعرضه لنا الكاتب بإتقان محكم ونسيج متقن، فقد صال وجال في بحور اللّغة وألوانها، ممّا لن يدع مجالا للشّكّ في نفسك بأنّ ما ينقله هو صورة طبق الأصل لواقع نحياه، وستجد نفسك وقد ارتبطت بأبطاله وألفتهم، حتى بتّ تحيا معهم، فمصابهم مصابنا، وحزنهم حزننا، بكينا كما بكوا، وضحكنا حين ضحكوا.","412 pages, Paperback",Arabic,"January 1, 1949"
76,ماذا علمتني الحياة؟,Galal Amin,"3.99 avg rating — 4,169 ratings",https://www.goodreads.com/book/show/6016941,3.99,"4,169 ratings",613 reviews,ماذا علمتنى الحياة منذ سنوات كثيرة، رأيت فيلما بولنديا صامتا لا يزيد طوله على عشر دقائق، ظلت قصته تعود إلى ذهنى من وقت لآخر، وعلى الأخص كلما رأيت أحدًا من أهلى أو معارفى يصادف فى حياته ما لا قِبَلَ له بردّه أو التحكم فيه. تبدأ القصة البسيطة بمنظر بحر واسع، يخرج منه رجلان يرتديان ملابسهما الكاملة، ويحملان معا، كل منهما فى طرف، دولابا عتيقا ضخما، يتكون من ثلاث ضلف، وعلى ضلفته الوسطى مرآة كبيرة. يسير الرجلان فى اتجاه الشاطئ وهما يحملان هذا الدولاب بمشقة كبيرة، حتى يصلا إلى البرّ فى حالة إعياء شديد، ثم يبدآن فى التجول فى أنحاء المدينة وهما لا يزالان يحملان الدولاب. فإذا أرادا ركوب الترام حاولا صعود السلم بالدولاب وسط زحام الرّكاب وصيحات الاحتجاج. وإذا أصابهما الجوع وأرادا دخول مطعم، حاولا دخول المطعم بالدولاب فيطردهما صاحب المكان. لا يحتوى الفيلم إلا على تصوير محاولاتهما المستميتة فى الاستمرار فى الحياة وهما يحملان دولابهما الثقيل، إلى أن ينتهى بهما الأمر بالعودة من حيث أتيا، فيبلغان الشاطئ الذى رأيناه فى أول الفيـلم، ثم يغيبـان شيئًا فشيئًا فى البـحـر، حيث تغمرهما الميـاه وهمـا لا يزالان يحملان الدولاب. منذ رأيت هذا الفيلم وأنا أتصوّر حالى وحال كل من أعرف وكأن كلاً منا يحمل دولابه الثقيل، يأتى معه إلى الدنيا ويقضى حياته حاملا إيّاه دون أن تكون لديه أية فرصة للتخلص منه، ثم يموت وهو يحمله. على أنه دولاب غير مرئىّ، وقد نقضى حياتنا متظاهرين بعدم وجوده، أو محاولين إخفاءه، ولكنه قدر كل منا المحتوم الذى يحكم تصرفاتنا ومشاعرنا واختياراتنا أو ما نظن أنها اختياراتنا. فأنا لم أختر أبى وأمى أو نوع العائلة التى نشأت بها، أو عدد إخوتى وموقعى بينهم، ولم أختر طولى أو قصرى، ولا درجة وسامتى أو دمامتى، أو مواطن القوة والضعف فى جسمى وعقلى. كل هذا علىّ أن أحمله أينما ذهبت، وليس لدىّ أى أمل فى التخلص منه,"399 pages, Paperback",Arabic,"May 1, 2007"
77,النبطي,Youssef Ziedan,"3.44 avg rating — 15,064 ratings",https://www.goodreads.com/book/show/9666241,3.44,"15,064 ratings","1,837 reviews",تدور أحداث الرواية فى العشرين سنة التي سبقت فتح مصر، ويظهر في بعض مشاهدها الفاتح عمرو بن العاص وزوجته ريطة (رائطة) والصحابي حاطب بن أبى بلتعة، إضافة إلى شخصيات خيالية يكشف من خلالها النص الروائي عن طبيعة الحياة والإنسان والاتجاهات الدينية التي كانت سائدةً في المنطقة الممتدة من دلتا النيل إلى شمال الجزيرة العربية، في الوقت الذي ظهر فيه الإسلام وانتشر شرقاً وغرباً.,"381 pages, Paperback",Arabic,"January 1, 2010"
78,طبائع الاستبداد ومصارع الاستعباد,Abd al-Rahman al-Kawakibi,"4.19 avg rating — 10,670 ratings",https://www.goodreads.com/book/show/2312458._,4.19,"10,670 ratings","1,817 reviews",هذا بحث كتبه عبد الرحمن الكواكبي في موضوع الاستبداد مستعرضاً طبائعه وما ينطوي عليه من سلبيات تؤدي إلى خوف المستبد وإلى الاستيلاء الجبن على رغبته إلى جانب انعكاسات الاستبداد على جميع مناحي الحياة الإنسانية بما فيه الدين والعلم والمجد والمال والأخلاق والترقي والتربية والعمران ومن خلال التساؤلات يشرح من هم أعوان المستبد وهل يمكن أن يتحمل الإنسان ذلك الاستبداد وبالتالي كيف يكون الخلاص منه وها هو البديل عنه.,"157 pages, Paperback",Arabic,"January 1, 1902"
79,مشاغب,أحمد جمال الدين رمضان,"4.41 avg rating — 1,110 ratings",https://www.goodreads.com/book/show/196930486,4.41,"1,110 ratings",318 reviews,مجموعة قصصية متنوعة تجمع ما بين القصة الساخرة، الاجتماعية، الرعب، وحتى القصص المبنية على أحداث حقيقية,"144 pages, Paperback",Arabic,"January 1, 2024"
80,أحببتك أكثر مما ينبغي,أثير عبدالله النشمي,"3.55 avg rating — 54,937 ratings",https://www.goodreads.com/book/show/7119070,3.55,"54,937 ratings","5,721 reviews","""أجلس اليوم إلى جوارك، أندب أحلامي الحمقى.. غارقة في حبي لك ولا قدرة لي على انتشال بقايا أحلامي من بين حطامك..""، ""أحببتك أكثر مما ينبغي، وأحببتني أقل مما أستحق!"" تبدأ الكاتبة السعودية روايتها بنفس المقطع الذي تنتهي به، لتروي بينهما قصة ""جمانة"" و""عزيز"" التي ""لن تنتهي!"". تبوح المرأة بتفاصيل مشاعرها تجاه الرجل الذي تحب، والأهم أنها تحاول التعبير عن حالتها الذهنية في تناقضها الحتمي مع حالة الحب الذي تكنّ. فالشرخ الذي يولّد عذابات جمة لا دواء لها، لا بد قائم بين عقلها وقوة مشاعرها، وعطائها الذي لا حدود له للمحبوب: ""كنت على استعداد لأن أصغر فتكبر..لأن أفشل لتنجح، لأن أخبو لتلمع..""، ونوعية حبها الذي لا يقدره بل يتجاهله أو يقوم باستغلاله لصالح أهداف أقل أهمية منه بكثير، وأقل قيمة. ""ما زلت لا أدرك، لا أدرك كيف يتلاعب رجل بامرأة تحبه من دون أن يخاف للحظة مما يفعله نحوها!"" في كل مرة و""بعد كل خيبة أمل.. بعد كل محنة وكل نزوة.. كنت أحاول لملمة أجزائي لنفتح مجدداً صفحة بيضاء أخرى..""، لكن ""البدايات الجديدة ما هي إلا كذبة"". تستعيد الكاتبة ذكرياتها معه منذ البداية في مقهى خارج الوطن الذي غادرته للدراسة: ""الوطن الذي لو لم أغادره لما حدث كل هذا.. أتكون أنت عقابي على مغادرة وطن أحبني!..""، وفكرة العقاب والثواب التي يسخر منها عزيز، تؤمن هي بها: ""مؤمنة أنا بيوم الحساب أكثر من أي شيء،"" لأنها تأمل عبرها أن ينال عزيز عقابه على ما اقترفه بحقها. قالت لهما العجوز الهندية غريبة الأطوار، دون سابق معرفة: ""هي متعبة منك..منك فقط..وأنت متعب من كل شيء..""، وقالت لها ""هيفاء"" صديقتها الكويتية التي تتخاصم دائما وعزيز، بأنه لا يستحقها، وتقول جمانة له اليوم ""حبي لك كان أعمى يا عزيز..وأن هيفاء رأت فيك ما لم أره..""، رأت الكذب المتسلسل والخيانة والإنكار الذي يشكك الآخر بنفسه وبعقله وإحساسه، وهي صفات تتجاهلها المرأة التي تحب رجلاً يحبها لكنه غير قادر على الالتزام بها. قال لها بصراحة: ""اسمعي.. أنا رجل لعوب.. أشرب وأعربد وأعاشر النساء.. لكنني أعود إليك في كل مرة..""، وكانت تتحمل الأذى: ""تؤذينني عمداً وكأنك تفرغ في نفسي أحقادك وأوجاعك وأمراضك، تؤذيني عمداً باسم الحبّ.."". وهي بالرغم من كل الحقائق والوقائع تعترف: ""لم أبكِ بحرقة إلا بسببك ولم أضحك من أعماقي إلا معك.. أليست بمعادلة صعبة..؟ يحلل لها زياد صديقهما المشترك الوضع: ""أحببته لدرجة أخافته!.. لم يكن قادراً على ضمك لقائمة نسائه ولم يتمكن من الابتعاد عنك.. أحبك لدرجة أنه كان يخشى عليك من نفسه.. كما كان يخشى منك في الوقت ذاته.."" كيف يلتقيان، وهو يؤمن بأن الغاية تبرر الوسيلة، وهي تؤمن ""بأن الوسيلة أحياناً أهم من الغاية!""؟ ""قلت لي يوماً بأن حكايات الحبّ الشرقية غالباً ما تنتهي بمأساة. واليوم أعرف بأنك كنت محقاً في هذا.."" تنقل الرواية بصدق عميق ما يدور في أعماق المرأة في حالة حب،ّ من أحاسيس وأفكار وتناقضات، إذ تظن أن الخيار الصعب إلى أقسى مداه يكمن في الحفاظ على مشاعر الحبّ الجياشة واستمرارها، على حساب التنكّر للذات الواعية والمدركة لتلاعب الطرف الآخر بها، لكنها بأي حال، وحتى في حال دفع الحساب، لن تحصل على مبتغاها.","326 pages, Paperback",Arabic,"January 1, 2009"
81,السكان الأصليين لمصر,Belal Fadl,"3.76 avg rating — 3,231 ratings",https://www.goodreads.com/book/show/6136499,3.76,"3,231 ratings",291 reviews,مشكلتي الثانية هى أنني أشعر بأكلان فظيع في ضهري، لا أدري هل سببه الحشرات التي يقسم زملائي أنها أقدم في المستشفى من بهيرة كبيرة الممرضات، أم سببه رقودي على السرير على وضع واحد كل هذا الوقت، مع أن التغيير سنة الحياة، نبهني عم عبد البديع إلى التباس الجملة الأخيرة وكونها يمكن أن تسوء موقفي في القضية، لكني أقسم لسيادتك أني لا أقصد منها شيء سوى أني فعلا أريد أن أمارس حقي الدستوري في الهرش وتغيير وضع رقودي على السرير، فانا لست دولة تستحمل أن تعيش ربع قرن على وضع واحد دون أن تغيير، أنا بشر ضعيف خلقت من تراب وسففت التراب ويلزمني بين الحين والآخر أن أتقلب على الجنبين، فهل هذا كثير علي سيادتك؟! المؤلف,309 pages,Arabic,"January 1, 2009"
82,طفيليات,أحمد جمال الدين رمضان,"4.41 avg rating — 1,133 ratings",https://www.goodreads.com/book/show/196924969,4.41,"1,133 ratings",327 reviews,مجموعة قصصية متنوعة تجمع ما بين القصة الساخرة، الاجتماعية، الرعب، وحتى القصص المبنية على أحداث حقيقية,"140 pages, Paperback",Arabic,"August 1, 2023"
83,ثرثرة فوق النيل,Naguib Mahfouz,"3.74 avg rating — 10,737 ratings",https://www.goodreads.com/book/show/6122468,3.74,"10,737 ratings","1,362 reviews",لم يُبدع الإنسان ما هو أصدق من المهزلة.,"161 pages, Paperback",Arabic,"January 1, 1966"
84,ميرامار,Naguib Mahfouz,"3.82 avg rating — 8,224 ratings",https://www.goodreads.com/book/show/3495961,3.82,"8,224 ratings",895 reviews,فى بنسيون ميرامار بجوار محطة الرمل بالإسكندرية - وفى الستينات بكل صراعاتها الفكرية والسياسية والإجتماعية- تلتقى مجموعة من الشخصيات المتنافرة المتصارعة . وفى المركز من كل ذلك تبدو زهرة الريفية النقية الطموحة. فهل يفوز بها أحد ؟ يحكى نجيب محفوظ هذه الحكاية عن طريق أربع شخصيات من سكان البنسيون من أربع وجهات نظر. إنها رباعية الإسكندرية الجديدة,"284 pages, Paperback",Arabic,"January 1, 1967"
85,عصفور من الشرق,Tawfiq Al-Hakim,"3.72 avg rating — 4,880 ratings",https://www.goodreads.com/book/show/2392599._,3.72,"4,880 ratings",615 reviews,عصفور من الشرق، رواية من تأليف الكاتب توفيق الحكيم صدرت عام 1938 ترجمت ونشر بالفرنسية عام 1946 طبعة أولى، ونشر طبعة ثانية في باريس عام 1960.,"144 pages, Paperback",Arabic,"January 1, 1938"
86,العبرات,مصطفى لطفي المنفلوطي,"3.93 avg rating — 11,586 ratings",https://www.goodreads.com/book/show/3852939,3.93,"11,586 ratings","1,653 reviews",هذا الكتاب عبارة عن مجموعة قصص درسها وقدمها: الدكتور رياض قاسم رئيس قسم اللغة العربية وآدابها من الجامعة اللبنانية الفرع الرابع. عبّر المنفلوطي في هذا الكتاب عمّا يجيش في مجتمعه من مشكلات انقسم حولها الرأي بين مؤيد ورافض، كمسألة الحجاب، ومسألة محاكاة المتفرنجين، وما ساد المجتمع من مفاسد خلّفها التفاوت الطبقي والإستعمار الأجنبي. وعبّر عما يجيش في نفوس الشباب من أشواق وأحزان وآلام، وكانت قصصه بمضمونها قطرات من الدمع يسكبها بين أيدي القرّاء. وفي مقدمة العبرات يصور ذلك بقوله: الأشقياء في الدنيا كثر، وليس في استطاعة بائس مثلي أن يمحو بؤسهم وشقائهم، فلا أقل من أن أسكب بين أيديهم هذه العبرات، علّهم يجدون في بكائي تعزية وسلوى. وفي كل ما كتب جاءت كتابات المنفلوطي إرشاد للناشئة وللقرّاء جميعاً، وتوجيه غير مباشر إلى التحلي بالفضائل الإنسانية والأخلاق الحميدة، وهو جانب مهم كثيراً مانراه في أدب المنفلوطي.,,,
87,خريف الغضب: قصة بداية ونهاية عصر أنور السادات,Mohamed Heikal,"3.63 avg rating — 2,072 ratings",https://www.goodreads.com/book/show/5649581,3.63,"2,072 ratings",185 reviews,"أتمنى أن يكون واضحا أن موضوع ""خريف الغضب"" كان - كما هو ظاهر من كل صفحة فيه - محاولة لشرح الأسباب التى أدت إلى اغتيال الرئيس السادات وبالتالى فهو ليس سيرة لحياته ولا لدوره السياسى ولو قصدته كسيرة لرجل لاختلف تناولى للموضوع . كان السؤال المحدد الذى حاول الإجابة عليه هو : "" لماذا جاءت النهاية على هذا النحو؟"" واختصرت المراحل كلها إلى موضوعى وأخذت من المراحل ما كان لازما للموضوع وإلا اختلفت السعى عن القصد .","476 pages, Paperback",Arabic,"January 1, 1982"
88,صالة أورفانيللي,Ashraf El-Ashmawi,"4.09 avg rating — 4,124 ratings",https://www.goodreads.com/book/show/108658337,4.09,"4,124 ratings",673 reviews,لكل قصة بداية وحكاية ونهاية ، وحياة كل إنسان رواية هو بطلها ومن خلالها يتشكل العالم من حولنا. ببناء مدهش يقدم أشرف العشماوي أحدث رواياته، قصص أبطاله الثلاثة تحكي حياتهم لكنها تشكل فصول الحكاية الأكبر، حكاية صالة المزاد التي يقتحم بها المؤلف عالمًا روائيًا جديدًا، كاشفاً خباياه وكواليسه وطرق الخداع التي تُجرى فيه، ودور يهود مصر في السيطرة عليه منذ العهد الملكي حتى السبعينيات . تتشابك خيوط حكايات الأبطال وتتعقد علاقاتهم الإنسانية، ليجذب العشماوي أطرافها بسلاسة فتنساب لتحكي أدق تفاصيل النفوس وتصطدم بصراعات تُفضي لجرائم ، وعندما تقترب الخيوط من نهاياتها ومع دَقة المزاد الثالثة الشهيرة التي تعلن موت رغبة وميلاد أخرى تتفجر المفاجآت لتتسع أذهاننا لتساؤلات بقدر ما تتفتح أعيننا على حقائق .. هل حياتنا تشبه المزاد؟ وماذا يتبقى من إنسانيتنا لو أصبح كل منا قطعة معروضة في صالة مزادات ينتظر دوره؟,"424 pages, Paperback",Arabic,"January 3, 2021"
89,قصص الأنبياء,Ibn Kathir,"4.50 avg rating — 6,601 ratings",https://www.goodreads.com/book/show/2939484,4.50,"6,601 ratings",320 reviews,"قصص الأنبياء في القرآن الكريم هي قصص لصفوة الخلق وخيرتهم على الإطلاق، فهم هداة العالمين ورحمة الله للناس أجمعين، وما كان الله قص ما قص من قصص في قرآن الكريم للتسلية والتلهي، وإنما جاء عظة وعبرة لأولي الألباب، وجاء يثير في النفس التأمل والتفكر في سنن الحياة وقواعد الاجتماع البشري وسيرة الناس عبر الزمان والمكان. وإن كان ربنا، تبارك وتعالى، أنعم علينا بنعمة قصص طائفة من حكايات الأنبياء وأقوامهم فإنه يلفت النظر إلى أن المهم في تاريخ هؤلاء العظماء أ نقف عند حد العظة والعبرة. ولقد تمثل المفسر الحافظ ابن كثير منهجاً علمياً بديعاً في عرض هذا القصص القرآني، حاول فيه الابتعاد عن خرافات الإسرائيليات وخزعبلات القصاص وأكاذيب بعض المؤرخين. ويمكن تحديد معالم هذا المنهج على النحو التالي: أولاً التزامه بإيراد كل ما يتعلق بالنبي صاحب القصة من كتاب الله تعالى، وأخبار القرآن في هذا السياق هي الأخبار المجزوم يصدقها على وجه اليقين من دون تردد. ولم يكتف المؤلف بذلك بل وقف مع الآيات محللاً لها، مفسراً لمعانيها، متعمقاً في مغازيها، وهو المفسر الواعي بدقائق التفسير. ثانياً عنايته عناية كبيرة بالأخبار والآثار المروية بشأن هؤلاء الأنبياء على عدة مستويات، فالأحاديث يعنى بعزوها إلى مصادرها، منبهاً على صحيحها وسقيمها في كثير من الأحيان، والإسرائيليات إذا وردت في النص، فإنه يرويها في حذر المحدث الواعي بالمرويات، مبيناً الغث منها وما يمكن أن يكون في إطار المقبول، والآثار يتتبع ما يلقي على النص شيئاً من الضوء لإيضاح غامض أو توضيح مبهم. ثالثاً العناية باللغة إلى حد معقول فيفسر ما نبا من مفردات، ويشرح ما ثقل فهمه من نصوص، وهو يحمل في ذهنه عقلية لغوية بليغة. رابعاً بالإضافة إلى ذلك كله التسلسل المنهجي المنطلق مع الأحداث، مع شيء من الاستطراد المقبول بهدف استخراج العظة والوقوف مع فائدة هنا، أو شاردة هناك. وكتاب قصص الأنبياء الذي هو بين يدي القارئ هو جزء من كتاب ابن كثير ""البداية والنهاية""، انتزعه كل طبع الكتاب مستقلاً منه، فليس هو مصنفاً مستقلاً في أصل تأليف ووضعه. ولأهميته تمّ الاعتناء به على هذا النحو: أولاً: العناية بإخراج النص إخراجاً صحيحاً بعيداً عن الأخطاء ما أمكن ذلك، ثانياً: تخريج الآيات القرآنية، مع استعراض غريب المفردات التي توجد في الآيات، ثالثاً: تخريج المرويات المتعددة، رابعاً: شرح المفردات الغريبة في النص كله تيسيراً للفهم وتحقيقاً لهدف تبسيط النص، خامساً: وضع عناوين جانبية لكل فكرة جديدة، ليسهل على القارئ متابعة تسلسل الأحداث والاستفادة بما في الكتاب من فوائد علمية متنوعة.","682 pages, Hardcover",Arabic,"Published January 1, 2000"
90,اللاهوت العربي وأصول العنف الديني,Youssef Ziedan,"3.90 avg rating — 8,257 ratings",https://www.goodreads.com/book/show/7316340,3.90,"8,257 ratings","1,028 reviews","This book in Arabic Language, Very rare to find on AMazon, the only one left .","226 pages, Paperback",Arabic,"December 1, 2009"
91,حكومة الظل,Monther Alkabbani,"3.96 avg rating — 10,563 ratings",https://www.goodreads.com/book/show/3331793,3.96,"10,563 ratings","1,448 reviews",من ويكيبيديا: رواية من تأليف الروائي السعودي منذر القباني صدرت طبعتها الأولى عن مركز الراية في 2006 و الطبعة الثانية عن الدار العربية للعلوم في 2007 الرواية منذ ظهورها لفتت الأنظار إليها من قبل القراء و أصبحت حديث المنتديات قبل أن يلتفت إليها الإعلام. إعتبر بعض النقاد رواية حكومة الظل بمثابة المولد الحقيقي لرواية التشويق و الإثارة في العالم العربي و البعض الآخر شبهها برواية شيفرة دا فينشي لدان براون بل أن بعض المنتديات أطلقت على مؤلفها لقب دان براون العرب . موضوع الرواية الرواية تدور أحداثها عبر زمنين، عام 1908 في أواخر عهد السلطان عبد الحميد الثاني، و في الحاضر عبر رجل أعمال سعودي يمر بحادث غامض أثناء زيارة عمل خارج السعودية. أحداث الرواية تتنقل ما بين الحاضر و الماضي لتكشف للقارئ ما وراء غموض أحداث الرواية في إطار مزيج ما بين الإثارة و التشويق مع إسقاطات على وضع العالم العربي اليوم. رواية رائعة جمعت المتناقضات في الوصف ، فهي :واقعية خيالية ، تاريخية معاصرة .. يجذبك الكاتب فيها بين ثلاثة مشاهد متباينة في الأماكن والعصور .. كل منها ليس له ارتباط بالآخر ، إلى آخر الرواية بعد أن تجتمع الخيوط ، يتبين لك المقصود بعد أن سافرت تجوب العالم وتتنقل في التاريخ .. الرواية تبين شيء من أطراف الماسونية وأنشطتها ونشأتها .. تجمع بين الواقع والخيال بطريقة جذابة .,"173 pages, Paperback",Arabic,"January 1, 2006"
92,خالتي صفية والدير,Bahaa Taher,"3.92 avg rating — 6,699 ratings",https://www.goodreads.com/book/show/3110969,3.92,"6,699 ratings",917 reviews,رائعة بهاء طاهر الممتعة خالتي صفية والدير والتي تدور في صعيد مصر من خلال قصة حب مثيرة وانتقام مدمر، فصفية الفتاة الجميلة تعشق حربي الشاب القوى والوسيم، ولكن حربي لا يشعر بحبها بل يتوسط في زواجها من الباشا. فلا تغفر صفية له ذلك وتقرر الانتقام. صدرت هذه الرواية عام 1991 وحققت نجاحا نقديا وجماهيريًا كبيرًا فطبعت عدة مرات وترجمت وتحولت إلى مسلسل تليفزيوني ومسرحية,"141 pages, Paperback",Arabic,"January 1, 1991"
93,ذات,Sonallah Ibrahim,"3.56 avg rating — 5,545 ratings",https://www.goodreads.com/book/show/3490300,3.56,"5,545 ratings",768 reviews,"""ذات"" شخصية الروائي صنع الله إبراهيم المحورية والتي انبعثت من زحمة الحياة لتبعث خياله وتغذي فكره بألف صورة وصورة... هي من الواقع... ولكنها تسري في الأحداث الروائية... فيكون لواقع تواجدها ألف معنى ومعنى... ""ذات"" هي الرمز الذي حاول صنع الله إبراهيم من خلاله أن يصور المجتمع المصري الذي يموج بقيم ومعتقدات تتحكم بفكره وبحياته... مجتمع ينوء مواطنه بأحمال الظروف الاقتصادية والاجتماعية والسياسية، وهذه يورد وقائعها منقولة عن الصحف المصرية الحكومية منها والمعارضة ليعكس الجو الإعلامي العام الذي أحاط بمصائر شخصياته وأثر فيهم... في ""ذات"" يتداخل الخيال والواقع... الرمز والحقيقة ليجسد أبعاداً إنسانية عبّر عنها صنع الله إبراهيم بأسلوب يُقَرِّب ""ذات"" من كل ذات... فهي الحقيقة المتوارية خلف الذات","352 pages, Paperback",Arabic,"January 1, 1992"
94,ترانيم في ظل تمارا,Mohammed Afifi,"4.01 avg rating — 4,778 ratings",https://www.goodreads.com/book/show/3614388,4.01,"4,778 ratings","1,038 reviews","آخر ما كتب الأديب محمد عفيفي.. وقد تناول مشاهد عديدة في ظل شجرته ""تمارا""، وبوجود شخصيات حيوانية كالقط والضفدع والفراشة","160 pages, Paperback",Arabic,"January 1, 1984"
95,الزيني بركات,Gamal al-Ghitani,"3.86 avg rating — 3,843 ratings",https://www.goodreads.com/book/show/5663369,3.86,"3,843 ratings",460 reviews,"تعد رواية"" الزيني بركات لجمال الغيطاني من الروايات البارزة في الروايات العربية التي عالجت ظاهرة القمع والخوف واتكأت على أسبابها وبينت مظاهرها المرعبة في الحياة العربية، فالغيطاني حين يحاصره الراهن بقمعه واستبداده وقهره، حين يمارس أقسى أشكال العنف والرعب والقهر في السجن المعاصر يعود بنا مستنطقاً تاريخ ابن إياس بدائع الزهور ليجد صورة مرعبة لكبير البصاصين الشهاب الأعظم زكريا بن راضي ووالي الحسبة الزيني بركات ويكفي أن نقرأ عن تعذيب التاجر علي أبي الجود وتدرج الزيني في التفنن بتعذيبه ليحصل من على المال، والأدهى أن وسيلة إرغامه على الإقرار كانت بتعذيب الفلاحين أمامه عذاباً منكراً بغية إخافته وترويعه،على مدى سبعة أيام منها تعذيب فلاح أمام عينيه:"" أظهروا حدوتين محميتين لونهما أحمر لشدة سخونتهما، بدأ يدقهما في كعب الفلاح المذعور، نفذ صراخ الفلاح إلى ضلوع علي، وكلما حاول إغلاق عينه يصفعه عثمان بقطعة جلد على قفاه."" وفي اليوم الرابع والخامس "" ذبح ثلاثة من الفلاحين المنسيين، أسندت رقابهم إلى صدر علي بن أبي الجود والزيني يدخل ويخرج محموماً مغتاظاً يسأل"" ألم يقر بعد؟"" لا يجيب أحد. يضرب الحجر بيديه."" يسقط هذه الصورة على الحاضر بل يسقط الحاضر عليها فيبني منها ما هو أقل إيلاماً من الحاضر فقدمت لنا نماذج مرعبة ولكنها مشوهة منخورة في الوقت نفسه لأنها من وجهة نظر الرواية فيما أحسب لا تتسلح بقيم تجعلها قادرة على مواجهة التغيرات المحتملة. وقال عنها الغيطاني جاءت (( الزيني بركات)) نتيجة لعوامل عديدة. أهمها في تقديري, تجربة معاناة القهر البوليسي في مصر خلال الستينيات. كانت هناك تجربة ضخمة تهدف إلى تحقيق العدالة الاجتماعية. تهدف إلى تحقيق أحلام البسطاء. يقودها زعيم كبير هو جمال عبد الناصر. ولكن كان مقتل هذه التجربة في رأيي, هو الأسلوب الذي تعاملت به مع الديمقراطية. وأحيانا كنا نحجم عن الحديث بهذا الشكل لأن هذه التجربة بعد انتهائها, تعرضت وما تزال تتعرض لهجوم حاد من خصوم العدالة الاجتماعية, ومن خصوم إتاحة الفرص أمام الفقراء. ولكن أنا أتصور أن الشهادة يجب أن تكون دقيقة الآن, خاصة وأن جيلنا, جيل الستينات الذي ننتمي إليه أنا والأستاذ البساطي قد بدأ يدنو من مراحله الأخيرة. لذا يجب أن نترك كلمة حق حتى لا تتكرر تلك الأخطاء. عانينا من الرقابة في الستينيات. وأسلوب التعامل البوليسي. وأتصور أن هذا كان أحد أسباب علاقتي القوية بالتاريخ. كنت مهموما بالبحث في تاريخ مصر, وبقراءة هذا التاريخ خاصة الفترة المملوكية, التي وجدت تشابها كبيرا بين تفاصيلها وبين الزمن الراهن الذي نعيش فيه. وأنا عندما أقول الفترة المملوكية, أعني الفترة المملوكية التي كانت مصر فيها سلطنة مستقلة تحمي البحرين والحرمين. وقد انتهت هذه السلطنة في عام 1517 بهزيمة عسكرية كبيرة في مرج دابق شمال حلب. وعندما طالعت مراجع شهود العيان الذين عاشوا هذه الفترة, ذهلت من تشابه الظرف بين هزيمة 67 والأسباب التي أدت إليها وبين هزيمة القرن السادس عشر. وأوصلني هذا فيما بعد, إلى ما يمكن أن يسمى باكتشاف وحدة التجربة الإنسانية في مراحل كثيرة من التاريخ حتى وإن بعدت المسافة. على سبيل المثال : الألم الإنساني واحد. فالشعور بالحزن هو نفسه الذي كان يعبر عنه المصري القديم أو البابلي القديم. ومصر نتيجة لاستمرارية تاريخها وعدم انقطاعه تتشابه فيها الظروف من فترة إلى أخرى. سياحتي في التاريخ استقرت في العصر المملوكي. وكنت مهموما بهاجس الرقابة وهاجس المطاردة قبل أن أدخل المعتقل إلى درجة أنني كتبت عددا من القصص القصيرة عن السجن, نشرت منها قصة ؛رسالة فتاة من الشمال« في مجلة الآداب في يوليو 1964, وقصة أخرى اسمها ؛القلعة« في مجلة الأديب اللبنانية أيضا عام 1964. وكتبت رواية كاملة عن فكرة المطاردة وظروف المطاردة, ف ق د ت عندما اعتقلت في عام 1966. والغريب أنني عندما دخلت المعتقل لم أفاجأ بالتفاصيل. فقد كنت أسمعها من زملائي الذين سبقوني في تلك التجربة. ولكن عندما خرجت قبل وقوع الهزيمة بشهرين عام 1967 مع زملائي, الذين يمثلون جيل الستينيات من الكتاب — فأكبر كتاب الستينيات كانوا في هذه الحبسة –, كتبت قصة اسمها »هداية أهل الورى لبعض ما جرى في المقشرة« وقد افترضت فيها أنني عثرت على مذكرات آمر سجن المقشرة. وهو من السجون الشديدة البشاعة في العصر المملوكي. وكنت قد وصلت بعض قراءة طويلة — بل لا أقول قراءة ولكن معايشة — لابن إياس وابن زمبل الرمال والمقريزي وابن تغري بردي إلى اكتشاف بلاغة جديدة, لم يكن الأدب العربي يتعامل معها. بلاغة يمكن الآن أن أقول إنها بلاغة مصرية, تجمع ما بين الفصحى وخلفية العامية المصرية في التراكيب اللغوية. وهذه نجدها عند المؤرخين وليس عند الأدباء. عند المقريزي وابن إياس ثم الجبرتي فيما بعد. وربما يرجع ذلك إلى أنهم كانوا يكتبون الأحداث بسرعة, فلا يتأنقون ولا يغوصون في أساليب البلاغة المستقرة من زمن قديم. هذه البلاغة شعرت أنها تمسك بالواقع أكثر من الأساليب السردية السائدة.","287 pages, Paperback",Arabic,"January 1, 1974"
96,السلطان الحائر,Tawfiq Al-Hakim,"3.95 avg rating — 2,388 ratings",https://www.goodreads.com/book/show/4606489,3.95,"2,388 ratings",248 reviews,احدى أشهر مسرحيات توفيق الحكيم التى اثارت جدلاً ضمن مؤلفات توفيق الحكيم التى تم اعادة نشره ضمن مشروع دار الشروق لإعادة نشر الأعمال الكامله لأبى المسرح العربى,"199 pages, Kindle Edition",Arabic,"January 1, 1960"
97,أسطورة إيجور (ما وراء الطبيعة، #24),Ahmed Khaled Towfik,"3.99 avg rating — 4,293 ratings",https://www.goodreads.com/book/show/6006822,3.99,"4,293 ratings",223 reviews,إن (إيجور) يجيد الاختراق .. (إيجور) يسمعهم يفكرون .. (إيجور) يعرف نوياهم .. (إيجور) يعرف كيف يجتاز ردهات العقل البشرى المعقدة دون أن يضل طريقه .. من هو (إيجور)؟ .. كيف صار هذا الشخص المخيف؟,"112 pages, Paperback",Arabic,"November 1, 2001"
98,ساق البامبو,Saud Alsanousi,"4.21 avg rating — 60,362 ratings",https://www.goodreads.com/book/show/13637412,4.21,"60,362 ratings","9,289 reviews",لماذا كان جلوسي تحت الشجرة يزعج أمي؟ أتراها كانت تخشى أن تنبت لي جذور تضرب في عمق الأرض ما يجعل عودتي إلى بلاد أبي أمراً مستحيلاً؟..ربما، ولكن، حتى الجذور لا تعني شيئاً أحياناً. لو كنت مثل نبتة البامبو.. لا انتماء لها.. نقتطع جزءاً من ساقها.. نغرسه، بلا جذور، في أي أرض.. لا يلبث الساق طويلاً حتى تنبت له جذور جديدة.. تنمو من جديد.. في أرض جديدة.. بلا ماض.. بلا ذاكرة.. لا يلتفت إلى اختلاف الناس حول تسميته.. كاوايان في الفلبين.. خيزران في الكويت.. أو بامبو في أماكن أخرى.,"401 pages, Paperback",Arabic,"Published May 1, 2012"
99,قرية ظالمة,M. Kamel Hussein,"3.94 avg rating — 4,669 ratings",https://www.goodreads.com/book/show/2544247._,3.94,"4,669 ratings",879 reviews,تُعدّ «قرية ظالمة» من أجمل ما كتب د.محمد كامل حسين، بل يراها البعض أجمل ما كُتِب عن الأيام الأخيرة للسيد المسيح. تناول المؤلف فى هذه القصة بأسلوب راق وسرد شائق مشكلات الإنسان النفسية والفكرية والاجتماعية المزمنة. وقد ترجمت إلى لغات عديدة كالإنجليزية والفرنسية والإسبانية والهولندية والتركية، واستحق من أجلها جائزة الدولة فى الأدب عام 1957. كان د.محمد كامل حسين (1901-1977) جراحًا بارعًا وأستاذًا نابها، تفوق فى الطب فكان يُعَدّ رائد طب العظام فى مصر، ونال جائزة الدولة فى العلوم عام 1967، فأصبح بذلك أول مصرى يحوز جائزتى الأدب والعلوم. وله عدة كتب تتناول اللغة العربية والأدب والنقد والطب والعلوم، ومن أهمها «الوادى المقدس» (دار الشروق، 2007) «وقوم لا يتطهرون» (دار الشروق، 2004) «والذكر الحكيم» و«اللغة العربية المعاصرة» و«التحليل البيولوچى للتاريخ» و«وحدة المعرفة»,"259 pages, Paperback",Arabic,"January 1, 1954"
100,تغريدة البجعة,Mekkawi Said,"3.62 avg rating — 2,329 ratings",https://www.goodreads.com/book/show/3418245,3.62,"2,329 ratings",291 reviews,يشتق الروائي مكاوي سعيد في روايته تغريدة البجعة، الشكل الروائي من واقع اجتماعي متحوّل ومتبدّل. معيناً الشكل الجديد مدخلاً إلى قراءة الواقع وتحولاته، في عمل روائي جميل يرثي زمناً غنائياً مضى، ويصوغ المستقبل المحتمل بأسئلة بلا إجابات. يشير في روايته إلى الكثير من القضايا الاجتماعية التي يغلفها بطابع سياسي، مشيراً إلى الاجتياح الإسرائيلي للبنان، والمجازر التي ارتكبت بحق الأطفال والأبرياء، وتداعيات هذا الاجتياح على المجتمع العربي. «لم أعد أجرؤ أن أجالس المسيّسين حتى على المقاهي، هربت إلى الخارج، وعندما عدت اختفيت خلف كاميرا تمتلكها أمريكية، ما الفرق بيني، وبين من يملكون دكاكين حقوق الإنسان، ومنع التمييز، وحقوق المرأة؟ زملاؤنا القدامى جاهروا بالسرية وتاجروا بأسابيع اعتقالهم، وملأوا الفضائيات فخراً بنضالهم. هم باعوا وقبضوا الثمن، ونحن وصِمنا بالجبن والتنازل»,"290 pages, Paperback",Arabic,"January 1, 2006"
101,ثلاثية غرناطة,Radwa Ashour,"4.29 avg rating — 52,564 ratings",https://www.goodreads.com/book/show/3438000,4.29,"52,564 ratings","8,849 reviews",ثلاثية غرناطة هي ثلاثية روائية تتكون من ثلاث روايات للكاتبة المصرية رضوى عاشور و هم على التوالي: غرناطة - مريمة - الرحيل. وتدور الأحداث في مملكة غرناطة بعد سقوط جميع الممالك الإسلامية في الأندلس، و تبدأ أحداث الثلاثية في عام 1491م، وهو العام الذي سقطت فيه غرناطة بإعلان المعاهدة التي تنازل بمقتضاها (أبو عبد الله محمد الصغير) آخر ملوك غرناطة عن ملكه لملكي قشتالة وأراجون، وتنتهى بمخالفة آخر أبطالها الأحياء (عليّ) لقرار ترحيل المسلمين حينما يكتشف أن الموت في الرحيل عن الأندلس و ليس في البقاء.,"502 pages, Paperback",Arabic,"January 1, 1994"
102,حوار مع صديقي الملحد,Mostafa Mahmoud,"3.88 avg rating — 35,489 ratings",https://www.goodreads.com/book/show/5664022,3.88,"35,489 ratings","3,326 reviews","رد على أسئله لملحدين على الدين الإسلامي, رد رائع بالدلائل والأمثله يجيب عن تساؤلات عقلنا فى فترة ما نمر بها ويرد بها على الآخرين الماديين. صديقى رجل يحب الجدل ويهوى الكلام وهو يعتقد أننا نحن المؤمنون السذج نقتات بالاوهام ونضحك على أنفسنا بالجنة والحوار العين وتفوتنا لذات الدنيا ومفاتنها.. وصديقى بهذه المناسبة تخرج من فرنسا وحصل على دكتوراه وعاش مع الهيبيز وأصبح ينكر كل شئ. قال لى ساخرا: -انتم تقولون: ان الله موجود، وعمدة براهينكم هو قانون “السببية” الذى ينص على أن لكل صنعة صانعا ولكل خلق خالقاً ولكل وجود موجدا.. النسيج يدل على النساج والرسم على الرسام والنقش على النقاش والكون بهذا المنطق أبلغ دليل على الاله القدير الذى خلقه. صدقنا وآمنا بهذا الخالق.. ألا يحق لنا بنفس المنطق أن نسأل.. ومن خلق الخالق.. من خلق الله الذى تحدثوننا عنه.. ألا تقودنا نفس استدلالاتكم الى هذا.. وتبعا لنفس قانون السببية.. ما رأيكم فى هذا المطب دام فضلكم؟. ونحن نقول له: سؤالك فاسد.. ولا مطب ولا حاجة فأنت تسلم بأن الله خالق ثم تقول من خلقه؟! فتجعل منه خالقا ومخلوقا فى نفس الجملة وهذا تناقض، والوجه الآخر لفساد السؤال أنك تتصور خضوع الخالق لقوانين مخلوقاته.. فالسببية قانوننا نحن أبناء الزمان والمكان. والله الذى خلق الزمان والمكان هو بالضرورة فوق الزمان والمكان ولا يصح لنا أن نتصوره مقيدا بالزمان والمكان ولا بقوانين الزمان والمكان. والله هو الذى خلق قانون السببية فلا يجوز أن نتصوره خاضعا لقانون السببية الذى خلقه، وأنت بهذه السفسطة أشبه بالعرائس التى تتحرك بزمبلك وتتصور أن الانسان الذى صنعها لابد هو الآخر يتحرك بزمبلك.. فاذا قلنا لها بل هو يتحرك من تلقاء نفسه.. قالت: مستحيل أن يتحرك شئ من تلقاء نفسه.. انى أرى فى عالمى كل شئ يتحرك بزمبلك، وأنت بالمثل لا تتصور أن الله موجود بذاته بدون موجد.. لمجرد أنك ترى كل شئ حولك فى حاجة الى موجد.","160 pages, Paperback",Arabic,"January 1, 1970"
103,The Bridges of Constantine,Ahlam Mosteghanemi,"3.80 avg rating — 25,720 ratings",https://www.goodreads.com/book/show/18632934-the-bridges-of-constantine,3.80,"25,720 ratings","2,245 reviews","The Bridges of Constantine is a poignant fresco of Algeria over the last 50 years, a searing love story and a hymn to a lost city. Khaled, a former revolutionary in the Algerian war of liberation has been in self-exile in Paris for two decades, disgusted by the corruption that now riddles the country he once fought for. He has become a celebrated painter, and at the opening of one of his exhibitions, Hayat, the daughter of his old revolutionary commander, unexpectedly reenters Khaled's life. Hayat had been just a child when he last saw her, but she has now become a seductive young novelist. Khaled is consumed with passion for her, and she comes to embody the homeland and the city he still grieves for – the city he paints over and over again in his canvases. Through Hayat, his past is breathed back into life and he at last begins to confront his feelings about Algeria. But for Hayat, as elusive as she is tender, the question of what one should yearn for is not so simple, and the choices she makes will have devastating consequences for them both. The first novel in an award-winning, bestselling trilogy that spans Algeria's tumultuous recent history, The Bridges of Constantine is a lyrical and heartrending love story about loss and remembrance, exile and belonging.","320 pages, Hardcover",English,"January 1, 1993"
104,حول العالم في 200 يوم,أنيس منصور,"4.06 avg rating — 11,489 ratings",https://www.goodreads.com/book/show/3491072-200,4.06,"11,489 ratings",972 reviews,عرض في هذا الكتاب معلومات عن الدول المختلفة وخصوصاً دول جنوب شرق آسيا مثل الهند و سيلان وسنغافورة و أستراليا واليابان والفلبين وهونج كونج، ثم زار أيضا الولايات المتحدة الأمريكية وجزيرة هاواي. وتحدث أيضا خلال رحلته إلى اليابان عن اللؤلؤ المستزرع الذي أكتشفه ميكوموتو الذي قام بأول عملية استزراع للؤلؤ.وكتب عما أعجبه في هذه البلاد من تقاليد وعادات مختلفة، وتشابهها مع عادات الدول الأخرى. وتحدث في الكتاب عن اعتزازه بكونه أول صحفي في العالم كله أجري مقابله حصرية مع الدالاي لاما رئيس دولة التبت (الحائز علي جائزة نوبل في السلام )، وقد أجرى معه مقابلة حصرية، وتم أخذ صورة لأنيس منصور مع الدالاي لاما (تظهر الصورة في الصفحة 106) من الكتاب، وكانت هذه أول صورة يراها العالم للدالاي لاما وقد تم نشرها بدار اخبار اليوم بمصر لتحميل الكتاب من هذا الرابط : http://mmaqara2tt.com/index.php/books...,"604 pages, Hardcover",Arabic,"January 1, 1963"
105,الرحيق المختوم,Safiur Rahman Mubarakpuri,"4.61 avg rating — 23,823 ratings",https://www.goodreads.com/book/show/545425._,4.61,"23,823 ratings","2,219 reviews","الرحيق المختوم بحث في السيرة النبوية. تأليف: الشيخ صفي الرحمن المباركفوري. قُدِّم في مسابقة رابطة العالم الإسلامي في السيرة النبوية الشريفة، وحاز البحث على المركز الأول. ""ومن منهجي في هذا الكتاب ـ عدا ما جاء في إعلان الرابطة ـ أني قررت سلوك سبيل الاعتدال، متجنبًا التطويل الممل والإيجاز المخل، وقد وجدت المصادر تختلف فيما بينها حول كثير مما يتعلق بالأحداث اختلافًا لا يحتمل الجمع والتوفيق، فاخترت سبيل الترجيح، وأثبت في الكتاب ما ترجح لدي بعد التدقيق في الدراسة والنقد، إلا أني طويت ذكر الدلائل والوجوه؛ لأن ذلك يفضي إلى طول غير مطلوب‏. أما بالنسبة لقبول الروايات وردها فقد استفدت في ذلك مما كتبه الأئمة المتقنون، واعتمدت عليهم فيما حكموا به من الصحة والحسن والضعف؛ إذ لم أجد وقتًا يكفي للخوض في هذا المجال‏.‏ وقد أشرت في بعض المواضع إلى بعض الدلائل ووجوه الترجيح، وذلك حينما خِفْتُ الاستغراب ممن يقرأ الكتاب، أو رأيت شبه الاتفاق فيما بين الأولين والآخرين على خلاف ما هو الصواب‏.‏ والله ولي التوفيق‏.‏"" الجمعة المباركة 24/7/1396هـ 23/7/1976م صفي الرحمن المباركفوري الجامعة السلفية بنارس - الهند","498 pages, Hardcover",Arabic,"January 1, 1976"
106,أولاد حارتنا,Naguib Mahfouz,"4.08 avg rating — 32,003 ratings",https://www.goodreads.com/book/show/2364284._,4.08,"32,002 ratings","3,866 reviews",يجلس الجبلاوي في بيته الكبير المحاط بالحدائق واﻷسوار العالية ومن حوله أحفاده الذين يتنازعون للحصول على وقفه، ويقوم الفتوات بابعاد هؤلاء عن جنته اﻷرضية، حيث استقرت ذريته خارج أسوار البيت الكبير، وبالرغم من فقرهم الا انهم لم يكفو عن الدعاء بأن ينزل الجبلاوي اليهم ويترك عزلته ويوزع تركته ويخلصهم من بطش الفتوات فيسود الخير على الجميع، ويظهر في كل جيل هذا المخلص والذي يتعلق به الناس وينتفضو معه ضد الفتوات، ولكن الجشع والجهل يرجعهم في اخر المطاف الى ما كانت عليه الاوضاع ويبقى الفقر والمعاناة مصيرهم الذي لا مفر منه. يصف محفوظ في هذه الرواية الرائعة القهر وشوق الناس إلى الخلاص من أنفسهم، وكيف ان المبادئ يمكن أن تتغير بتأرجح النفوس البشرية، وكيف ان الاعمال الخيرة تقع تحت يد الفساد والمفسدين. تعد هذه الرواية من أشهر روايات اﻷديب الراحل وأكثرها إشكالية وقد نوهت اﻷكاديمية السويدية بها عندما منحت نجيب محفوظ جائزة نوبل للآداب.,"600 pages, Paperback",Arabic,"January 1, 1959"
107,الحرافيش,Naguib Mahfouz,"4.40 avg rating — 20,985 ratings",https://www.goodreads.com/book/show/5295735,4.40,"20,984 ratings","3,144 reviews",ﻳﺼﻒ ﻟﻨﺎ ﻧﺠﻴﺐ ﻣﺤﻔﻮﻅ ﺳﻌﻲ ﺍﻟﻨﻔﺲ ﺍﻟﺒﺸﺮﻳﺔ ﺍﻟﺪﺍﺋﻢ ﺍﻟﻰ ﺍﻟﺨﻼﺹ ﻭﺗﻤﺮﺩﻫﺎ ﻋﻠﻰ ﻧﻔﺴﻬﺎ ﺍﻟﺘﻲ ﺍﺭﺗﻀﺖ ﺑﺎﻟﻮﺍﻗﻊ ﺍﻟﻤﺮﻳﺮ، ﻓﺘﺤﺜﻬﺎ ﺩﺍﺋﻤﺎ ﺍﻟﻰ ﺍﻟﺨﻼﺹ، ﻭﺍﻟﺨﺮﻭﺝ ﻣﻦ ﻧﻔﻖ ﺍﻟﻨﻔﺲ ﺍﻟﻤﻈﻠﻢ، ﻭﻟﻜﻨﻬﺎ ﺗﺼﻄﺪﻡ ﺩﺍﺋﻤﺎ ﺑﺤﺐ ﺍﻟﺪﻧﻴﺎ ﻭﺍﻏﻮﺍﺋﺎﺗﻬﺎ ﺍﻟﻼﻣﺤﺪﻭﺩﺓ ﻭﻫﻨﺎ ﻳﻜﻮﻥ ﻣﻔﺘﺮﻕ ﺍﻟﻄﺮﻕ ﺍﻟﺬﻱ ﺗﺨﺘﺎﺭ ﻓﻴﻪ ﺍﻟﻨﻔﺲ ﺍﻣﺎ ﺍﻟﺴﻴﺮ ﻋﻠﻰ ﺧﻄﻰ ﺍﻟﺼﺎﻟﺤﻴﻦ ﺍﻷﻭﺍﺋﻞ ﺃﻭ ﺍﻟﺤﻴﺎﺩ ﻋﻦ ﻃﺮﻳﻘﻬﻢ ﻭﺍﻳﺜﺎﺭ ﺷﻬﻮﺍﺗﻬﺎ ﺍﻟﺪﺍﺧﻠﻴﺔ، ﻛﻤﺎ ﻳﺼﻒ ﻟﻨﺎ ﺍﻟﺨﻨﻮﻉ ﻭﺍﻟﺬﻝ ﺍﻟﺬﻱ ﻳﺼﻴﺐ ﺍﻟﻨﻔﺲ ﻣﻦ ﺟﺮﺍﺀ ﻳﺄﺳﻬﺎ ﻣﻦ ﺧﻼﺻﻬﺎ، ﻭﺟﻬﻠﻬﺎ ﺑﺄﻥ ﺍﻟﺨﻼﺹ ﺍﻟﺤﻘﻴﻘﻲ ﻫﻮ ﺍﻟﻨﺎﺑﻊ ﻣﻦ ﺩﺍﺧﻠﻬﺎ ﻻ ﺍﻟﻤﺴﻠﻂ ﻋﻠﻴﻬﺎ ﻣﻦ ﺍﻟﺨﺎﺭﺝ ﻓﻬﻮ ﺧﻼﺹ ﺯﺍﺋﻒ ﺳﺮﻋﺎﻥ ﻣﺎ ﻳﺘﺒﺨﺮ ﻭﻳﺬﻫﺐ ﺭﻳﺤﻪ ﻭﺗﺒﻘﻰ ﺍﻟﻨﻔﺲ ﻓﻲ ﻇﻠﻤﺎﺗﻬﺎ ﺗﺒﻜﻲ ﻋﻠﻰ ﻣﺎﺽ ﻗﺪ ﺗﻮﻟﻰ ﻭﺫﻛﺮﻳﺎﺕ ﻟﻦ ﺗﻌﻮﺩ. كل ذلك في ملحمة رائعة يظهر فيها تعاقب اﻷجيال على مدى قرنين من الزمان من خلال عشر قصص لطالما كانت نبعا للسينما المصرية تنهل منه.,"599 pages, Paperback",Arabic,"January 1, 1977"
108,انتحار فاشل,أحمد جمال الدين رمضان,"4.54 avg rating — 3,337 ratings",https://www.goodreads.com/book/show/30528535,4.54,"3,337 ratings",535 reviews,"كتاب ""انتحار فاشل"" عبارة عن مجموعة قصصية متنوعة تجمع ما بين القصة الساخرة، الاجتماعية، الرعب، وحتى القصص المبنية على أحداث حقيقية، يلعب ""أحمد رمضان"" فى هذه المجموعة ببراعة شديدة على وتر الأفكار المختلفة والنهايات المفاجئة، حتى فى القصص التى تبدو أفكارها مألوفة تأتى المعالجة شديدة التميز والنهاية مخالفة تماماً للتوقعات تضيف أبعاداً أكثر عمقاً للعمل.","175 pages, Paperback",Arabic,"July 1, 2016"
109,تراب الماس,Ahmed Mourad,"4.05 avg rating — 56,798 ratings",https://www.goodreads.com/book/show/7704143,4.05,"56,798 ratings","4,659 reviews","""للمرة الثانية بعد ""فيرتيجو"" يتّخذ أحمد مراد من الجريمة خلفية تكشف بأسلوب مشوّق كواليس المجتمع و الفساد المستشري وسط كل طبقاته.. وهو بذلك يؤّكد قواعد النوع الروائي الذي أصبح رائدًا له"".. صنع الله إبراهيم لم يكن ""طه"" سوى مندوب دعاية طبية في شركة أدوية؛ حياة باهتة رتيبة، بدلة و كرافتة و حقيبة جلدية و لسان لبق يستميل أعتى الأطباء لأدويته وفي البيت يعيش وحيدًا مع أبيه القعيد كان ذلك قبل أن تقع جريمة قتل غامضة تتركه خلفها و قد تبدّل عالمه.. للأبد تتحول حياته إلى جزيرة من الأسرار، يبدأ اكتشافها في دفتر عتيق يعثر عليه مصادفة، و يجد معه أداة رهيبة لها فعل السحر عندها يبدأ ""طه"" ومعه الضابط ""وليد سلطان"" في تتبع قاتل لا يملكان دليلا ضده سنقرأ هنا كيف تتحول هذه الجريمة إلى سلسلة من عمليات القتل. وكيف يصبح القتل بابًا يكشف لنا عالما من الفساد، وسطوة السلطة التي تمتد لأجيال في تتابع مثير لا يؤكد أبدا أن ""طه"" سيصل إلى نهايته http://www.titaniumstores.com/dp/9770...","389 pages, Paperback",Arabic,"January 1, 2010"
110,رحلتي من الشك إلى الإيمان,Mostafa Mahmoud,"3.97 avg rating — 25,049 ratings",https://www.goodreads.com/book/show/3338544,3.97,"25,049 ratings","2,324 reviews",الانسان يولد وحده ويموت وحده ويصل إلى الحق وحده وليست مبلغة أن توصف الدنيا بأنها باطل الأباطيل الكل باطل وقبض الريح ، فكل ما حولنا من مظاهر الدنيا يتصف بالبطلان والزيف ونحن نقتل بعضنا بعضاً فى سبيل الغرور وإرضاء لكبرياء كاذب والدنيا ملهاة قبل أن تكون مأساة ، ومع ذلك نحن نتحرق شوقاً فى سبيل الحق ونموت سعداء فى سبيله والشعور بالحق يملؤنا تماماً وإن كنا نعجز عن الوصول إليه ، إننا نشعر به ملء القلب وإن كنا لا نراه حولنا وهذا الشعور الطاغى هو شهادة بوجوده ، إننا وإن لم نر الحق وإن لم نصل إليه وإن لم نبلغه فهو فينا وهو يحفزنا وهو مثال مطلق لا يغيب عن ضميرنا لحظة وبصائنا مفتوحة عليه دوماً .,"127 pages, Paperback",Arabic,"January 1, 1970"
111,تاكسي: حواديت المشاوير,Khaled Al Khamissi,"3.68 avg rating — 16,007 ratings",https://www.goodreads.com/book/show/2508854._,3.68,"16,007 ratings","1,514 reviews","تاكسي: حواديت المشاوير الذي لاقى نجاحا نقديا وجماهيريا كبيرا وغير متوقع، فأثنى عليه الكثير من الكتاب والنقاد واستضافت مؤلفه عدد من البرامج التلفزيونية مثل العاشرة مساء والبيت بيتك والقاهرة اليوم، ووصفه د. عبد الوهاب المسيري بأنه ""عمل إبداعي أصيل ومتعة فكرية حقيقية""، وقال عنه د. جلال أمين أنه من أجمل ما قرأ من كتب في وصف المجتمع المصري كما كتب عنه صفحة كاملة بجريدة المصري اليوم. والكتاب عبارة عن حوارات بين الراوي وسائقي التاكسي بالقاهرة يتناولون فيها بصراحة بالغة أوضاع البلاد والسياسة والاقتصاد والتطرف والمظاهرات والجنس وحياتهم وهمومهم الشخصية. كتاب ممتع ومرآة صادقة لفئة لماحة تتعامل مع المجتمع كله. المؤلف خالد الخميسي حاصل على ماجستير في العلوم السياسية من جامعة السوربون، إعلامي ومنتج ومخرج وكاتب سيناريو، له العديد من الدراسات الاجتماعية والسياسية، ويكتب في عدة صحف","224 pages, Paperback",Arabic,"December 1, 2006"
112,العصبي,أحمد جمال الدين رمضان,"4.59 avg rating — 2,901 ratings",https://www.goodreads.com/book/show/30528544,4.59,"2,901 ratings",472 reviews,كان الجميع يعلم أنه عصبى .. هذه ليست المشكلة، المشكلة أنه كان يعترف بهذا، كان يعترف أنه عصبى، سريع الاستثارة، ومندفع؛ لكنه لم يحاول تغيير ذلك أبداً، كان ينتابه الغضب ويندفع فى السباب كالسيل العارم لأتفه الأسباب، وأحيانا بدون أسباب تذكر، يفقد أعصابه بسهولة فيثور دون أن يبالى بالعواقب، برميل من البارود قابل للاشتعال فى أى لحظة كما يحلو للبعض أن يصفه، تلك كانت طبيعته المميزة، وهكذا مضت حياته، مشاكل له .. ومأساة للآخرين ممن أوقعهم حظهم العاثر فى دائرة التعامل معه... جيرانه يخشون الاقتراب منه بعد أن علمتهم التجارب أن الاحتكاك به ينتهى دوما بنتائج وخيمة، زملاءه فى العمل يواصلون الشكوى منه ، وأصدقاءه يتناقصون تدريجياً.. فماذا سيفعل فى حياته؟ وما هى المشاكل التى ستواجهه؟ وماذا سيواجه؟ .,"165 pages, Paperback",Arabic,"January 1, 2016"
113,شيكاجو,Alaa Al Aswany,"3.43 avg rating — 22,821 ratings",https://www.goodreads.com/book/show/1220507._,3.43,"22,821 ratings","2,090 reviews",يقول الأستاذ جلال أمين عن هذه الرواية المتميزة: ها هى رواية علاء الأسوانى الجديدة «شيكاجو» تستحق بدورها نجاحًا مماثلاً وبنفس القدر من الجدارة كالذى استحقته عمارة يعقوبيان. فرحت عند انتهائى من قراءتها لأكثر من سبب، فقد أكدت لى هذه القراءة أن لدينا بالفعل أديبًا كبيرًا وموهوبًا، وظهر أن عمارة يعقوبيان ليست ظاهرة منفردة لا تتكرر، بل إن من الممكن أن تتكرر المرة بعد المرة. فى الرواية الجديدة (شيكاجو) كل مزايا الرواية السابقة: التشويق الذى يبدأ من أول صفحة ويستمر إلى آخر صفحة، أسلوب الكتابة السلس والسريع الذى يصيب الهدف باستمرار بلا تثاقل أو تسكع، الرسم الواضح والمتسق للشخصيات، اللغة العربية الراقية دون تكلف أو تعمد الإغراب، وقبل كل شيء وفوق كل شيء، نُبل المعني، إذ لا جدوى فى رأيى من رواية مهما كانت درجة تشويقها وإتقانها إذا لم تكن نبيلة المقصد، وإذا كان المقصد تافهًا أو حقيرًا قضى على ما قد يكون للمهارة والشطارة من أثر فى نفس القارئ http://www.titaniumstores.com/dp/9770...,"456 pages, Paperback",Arabic,"January 1, 2007"
114,رجال حول الرسول,خالد محمد خالد,"4.39 avg rating — 8,692 ratings",https://www.goodreads.com/book/show/2784555,4.39,"8,692 ratings",559 reviews,سيرة وحياة ستين شخصية إسلامية كان لها أثر مباشر في نشر الدين الإسلامي، والدعوة إلى الله تعالى؛ وهؤلاء الرجال هم: مصعب بن عمير، سلمان الفارسي، أبو ذر الغفاري، بلال بن رباح، عبدالله بن عمر، سعد بن أبي وقاص، صهيب بن سنان، معاذ بن جبل، المقداد بن عمرو، سعيد بن عامر، حمزة بن المطلب، عبد الله بن مسعود، حذيفة بن اليمان، عامر بن ياسر، عبادة بن الصامت، خبات بن الأرت، أبو عبيدة بن الجراح، عثمان بن مطعون، يزيد بن حارثة، جعفر بن أبي طالب، عبد الله بن رواحة، خالد بن الوليد، قيس بن سعد بن عبادة، عمير بن وهب، أبو الورداد، زيد بن الخطاب، طلحة بن عبيد الله، الزبير بن العوام، خبيب بن عدي، عمير بن سعد، زيد بن ثابت، خالد بن سعيد، أبو أيوب الأنصاري، العباس بن عبد المطلب، ثابت بن قيس، أسيد بن حضير، عبد الرحمن بن عوف، أبو جابر عبد الله بن عمرو بن مرام، عمرو بن الجموح، أبي بن كعب، حبيب بن زيد، سعد بن معاذ، سعد بن عبادة، أسامة بن زيد، عبد الرحمن بن أبي بكر، عبد الله بن عمرو بن العاص، أبو سفيان بن الحارث، عمران بن حصين، سلمة بن الأكوع، عبد الله بن عباس، عباد بن بشر، سهيل بن عمرو، أبو موسى الأشعري، الطفيل بن عمرو، عمرو بن العاص، سالم حولى أبي حذيفة.,456 pages,,"September 1, 1964"
115,com نسيان,Ahlam Mosteghanemi,"3.67 avg rating — 29,339 ratings",https://www.goodreads.com/book/show/6621287-com,3.67,"29,339 ratings","2,552 reviews","هذا الكتاب للكاتبة الشهيرة والتي ""صُنّفت من بين النساء العشر الأكثر تأثيراً في العالم العربي، والأولى في مجال الأدب بتجاوز مبيعات كتبها مليونين وثلاثمئة ألف نسخة""، هو ""جردة نسائية ضدّ الذكورة، دفاعاً عن الرجولة، تلك الآسرة التي نباهي بوقوعنا في فتنتها، إذ من دونها ما كنّا لنكون إناثاً ولا نساءً"". بلغتها البليغة الجميلة والمباشرة والواضحة، تعبّر الكاتبة عن حقائق موجودة وواقعية وحسية، لا تتخيل منها شيئا، بل قد تتعدى أحياناً تفاصيل واقعها الفعلي حدود أي خيال رحب، ثم تصل إلى نتائج واستنتاجات وبيانات وأحكام ونصائح مهما اختلفت الاراء في تأثيرها ومفعولها وحكمتها، ومهما تنوعت ردود الفعل عليها، فإن مصدرها صادق وغني ونابع من تجربة ومن فضول ميداني بعيد كل البعد عن التنظير والنظرية، يكشف بالكشافات الضوئية الساطعة كل زوايا وخفايا ما يدور في ساحات مساحات واسعة حقيقية. تشكو الكاتبة من اختفاء رجولة ""الرجال""، بما معناه اختفاء كل الصفات الأخلاقية والعشقية الحميدة التي تتوخاها المرأة منهم، فكيف الخلاص للمرأة في حبها للرجل؟ تجد لها حلا وتنصحها وتدعوها: ""أحبيه كما لم تحب امرأة/ وانسيه كما ينسى الرجال""، هي لا تتوق إلى التماثل مع الرجال ""قليلي الحب""، بصورتهم الحالية المندّد بها، فلتبق المرأة على طبيعتها الأصلية في حبها ومحبتها للرجل، ولتتعلم فقط كيف تكون كالرجال في النسيان. تأتي الكاتبة على ذكر العديد من الشعراء والفلاسفة والكتّاب، وتستشهد بأقوالهم وأحاديثهم التي تقوّي عصب موضوعها وتغنيه: ""لا يمكن حصر عدد الكتّاب الذين، عبر الأزمنة والحضارات وبكل اللغات، عملوا مرشدين عاطفيين للتائهين من العشاق في الأزقة والشوارع الجانبية للحبّ. ليس لي هذا الادّعاء. أنا مجرد ممرضة لا تملك سوى حقيبة إسعافات أوّلية لإيقاف نزيف القلوب الأنثوية عند الفراق "". ""في النهاية، ما النسيان سوى قلب صفحة من كتاب العمر""، لكن قد يكون وزن الصفحة ثقيلا بحيث وجدت الكاتبة لنفسها دوراً في تخفيف هذا الوزن ما استطاعت، بل وقلب الصفحة نيابة عن القارئ. تقول بتواضع وهدف عملي نبيل: ""دعوني أحاول، ربما استطعت قلب صفحتكم هذه. ذلك أنه من الأسهل قلب صفحة الآخرين"". يتضمن الكتاب المرفق بـ C.D بعنوان ""أيها النسيان هبني قبلتك"" من كلمات الكاتبة، وألحان وغناء جاهدة وهبي، عدداً من إشارات الفصول تحمل هذه العناوين: هكذا تورطت في هذا الكتاب، وهاتف النسيان، ونصائح بقطيع من الجمال، وصفات لنسيان رجل، وكما ينسى الرجال، وكمائن الذاكرة، ونساء في مهبّ النسيان، ومن قصص النساء الغبيات، وتانغو النسيان وميثاق شرف أنثوي. كتاب ممتع وملفت ومثير للمعرفة وللجدل في مواضيع تهم القرّاء، فيه الكثير من الحقائق والأحاسيس وجعبة من الاستنتاجات حصيلة تجارب ومراقبة ميدانية للأوضاع بحيث يمكن لأي امرأة، ولأي رجل، الاستفادة من صدقها وواقعيتها","335 pages, Paperback",Arabic,"January 1, 2009"
116,واحة الغروب,Bahaa Taher,"3.82 avg rating — 14,869 ratings",https://www.goodreads.com/book/show/3240691,3.82,"14,869 ratings","1,884 reviews",هذه الرواية حاصلة على الجائزة العالمية للرواية العربية 2008 وقد طبع منها 3 طبعات خلال سنة يعود بهاء طاهر فى روايته الجديدة والبديعة «واحة الغروب» والتى لاقت نجاحا جماهيريا واستحسانا نقديا كبيرا، إلى نهايات القرن التاسع عشر، وبداية الاحتلال البريطانى لمصر. حيث يُرسل ضابط البوليس المصرى محمود عبدالظاهر، والذى كان يعيش حياة لاهية بين الحانات وبنات الليل، إلى واحة سيوة لشك السلطات فى تعاطفه مع الأفكار الثورية لجمال الدين الأفغانى وأحمد عرابى. فيصطحب زوجته الأيرلندية «كاثرين» الشغوفة بالآثار، والتى تبحث عن مقبرة الإسكندر الأكبر، لينغمسا فى عالم جديد شديد الثراء والخصوصية يجبرهما وأهل الواحة على مواجهة أنفسهم فى زمن اختلطت فيه الانتهازية والخيانة والرغبة بالحب والبطولة. تعكس أحداث الرواية أيضا مزجا إبداعيا بين الماضى والحاضر وال.... والموضوعى والتاريخ والواقع يعبر عن هموم الوطن كما يقدم تجربة العلاقة بين الشرق والغرب على المستويين الإنسانى والحضارى بما فيها من صراع وتوافق,"325 pages, Paperback",Arabic,"November 1, 2006"
117,جدد حياتك,Muhammad Al-Ghazali,"4.21 avg rating — 11,905 ratings",https://www.goodreads.com/book/show/3553395,4.21,"11,905 ratings","1,304 reviews",«فى هذا الكتاب مقارنة بين تعاليم الإسلام كما وصلت إلينا، وبين أصدق ما وصلت إليه حضارة الغرب فى أدب النفس والسلوك فى محاولة للكشف عن روعة التقارب وصدق التطابق» .. هذه بعض كلمات المؤلف التى عبر بها عن سبب كتابته لهذا العمل الفريد، خاصة بعد قراءته لكتاب «دع القلق وابدأ الحياة» لديل كارنيجى وقد اعتمد فى هذا العمل على جانبين رئيسين: فهو يعرض نصوص وأحكام الإسلام ويقابل بها كتابات وتجارب وشواهد كارنيجى .. تأكيدًا لقيمة الإسلام ومنهجه فى التعامل مع النفس البشرية فمن القلق إلى الثبات إلى العمل إلى مشكلات الفراغ إلى محاسبة النفس وغيرها حيث تتنوع موضوعات هذا الكتاب تنوعًا ممتعًا.,236 pages,Arabic,"January 1, 1987"
118,عبقرية عمر,عباس محمود العقاد,"4.17 avg rating — 8,283 ratings",https://www.goodreads.com/book/show/3437465,4.17,"8,283 ratings",791 reviews,نبذة موقع النيل والفرات: امتطى العقاد لهذا الكتاب صهوة فكره، بغية الإحاطة بعظمة بطله، فبطله ذو لونٍ جديد، وعبقريته ذات طابع فريد، والكتاب ليس سرداً لسيرة عمر بن الخطاب، ولا عرضاً لتاريخ عصره، وإنما هو وصف له، ودراسة لأطواره، ودلالة على خصائص عظمته، واستفادة من هذه الخصائص لعلم النفس، وعلم الأخلاق، وحقائق الحياة، لذلك ركز العقاد على ما يفيد هذه الدراسة، سواء لديه أكان من حادث صغير أم عظيم. كما أظهر حرجه عندما حاول أن يجاري من يسمون بالكتّاب المنصفين، الذين يقرنون المدائح بالمعايب، ويمزجون النقائص بالمناقب، ولا يأتون بحسنة إلا نقبوا عن سيئة تمحوها، أو تقلل منها، وكأن سّر حرج العقاد، أنه لم يجد عيباً ولا ما يستحق اللوم في حياة عمر وأطواره، مما جعله يتوقع أن يتهم بالمغالاة والتحيز والإعجاب، إذ كيف يحاسب -هو أو غيره- عمر بن الخطاب، وقد كان عمر يحاسب نفسه بأعنف مما كان يمكن أن يحاسبه غيره؟,"240 pages, Paperback",Arabic,"January 1, 1941"
119,في ظلال القرآن,Sayyid Qutb,"4.53 avg rating — 3,543 ratings",https://www.goodreads.com/book/show/3318993,4.53,"3,543 ratings",153 reviews,"خواطر وانطباعات من فترة عاشها سيد قطب في ظلال القرآن دوّنها في هذه المجلدات الستة منطلقاً في ذلك من حقيقة أبدية وهي أن القرآن حقيقة ذات كينونة مستمرة كهذا الكون ذاته، الكون كتاب الله المنظور، والقرآن كتاب الله المقروء، وكلاهما شاهد ودليل على صاحبه المبدع، كما أن كليهما كائن ليعمل. فالكون بنواحيه ما زال يتحرك ويؤدي دوره الذي قدره له بارئه والقرآن كذلك أدى دوره للبشرية، وما يزال هو هو، والإنسان ما يزال هو هو في حقيقته وفي أصل فطرته. وهذا القرآن هو خطاب الله لهذا الإنسان، فيمن خاطبهم الله به، خطاب لا يتغير فهو يخاطبه في أصل فطرته وفي أصل حقيقته، لذا كان لا بد من التمعن أكثر لإدراك المعاني التي رمت إليها سوره وآياته، ولإدراك ما فيه من الحيوية الكامنة لتلقي التوجيه المدخر منه للجماعة المسلمة في كل جيل، وذلك من خلال استحضار سيد قطب في تصوره كينونة الجماعة المسلمة الأولى التي خوطبت بهذا القرآن لأول مرة للعيش معها لتمثلها في بشريتها الحقيقية، وفي حياتها الواقعية، وفي مشكلاتها الإنسانية، وبتأمل قيادة القرآن لها قيادة مباشرة في شؤونها اليومية وفي أهدافها الكلية على السواء، ويرى كيف يأخذ القرآن بيدها خطوة خطوة، لينتقل بعدها إلى الجماعة الإسلامية اليوم المخاطبة بالقرآن في مثل ما خوطبت به الجماعة الأولى، فالبشرية بكل خصائصها المعروفة، تملك الاستجابة للقرآن، والانتفاع بقيادته في ذات الطريق. بهذه النظرة رأى سيد قطب بأن القرآن حياً يعمل في حياة المسلمة الأولى، ويملك أن يعمل في حياة المسلمين اليوم والقرآن هو اليوم معهم وكذلك غداً، وأنه ليس مجرد تراتيل تعبدية بعيدة عن واقع المسلمين المحدد، كما أنه ليس تاريخاً نص وانقضى وبطلت فاعليته وتفاعله مع الحياة البشرية. من هذا المنطلق يمضي سيد قطب في ظلال القرآن يستشف معانيه، يفسر آياته بأسلوب بعيد عن ساليب أئمة التفسير المتقدمين، ملتزماً بروح تفاسيرهم وبجوهرها، ليحاكي عقولاً اختلفت في منهجيتها وبطريقة تفكيرها وتنظيرها للأمور والوقائع عن عقول معاصري أئمة التفسير المتقدمين. حيث يورد السورة معرفاً بها وبعدد آياتها ومكية هي أم مدنية والراجح عنده. ثم يمضي في إيراد الآيات حيث يورد مجموعة من الآيات متتابعة تدور معانيها ضمن السياق نفسه فيأخذ في استشفاف مدلولاتها مجتمعة ليفسرها بعد ذلك آية آية مستنداً إلى المأثور في التفسير وهذا لم يمنعه من إيراد التفسير بلغة معاصرة تدور في معانيها خواطر إيمانية عميقة يعكس من خلالها سيد قطب التوجه التربوي القرآني الذي يأخذ بعين الاعتبار الإنسان بخلجاته وسكناته، بنفسيته وتألباتها ومتطلباتها وأهوائها، وبالمعطيات الآنية والمستقبلية التي تمتد امتداد حياة الإنسان على وجه الأرض. حرك سيد قطب في تفسيره فطرة الإنسان، وأبرز جنوح المسلم عن إدراك المعاني الحقيقية للقرآن وآياته بالحجب التي تقيمها الأهواء والعصبيات والجهل دون تلك الفطرة. ولم يغفل قطب عن استخراج المسائل الفقهية التي حملتها معاني الآيات والآراء الواردة اتفاقاً واختلافاً حولها، ولم تفته اللفتات التربوية عن إبراز النواحي الإعجازية الفنية التي حفلت بها آيات القرآن. لقد شكّل ""في ظلال القرآن"" منعطفاً هاماً في تفسير القرآن، حاك سيد قطب المسلم بلغة معاصرة، بأسلوب يفهمه ويعقله، وبروحية هي أقرب إلى روح العصر الذي غلبت عليه معطيات سياسية، اجتماعية، اقتصادية، إنسانية... عايشها القرآن بآياتها كما عايش روح القرون الماضية، وكما سيعايش القرون القادمة إلى آخر الزمان، واستشفها سيد قطب فجاءت خواطر دوّنها ""في ظلال القرآن"".","4012 pages, Hardcover",Arabic,"January 1, 1971"
120,الأيام,Taha Hussein,"3.65 avg rating — 12,161 ratings",https://www.goodreads.com/book/show/3371137,3.65,"12,161 ratings","1,237 reviews","كتاب ""الأيام"" أشهر من أن يعرّف، وهو بجانب قيمته الأدبية الرفيعة باعتباره طرازاً فريداً من السير الذاتية لشخصية أدبيه قل أن يجود الزمان بمثلها، وصدق وعذوبة وطلاوة أسلوب، وهى مزايا يكاد يستأثر بها، فإن هذا العمل يمهد لإحاطة القارئ بدنيا طه حسين والروافد الفكرية والثقافية التى شكلت مذهبه ومنهجه. وفي هذه الطبعة اجتمعت الكتب الثلاثة في مجلد واحد لتكون باقة من الذكريات والسطور المليئة بالصور التى جادت بها ذاكرة عميد الأدب العربي.","520 pages, Paperback",Arabic,"January 1, 1927"
121,عبقرية محمد,عباس محمود العقاد,"4.13 avg rating — 9,349 ratings",https://www.goodreads.com/book/show/3838932,4.13,"9,349 ratings","1,085 reviews","نبذة المؤلف: إنه لنافع لمن يقدرون محمداً، وليس بنافع لمحمد أن يقدروه؛ لأنه فى عظمته الخالدة لا يضار بإنكار، ولا ينال منه بغى الجهلاء، إلا كما نال منه بغى الكفار.. وإنه لنافع للمسلم أن يقدر محمداً بالشواهد والبينات التى يراها غير المسلم، فلا يسعه إلا أن يقدرها ويجرى على مجراه فيها.. لأن مسلماً يقدر محمداً على هذا النحو يحب محمداً مرتين: مرة بحكم دينه الذى لا يشاركه فيه غيره، ومرة بحكم الشمائل الإنسانية التى يشترك فيها جميع الناس. وحسبنا من ""عبقرية محمد"" أن نقيم البرهان على أن محمداً عظيم فى كل ميزان: عظيم فى ميزان الدين، وعظيم فى ميزان العلم، وعظيم فى ميزان الشعور، وعظيم عند من يختلفون فى العقائد، ولا يسعهم أن يختلفوا فى الطبائع الآدمية، إلا أن يرين العنت على الطبائع فتنحرف عن السواء وهى خاسرة بانحرافها، ولا خسارة على السواء. إن عمل محمد لكاف جد الكفاية لتخويله المكان الأسنى من التعظيم والإعجاب والثناء... إنه نقل قومه من الإيمان بالأصنام إلى الإيمان بالله، ولم تكن أصناماً كأصناه يويان، يحسب للمعجب بها ذوق الجمال إن فاته أن يحسب له هدى الضمير.. ولكنها أصنام شائهات كتعاويذ السحر التى تفسد الأذواق وتفسد العقول..فنقلهم محمد من عبادة هذه الدمامة إلى عبادة الحق الأعلى.. عبادة خالق الكون الذى لا خالق سواه، ونقل العالم كله من ركود إلى حركة، ومن فوضى إلى نظام، ومن مهانة حيوانية إلى كرامة إنسانية، ولم ينقله هذه النقلة قبله ولا بعده أحد من أصحاب الدعوات... إن عمله هذا لكاف لتخويله المكان الأسنى بين صفوف الأخيار الخالدين، فما من أحد يضن على صاحب هذا العمل بالتوقير ثم يجود بالتوقير على اسم إنسان. إلا أننا نمضى خطوة وراء هذا، حين نقول إن التعظيم حق ""لعبقرية محمد"" ولو لم تقترن بعمل محمد.. لأن العبقرية قيمة فى النفس قبل أن تبرزها الأعمال، ويكتب لها التوفيق، وهى وحدها قيمة يغالى بها التقويم.. فإذا رجح بمحمد ميزان العبقرية، وميزان العمل، وميزان العقيدة؛ فهو نبى عظيم وبطل عظيم وإنسان عظيم. وحسبنا من كتابنا هذا أن يكون بناناً تومىء إلى تلك العظمة فى آفاقها، فإن البنان لأقدر على الإشارة من الباع على الإحاطة، وأفضل من عجز المحيط طاقة المشير..","206 pages, Paperback",Arabic,"January 1, 1941"
122,عابر سرير,Ahlam Mosteghanemi,"3.59 avg rating — 14,333 ratings",https://www.goodreads.com/book/show/2501453._,3.59,"14,333 ratings",832 reviews,"كل ما أدريه أنني مذ غادرت الجزائر ما عدت ذلك الصحافي ولا المصوّر الذي كنته. أصبحت بطلاً في رواية، أو في فيلم سينمائي يعيش على أهبة مباغتة؟ جاهزاً لأمر ما.. لفرح طارئ أو لفاجعة مرتقبة. نحن من بعثرتهم قسنطينة، ها نحن نتواعد في عواصم الحزن وضواحي الخوف الباريسي. حتى من قبل أن نلتقي حزنت من أجل ناصر، من أجل اسم أكبر من أن يقيم ضيفاً في ضواحي التاريخ، لأن أباه لم يورثه شيئاً عدا اسمه، ولأن البعض صنع من الوطن ملكاً عقارياً لأولاده، وأدار البلاد كما يدير مزرعة عائلية تربي في خرائبها القتلة، بينما يتشرد شرفاء الوطن في المنافي. جميل ناصر، كما تصورته كان. وجميلاً كان لقائي به، وضمة منه احتضنت فيها التاريخ والحبّ معاً، فقد كان نصفه سي الطاهر ونصفه حياة. كانت شقته على بساطتها مؤثثة بدفء عن استعاض بالأثاث الجميل عن خسارة ما، ومن استعان بالموسيقى القسنطينية ليغطي على نواح داخلي لا يتوقف... رحت أسأل ناصر عن أخباره وعن سفره من ألمانيا إلى باريس إن كان وجد فيه مشقة. ردّ مازحاً: كانت الأسئلة أطول من المسافة! ثم أضاف أقصد الإهانات المهذبة التي تقدم إليك من المطارات على شكل أسئلة قال مراد مازحاً: واش تريد يا خويا.."" وجه الخروف معروف""! ردّ ناص: معروف بماذا؟ بأنه الذئب؟ أجاب مراد: إن لم تكن الذئب، فالذئاب كثيرة هذه الأيام. ولا أرى سبباً لغضبك. هنا على الأقل لا خوف عليك ما دمت بريئاً. ولا تشكل خطراً على الآخرين. أما عندنا فحتى البريء لا يضمن سلامته! ردّ ناصر متذمراً: نحن نفاصل بين موت وآخر، وذلّ وآخر، لا غير. في الجزائر يبحثون عنك لتصفيتك جسدياً. عذابك يدوم زمن اختراق رصاصة. في أوروبا بذريعة إنقاذك من القتلة يقتلونك عرياً كل لحظة، ويطيل من عذابك أن العري لا يقتل بل يجردك من حميميتك ويغتالك مهانة. تشعر أنك تمشي بين الناس وتقيم بينهم لكنك لن تكون منهم، أنت عارٍ ومكشوف ومشبوه بسبب اسمك، وسحنتك ودينك. لا خصوصية لك برغم أنك في بلد حر. أنت تحب وتعمل وتسافر وتنفق بشهادة الكاميرات وأجهزة التنصت وملفات الاستخبارات"".","319 pages, Paperback",Arabic,"January 1, 2003"
123,أمل دنقل: الأعمال الكاملة,أمل دنقل,"4.29 avg rating — 5,727 ratings",https://www.goodreads.com/book/show/5865674,4.29,"5,727 ratings",563 reviews,أن سيفان سيفك صوتان صوتك أنك إن متَ للبيت رب وللطفل أب هل يصير دمى -بين عينيك- ماء؟ أتنسى ردائى الملطخ.. تلبس -فوق دمائى- ثياباً مطرزة بالقصب؟ إنها الحرب قد تثقل القلب.. لكن خلفك عار العرب لا تصالح.. ولا تتوخَ الهرب! لا تصالح على الدم.. حتى بدم! لا تصالح! ولو قيل رأس برأس أكل الرؤوس سواء؟ أقلب الغريب كقلب أخيك؟! أعيناه عينا أخيك؟ وهل تساوى يد... سيفها كان لك بيد سيفها أثكلك؟ جئناك كى تحقن الدم.. جئناك. كن يا أمير- الحكم سيقولون ها نحن أبناء عم قل لهم إنهم لم يراعوا العمومة فيمن هلك وأغرس السيف فى جبهة الصحراء.. إلى أن يجيب العدم. إننى كنت لك. فارساً وأخاً أباَ وملك!,"478 pages, Paperback",Arabic,"January 1, 1987"
124,يوميات نائب في الأرياف,Tawfiq Al-Hakim,"3.90 avg rating — 10,394 ratings",https://www.goodreads.com/book/show/3482579,3.90,"10,394 ratings","1,302 reviews",يوميات نائب في الأرياف، رواية من تأليف توفيق الحكيم، صدرت عام 1937 ترجمت ونشرت بالفرنسية عام 1939 (طبعة أولى) وفى عام 1942 (طبعة ثانية) وفى عام 1974 و1978 (طبعة ثالثة ورابعة وخامسة بدار بلون بباريس وترجم ونشر بالعبرية عام 1945 وترجم ونشر باللغة الإنجليزية في دار (هارفيل) للنشر بلندن عام 1947 -ترجة أبا إيبان- ترجم إلى الأسبانية في مدريد عام 1948 وترجم ونشر في السويد عام 1955، وترجم ونشر بالألمانية عام 1961 وبالرومانية عام 1962 بالروسية 1961. الرواية ألفها توفيق الحكيم يسرد فيها مشاهدات من الحوادث والقصص التي عرضت عليه أثناء عمله في القضاء في أحد مناطق الريف المصري. وتدور أحداث الرواية حول معاناة هذا النائب القادم من القاهرة إلى الأرياف، وكيف يمضي وقته في محاربة البعوض والذباب والاصطدام مع المأمور وكاتب النيابة.,"160 pages, Paperback",Arabic,"January 1, 1937"
125,الفيل الأزرق,Ahmed Mourad,"3.79 avg rating — 65,188 ratings",https://www.goodreads.com/book/show/16031620,3.79,"65,188 ratings","6,288 reviews","بعد خمس سنوات من العُزلة الاختيارية يستأنف د. يحيى عمله في مستشفى العباسية للصحّة النفسية، حيث يجد في انتظاره مفاجأة.. في ""8 غرب""، القسم الذي يقرّر مَصير مُرتكبي الجرائم، يُقابل صديقاً قديماً يحمل إليه ماضياً جاهد طويلاً لينساه، ويصبح مَصيره فجأة بين يدي يحيى.. تعصِف المفاجآت بيحيى وتنقلب حياته رأسًا على عقب، ليصبح ما بدأ كمحاولة لاكتشاف حقيقة صديقه، رحلة مثيرة لاكتشاف نفسه.. أو ما تبقى منها.. يأخذنا أحمد مراد في روايته الثالثة إلى كواليس عالم غريب قضى عامين في دراسة تفاصيله، رحلة مثيرة مستكشف فيها أعمق وأغرب خبايا النفس البشرية..","386 pages, Paperback",Arabic,"January 1, 2012"
126,عصر العلم,Ahmed H. Zewail,"3.79 avg rating — 4,960 ratings",https://www.goodreads.com/book/show/2244796._,3.79,"4,960 ratings",524 reviews,"هذا الكتاب هو محاولة لفهم طبيعة هذا العصر، من العلم إلى ما وراء العلم..من إيرادات سياسية وطاقات اجتماعية وثقافات للشعوب. وعليه..فأن هذا الكتاب يجمع بين تجربة المؤلف الذاتية فى ""عصر من العلم"" ورؤيته الشخصية للعالم فى ""عصر العلم""7 This book is listed by","261 pages, Paperback",Arabic,"January 1, 2005"
127,أرض النفاق,يوسف السباعي,"4.08 avg rating — 7,681 ratings",https://www.goodreads.com/book/show/2927732,4.08,"7,681 ratings",971 reviews,هذه قصة النفاق والمنافقين وأرض النفاق ،قصة قد يكون فيها بعض الشطط وبعض الخيال ، ولقد كنت أنوي أن اختمها كما يختم كتاب القصة عادة قصصهم الخيالية على أنها حلم ، وعلى انى فتحت عينى فوجدت نفسى راقدا على الآريكة في الدار ولكن يخيل إلى أن ما بها من حقائق قد طغى على ما بها من خيال. يا أهل النفاق !! تلك هى أرضكم .. وذلك هو غرسكم ... ما فعلت سوى أن طفت بها وعرضت على سبيل العينة بعض ما بها.. فإن رأيتموه قبيحا مشوها ، فلا تلوموني بل لوموا أنفسكم ... لو موا الأصل ولا تلوموا المرآة . أيها المنافقون !! هذه قصتكم ، ومن كان منكم بلا نفاق فليرجمني بحجر.,"286 pages, Paperback",Arabic,"January 1, 1949"
128,في عينيك عنواني,فاروق جويدة,"4.06 avg rating — 3,144 ratings",https://www.goodreads.com/book/show/3280282,4.06,"3,144 ratings",249 reviews,قصائد,"155 pages, Paperback",Arabic,"January 1, 1990"
129,هكذا علمتني الحياة,مصطفى السباعي,"3.96 avg rating — 4,396 ratings",https://www.goodreads.com/book/show/2750285,3.96,"4,396 ratings",384 reviews,يعد هذا الكتاب مجموعة من الخواطر الخاصة بالمؤلف الجليل ، والتي كتبها في فترات متقطعة كانت تدفع إلى كتابتها مناسبات الأحداث ولقد دونت هذه الخواطر كما وردت ، غير مرتبة ولا مبوبة ويردف بعضها بعضا ، فالكتاب يعرضها كما هي حتى تعطي صورة صادقة للمواقف التي كتبت لها ، وهذه الخواطر هي خلاصة تجارب المؤلف في الحياة ، ولم ينقل شيئا من كتاب ولا استعان فيها بآراء غيره ، فالكتاب يقدم خبرة ونصحا من الحياة نفسها ، فخير النصح ما أعطته الحياة نفسها ، وأبلغ الموعظة ما اتصل بتجارب الحياة ذاتها ، وهذه الخواطر لا تتحدث عن المعاني الدقيقة التي تخطر في بال الفلاسفة ، وإنما كتبت بعيدة عن التعقيد والغموض ، وتشتمل هذه الخواطر على معان كثيرة نظرا لعمومها ، وتركت هكذا حتى يفهمها القارئ أو يفهم منها ما يشاء ما دام لفظها يحتمل فهمه ويدل عليه ، والخواطر قد تتناول فئات من الناس ، لم يقصد بها أشخاصا معينين ، وإنما قصدت كل من اتصف بتلك الصفات ، فالخواطر المتعلقة بهم خواطر نحو صفات معينة لا أشخاص معينين .,368 pages,,"January 1, 1997"
130,رأيت رام الله,Mourid Barghouti,"4.21 avg rating — 19,129 ratings",https://www.goodreads.com/book/show/3243517,4.21,"19,129 ratings","3,488 reviews","""رأيت رام الله"" كتاب فاز بجائزة نجيب محفوظ للإبداع الأدبي (1997) هل هي رام الله سرّ الإبداع المحقق!! أم أنها الثلاثون عاماً من الغربة أشعلت في القلب الحنين والاشتياق إلى ساكني رام الله!! أم أنه الوطن المحرم المنتظر على مشارف جسر العبور... جسر العودة ذاك الذي سكن في ذاكرة مريد البرغوثي بصرير خشبة، وبضيق مساحته وقصر طوله. هو ذاك الجسر القصير مشت عبره الذاكرة إلى ذاك الأفق الرحب المشبع برائحة الأهل والمترع بالصور القديمة الساكنة في الوجدان. مريد البرغوثي فاز بجائزة عبوره ذلك الجسر الخشبي الصغير وكأنه بتجاوزه تمكن من المثول أمام أيامه، وجعل أيامه تمثل أمامه، يلمس تفاصيل منها بلا سبب مهملاً منها تفاصيل أخرى بلا سبب، مثرثراً لنفسه عمراً كاملاً، في يوم عودته ومن حوله يحسبون أنه في صمت عبر الجسر المحرم عليه بعد ثلاثين عاماً، وفجأة انحنى ليلملم شتاته، كما يلمّ جهتي معطفه إلى بعضها في يوم من الصقيع والتلهف. أو كما يلملم تلميذ أوراقه التي بعثرها هواء الحقل وهو عائد من بعيد. وعلى مخدعه في تلك الليلة، ليلة العودة-لملم النهارات والليالي ذات الضحك، ذات الغضب، ذات الدموع، ذات العبث، وذات الشواهد الرخامية التي لا يكفيه عمر واحد لزيارتها جميعاً، من أجل تقديم الصمت والاحترام، وفي غمرة كل ذلك الروح شاحبة، والنفس ذابلة، وسؤال يقفز، ما الذي يسلب الروح ألوانها والنفس أنغامها؟!! وما الذي، غير قصف الغزاة أصاب الجسر؟. لملم مريد البرغوثي كل ذلك ليحكي في كتابه هذا رحلة عذاب فلسطين من خلال أسلوب قصصي شاعري رائع، جسد صدقه الإنساني المعذب والجميل.","263 pages, Paperback",Arabic,"January 1, 1997"
131,لافتات - المجموعة الكاملة,أحمد مطر,"4.33 avg rating — 4,204 ratings",https://www.goodreads.com/book/show/6145314--,4.33,"4,204 ratings",373 reviews,أحمد مطر شاعر حقيقي في زمن امتلأ بالشعارات الجوفاء وأصحابها الدهناء .. لم يكتب في الغناء أو يهتف للسلطان.. وإنما وجه كلماته وأشعاره لكل موطن فيه ظلم او عدوان ، وبرغم منفاه وأمراضه في الغربة إلا أنه صامد لا يزال يطلق الرصاص من فوهة قلمه. في هذا الكتاب أعمال (أحمد مطر ) الكاملة... لافتات صريحة مكثفة في صفحات المجلات والكتب واحتواها هذا الكتاب. إنه كتاب نقدمه لسكان الوطن العربية وصاحبه الذي لم يهنأ له عيش فذاب وانصهر في مأسى الوطن العربي برغم وداعه ومفارقته للأراضى العربية.,"812 pages, Hardcover",Arabic,"December 19, 1996"
132,كيف أصبحوا عظماء؟,سعد سعود الكريباني,"4.09 avg rating — 5,718 ratings",https://www.goodreads.com/book/show/2854462,4.09,"5,718 ratings",665 reviews,تعلّم خطوات النجاح ال 3 التي يتقنها العظماء : لقد أتقن تاكيو أوساهيرا الخطوة الاولى فنقل قوّة أوروبا إلى بلده اليابان، وأتقن بقي بن مخلد الاندلسي الخطوة الثانية فأستطاع أن يسافر ماشيًا على قدميه من أسبانيا إلى العراق، وأتقن توماس أديسون الخطوة الثالثة فأضاء العالم بمصباحه. من خلال البحث المستمر في مشكلة الطلبة الموهوبين غير المنجزين ومن خلال الاطلاع على أكثر من 500 كتاب في النجاح والتوفق والموهبة، شملت سيرة مئات الناجحين والعلماء والعظماء، لخصت لك في هذا الكتاب عوامل النجاح في ثلاثة جمل : ثلاثة خطوات، فإن أتقنتها فأنت إن شاء الله في ركب هؤلاء العظماء,"200 pages, Hardcover",Arabic,"January 7, 2007"
133,الأعمال الشعرية الكاملة,Mahmoud Darwish,"4.46 avg rating — 2,688 ratings",https://www.goodreads.com/book/show/6718801,4.46,"2,688 ratings",138 reviews,"عندما تهاجر أسراب السنونو مواطنها... تسمع في حفيف أجنحتها صوت موسيقى شعره... وعندما تقرأ محمود درويش... تسمع في سطوره... في معانيه أناشيد تلك الطيور المهاجرة... فتدرك أن تلك الطيور لم تكن تغني لتطرب... بل لتبوح بلوعة الحنين... ولتبكي مأساة الهجرة... ومحمود درويش لا ينظم شعراً... بل من معانيه تتناهي قصائد... فتتهادى الكلمات... تشد بعضها بعضاً... في تلقائية فطرية... ينغمس فيها الإحساس... تتماهى فيه ومعه... وترحل بعيداً في عالم قصائده... وتحس بكل لوعات التشرد وما معنى أن يكون الإنسان بلا وطن... ""وماذا جَنَيْنا يا أمّاه حتى نموت مرتين... هل تعلمين ما الذي يملأني بكاءً؟... هَبي مرضت ليلةً... وهَدَّ جِسْمِي الداء... هل يذكر المساء مهاجراً أتى هنا... ولم يعد إلى الوطن؟ هل يذكر المساء... مهاجراً مات بلا كفن..."" هكذا تنساب معانيه... تتداخل في الذات، ومجلدات تذوب في كلماتها المأساة... حيناً... أنيناً ألماً وشوقاً... فكل كلمة أهة... وكل عبارة صرخة... وكل قصيدة مدائن حزن وطن ساكن في الوجدان... وشعره... وطنه ألفباءه... بدايته وطن مسلوب في وضح النهار... ونهايته تشرد وحنين... وأهل بلا أبناء... وأولاد بلا أوطان... وإنسان بلا عنوان...",675 pages,Arabic,"January 1, 1973"
134,ديوان الإمام الشافعي,محمد بن إدريس الشافعي,"4.44 avg rating — 5,266 ratings",https://www.goodreads.com/book/show/2168850._,4.44,"5,266 ratings",611 reviews,يضم هذا الكتاب بين دفتيه كل ما وصل إلينا من شعر (الإمام الشافعي) هذا الشعر الذي يتسم بالسمة الأخلاقية؛ ولا غرابة في ذلك فهو العالم الفقيه الحافظ المحدث؛ الذي شغلته العلوم القرآنية والدينية عن سواها إلا ما جاء صاباً في الناحية الخلقية أو جانب الدعاء والابتهال أو مورداً حكمة أو مثلاً. وهكذا فإن شعر الشافعي ذو طعم ورائحة يختلفان عن شعر الشعراء الآخرين التقليديين... إنه شعر رجل الدين الذي يقول الشعر ناصحاً موجهاً مؤدباً، ولذا فقد قال الشعر مفتخراً بمقدرته على القريض غير أن الشعر في نظره يزرى بالعلم. ومع ذلك فقد جاء شعر الشافعي في أغراض متعددة تنبع من أفكاره، الداعية إلى الله جلّ جلاه، ورسوله صلى الله عليه وسلم، وقد وسمت قصائده بسمة السهولة والبساطة في التعبير والأسلوب.,"218 pages, Paperback",Arabic,"January 1, 820"
135,The Prophet,Kahlil Gibran,"4.23 avg rating — 333,601 ratings",https://www.goodreads.com/book/show/2547.The_Prophet,4.23,"333,600 ratings","17,524 reviews","Kahlil Gibran’s masterpiece, The Prophet, is one of the most beloved classics of our time. Published in 1923, it has been translated into more than twenty languages, and the American editions alone have sold more than nine million copies. The Prophet is a collection of poetic essays that are philosophical, spiritual, and, above all, inspirational. Gibran’s musings are divided into twenty-eight chapters covering such sprawling topics as love, marriage, children, giving, eating and drinking, work, joy and sorrow, housing, clothes, buying and selling, crime and punishment, laws, freedom, reason and passion, pain, self-knowledge, teaching, friendship, talking, time, good and evil, prayer, pleasure, beauty, religion, and death.","127 pages, Paperback",English,"January 1, 1923"
136,The Yacoubian Building,Alaa Al Aswany,"3.72 avg rating — 23,456 ratings",https://www.goodreads.com/book/show/128711.The_Yacoubian_Building,3.72,"23,456 ratings","2,074 reviews","This controversial bestselling novel in the Arab world reveals the political corruption, sexual repression, religious extremism, and modern hopes of Egypt today. All manner of flawed and fragile humanity reside in the Yacoubian Building, a once-elegant temple of Art Deco splendor now slowly decaying in the smog and bustle of downtown Cairo: a fading aristocrat and self-proclaimed ""scientist of women""; a sultry, voluptuous siren; a devout young student, feeling the irresistible pull toward fundamentalism; a newspaper editor helplessly in love with a policeman; a corrupt and corpulent politician, twisting the Koran to justify his desires. These disparate lives careen toward an explosive conclusion in Alaa Al Aswany's remarkable international bestseller. Teeming with frank sexuality and heartfelt compassion, this book is an important window on to the experience of loss and love in the Arab world.","256 pages, Paperback",English,"January 1, 2002"
137,وحي القلم,مصطفى صادق الرافعي,"4.35 avg rating — 4,968 ratings",https://www.goodreads.com/book/show/2932708,4.35,"4,968 ratings",383 reviews,"كتاب وحي القلم عمل أدبي لمصطفى صادق الرافعي، ويعتبر من أجمل ما كتبه الرافعي، يتكون الكتاب من ثلاثة أجزاء هي عبارة عن مجموعة من مقالاته النقدية والإنشائية المستوحاة من الحياة الاجتماعية المعاصرة والقصص والتاريخ الإسلامي المتناثرة في العديد من الصحف والمجلات المصرية المشهورة في مطلع القرن الماضي مثل: الرسالة، وجريدة المؤيد والبلاغ والمقتطف والسياسة وغيرها. يجمع الكتاب كل خصائص الرافعي الأدبية متميزة بوضوح في أسلوبه, كذلك يجمع كل خصائصه العقلية والنفسية متميزة بوضوح في موضوعه, ففيه خلقه ودينه, وفيه شبابه وعاطفته, وفيه تزمته ووقاره, وفيه فكاهته ومرحه, وفيه غضبه وسخطه, فمن شاء أن يعرف الرافعي عرفان الرأي والفكرة والمعاشرة فليعرفه في هذا الكتاب. بدأ الرافعي في كتابة هذه المقالات في عام 1934 كل أسبوع بصيغة مقالة أو قصة، ليتم نشرها أسبوعياً في مجلة الرسالة تناول الكتاب مواضيع اجتماعية وأخرى عن الوصف والحب، كما فيه مواضيع توضح ما التبس من حقائق الإسلام وآدابه وخلفياته وبعض جماليات القرآن ينتزع من الدنيا حقائقها، ويرسلها ضمن نصوص صيغت بصيغة القصة التي تنزع إلى لفت نظر القارئ إلى المغزى.","1050 pages, Hardcover",Arabic,"January 1, 1937"
138,مصرائيل,أحمد جمال الدين رمضان,"4.62 avg rating — 1,144 ratings",https://www.goodreads.com/book/show/197003394,4.62,"1,144 ratings",345 reviews,,"62 pages, ebook",Arabic,"August 16, 2023"
139,Impasse des deux palais,Naguib Mahfouz,"4.20 avg rating — 23,000 ratings",https://www.goodreads.com/book/show/84073625-impasse-des-deux-palais,4.20,"22,999 ratings","2,686 reviews","« La rue d’al-Nahhasin n’était pas une rue calme… La harangue des camelots, le marchandage des clients, les invocations des illuminés de passage, les plaisanteries des chalands s’y fondaient en un concert de voix pointues… Les questions les plus privées en pénétraient les moindres recoins, s’élevaient jusqu’à ses minarets… Pourtant, une clameur soudaine s’éleva, d’abord lointaine, comme le mugissement des vagues, elle commença à s’enfler, s’amplifier, jusqu’à ressembler à la plainte sibilante du vent… Elle semblait étrange, insolite, même dans cette rue criante… » N. M. C’est dans les rues du Caire que Naguib Mahfouz, le « Zola du Nil », a promené son miroir et capté toutes les facettes d’une société égyptienne en pleine évolution. Impasse des deux palais est le premier volume d’une trilogie qui comporte également Le Palais du désir et Le Jardin du passé. Naguib Mahfouz est le premier écrivain de langue arabe à avoir reçu, en 1988, le prix Nobel de littérature.",,,"January 1, 1956"
140,حديث الصباح والمساء,Naguib Mahfouz,"3.95 avg rating — 7,944 ratings",https://www.goodreads.com/book/show/3495914,3.95,"7,944 ratings",972 reviews,"هى رواية كل كائن وإنسان على وجه الأرض... نفس البداية والنهاية.. لا يختلف فيها صبى عن رجل عن امرأة عن فتاة مهما اختلفت وتباينت الأحداث. فهذا ""أحمد عطا المراكيبي"" العملاق ذو الجسم الطويل المنبسط .. يباشر الأعمال ويتولى المهام ويرجع في نهاية المطاف مثقل الأجفان ويسلم روحه منتصف الليل ، وأيضا ""حليم عبد العظيم داود"" ولد في أحضان الترف والغنى وهزمه المرض الذي أسلمه إلى الموت.. و"" صديقة "" ، ""رشوانة"" ، "" معاوية"" ، ""بليغ"".. وغيرهم ممن استعرض حياتهم في هذا الكتاب المبدع ونجيب محفوظ"" وكان من خلال تصويره لهم يصور حياة البشر أجمعين .. ويعلنها عالية واضحة لا فرار منها .. يعلن أن الحياة كما تبدأ بصرخة وليد تنتهى بشهقة الموت.. فهذه القصص جمعت من الأهل والأقارب و الآباء والأبناء ما يترجم هذه الفكرة ويجسدها أمام قارئ الراوية.. و في بساطة الفكرة وتكرار أحداثها مع شخصها.. كان عمق الفلسفة وإصرارها التى أرادها أديب نوبل .. أنها ليست قصة بعض الأشخاص وإنما هى قصة الحياة والموت والفلسفة التي تصدر منها والبلاغة التي تصيغ حبات الأحداث ودرر الكلم في مزيج أخرج من المعتاد شرابا جديدا لن نمل الإستمتاع به رشفة رشفة. تحميل رواية حديث الصباح والمساء لنجيب محفوظ من هذا الرابط http://goo.gl/IGK2St","216 pages, Paperback",Arabic,"January 1, 1987"
141,The Arabian Nights,Anonymous,"4.02 avg rating — 82,488 ratings",https://www.goodreads.com/book/show/93101.The_Arabian_Nights,,,,,,,
142,الفوائد,Ibn Qayyim Al-Jawziyya,"4.51 avg rating — 4,679 ratings",https://www.goodreads.com/book/show/3827274,4.51,"4,679 ratings",443 reviews,"هذا كتاب في الوعظ فريد من نوعه؛ حيث إنه يشتمل على التفسير والحكم والطرائف والآراء والنظرات الفلسفية في مختلف شئون الدنيا والدين، وكثيرًا ما يتناول فيه المصنف آية أو جزء آية فيفسرها تفسيرًا لم يسبقه أحد إليه، أو جزءًا من حديث أو حتى كلمة فيه فيبرع في إخراج المعاني القيمة والحكم المفيدة بسبك رائع وأسلوب عظيم راق؛ فقد اشتمل الكتاب على فوائد منثورة حول الإيمان والإسلام والقرآن ومعرفة الله والتوبة والأخلاق، وفضائل السور ومعاني القرآن والاعتقاد، وفوائد حول الأحاديث المختلفة، وحقيقة الدنيا، وحقيقة الآخرة، وفوائد مستفادة من سيرة النبي صلى الله عليه وسلم رابط التحميل: http://www.waqfeya.com/book.php?bid=1781 This book, Al-Fawaid: A Collection of Wise Sayings is one of the well-known compilations of Imam Shams Ad-Dm Ibn Qayyim Al-Jawziyyah, who is well known by the name Ibn Al-Qayyim (may Allah have mercy upon him). This blessed book is not like others that simply contain sections, chapters and themes, but it consists of the elevated thoughts that Allah, Exalted be He, bestows upon some of His servants as He wills. So whenever any of these scattered pearls of wisdom occurred to the Imam, he would immediately record them. I am sure that he did not sit down and write this book in one or two weeks, but surely it was developed over a long period of time. Whenever something came to his mind, he would record it, and whenever he learnt a lesson or anything crucial in his life, he would illuminate the lines of his page with the ink of his pen.",,,"January 1, 1350"
143,مقدمة ابن خلدون,Ibn Khaldun,"4.31 avg rating — 5,011 ratings",https://www.goodreads.com/book/show/2312486._,4.31,"5,011 ratings",462 reviews,كتاب في التاريخ وعلم الإجتماع، هذا الكتاب مقدمة لكتاب في التاريخ، أراد فيه ابن خلدون أن يشرح علم التاريخ وأحوال المجتمعات وسياستها وأسباب نشوئها، فإن كان علم الإجتماع يعود لمؤسس فلا شك أنه يعود لابن خلدون، وتعتبر المقدمة مرجعا مهما لكل باحث في التاريخ أو علم الإجتماع أو باحث في أسباب نشوء الأمم أو جغرافية وحدود كثير من الدول في تلك الفترة، سواء كان الباحث عربي أو أجنبي,"3864 pages, Hardcover",Arabic,"January 1, 1377"
144,رياض الصالحين من كلام سيد المرسلين,يحيى بن شرف النووي,"4.66 avg rating — 7,509 ratings",https://www.goodreads.com/book/show/2939264,4.66,"7,509 ratings",302 reviews,"An extremely popular and useful compilation of authentic hadith. Covering every aspect of Islamic belief and moral conduct, it selects approximately 2000 hadith from the six major collections: Bukhari, Muslim, Abu Dawood, Tirmidhi, An-Nasai and Ibn Majah. It serves as an excellent hadith primer and daily reader. Wide range of topics: sincerity of purpose, spending in the way of Allah, rules of fasting, seeking knowledge, attending funerals and safeguarding the Qur'aan. Arabic text as well as English translation are presented here in this handsome hardcover two volume set. Riyad-us-Saliheen comprises of about 2000 ahadiths in 372 Chapters and 19 Sections: The Book of Good Manners - The Book about the Etiquette of Eating - The Book of Dress -The Book of the Etiquette of Sleeping, Lying and Sitting, etc.- The book of Greetings - The Book of Visiting the Sick - The Book of Etiquette of Traveling - The Book of Virtues - The Book of I'tikaf - The Book of Hajj - The Book of Jihad - The Book of Knowledge - The Book of Praise and Gratitude to Allah - The Book of Supplicating Allah to Exalt the Mention of Allah's Messenger (PBUH) - The Book of the Remembrance of Allah - The Book of Du'a (Supplications) - The Book of the Prohibited Actions - The Book of Miscellaneous Ahadith of Significant values - and The Book of Forgiveness. رابط التحميل: http://www.waqfeya.com/book.php?bid=5160","510 pages, hardcover",Arabic,"January 1, 1263"
145,قمر على سمرقند,Mohamed Mansi Qandil,"3.87 avg rating — 14,128 ratings",https://www.goodreads.com/book/show/5607622,3.87,"14,128 ratings","2,287 reviews","""على "" و ""نور الدين "" ، الأول مصري والثاني سمرقندي .. رفيقا تلك الرحلة المدهشة ..جمعتهما المصادفة في سيارة تاكسي يقودها نور الدين إلى سمرقند حيث يبحث "" علي "" عن ""رشيدوف "" صديق أبيه القديم . يصف لنا نور الدين بدقة ، وكأننا نراه : صوته العميق وملامحه المملوكية ، لحيته الحمراء وعينيه الزرقاوتين ، ملامحه الغريبة وكأنها رسم خيالي لصور الأسلاف !!..يهيمن بقوة غير محدودة على رفيقه المصري وعلى السيارة المتهالكة التي تعود إلى عصر الشيوعية .. رجل يشتمل على كل تناقضات التاريخ : القدسية والغواية ، التدين والمجون ..وعربية ناصعة محكمة تراعي مخارج الحروف ، ووعي مستفيض بتاريخ تلك البقعة الأسطورية التي حكمت العالم الإسلامي قرونا طويلة ..على خلفية من خضرة زاهية منبسطة وحقول قطن متوهجة تبدأ رحلتنا الخيالية إلى سمرقند . ............ أيام غريبة – وكأنها حلم - سنقضيها في صحبة نور الدين دليلنا إلى عالم ما وراء النهرين الذي يختبئ فيه التاريخ خلف كل قطعة حجر"" د.أيمن الجندي","713 pages, Paperback",Arabic,"January 1, 2004"
146,شكلها باظت,عمر طاهر,"3.50 avg rating — 9,012 ratings",https://www.goodreads.com/book/show/3692151,3.50,"9,012 ratings",561 reviews,ألبوم أجتماعى ساخر,"203 pages, Paperback",Arabic,"January 1, 2003"
147,Season of Migration to the North,Tayeb Salih,"3.72 avg rating — 34,395 ratings",https://www.goodreads.com/book/show/669780.Season_of_Migration_to_the_North,3.72,"34,395 ratings","4,709 reviews","The story of a man undone by a culture that in part created him, Season of Migration to the North, is a powerful and evocative examination of colonization in two vastly different worlds. When a young man returns to his village in the Sudan after many years studying in Europe, he finds that among the familiar faces there is now a stranger - the enigmatic Mustafa Sa'eed. As the two become friends, Mustafa tells the younger man the disturbing story of his own life in London after the First World War. Lionized by society and desired by women as an exotic novelty, Mustafa was driven to take brutal revenge on the decadent West and was, in turn, destroyed by it. Now the terrible legacy of his actions has come to haunt the small village at the bend of the Nile.","176 pages, Paperback",English,"January 1, 1966"
148,العنكبوت,Mostafa Mahmoud,"3.83 avg rating — 13,771 ratings",https://www.goodreads.com/book/show/3790931,3.83,"13,771 ratings","1,816 reviews",رواية فلسفية في قالب خيال علمي تطرح أحد الأسئلة الأزلية عن مصير الروح,"98 pages, Paperback",Arabic,"January 1, 1965"
149,الطنطورية,Radwa Ashour,"4.36 avg rating — 29,308 ratings",https://www.goodreads.com/book/show/8239301,4.36,"29,308 ratings","5,128 reviews",الطنطورية (نسبة الى قرية الطنطورة الواقعة على الساحل الفلسطيني جنوب حيفا) ، تعرضت هذه القرية عام 1948 لمذبحة على يد العصابات الصهيونية ، تتناول الرواية هذه المذبحة كمنطلق و حدث من الاحداث الرئيسية ، لتتابع حياة عائلة اقتلعت من القرية وحياتها عبر ما يقرب من نصف قرن إلى الآن مرورًا بتجربة اللجوء في لبنان. بطلة الرواية هي امرأة من القرية يتابع القارئ حياتها منذ الصبا الى الشيخوخة. الرواية تمزج في سطورها بين الوقائع التاريخية من ناحية و الإبداع الأدبي من ناحية أخرى.,"463 pages, Paperback",Arabic,"January 1, 2010"
150,ما فعله العيان بالميت,Belal Fadl,"3.46 avg rating — 7,195 ratings",https://www.goodreads.com/book/show/5971096,3.46,"7,195 ratings",625 reviews,"يقول الكاتب الساخر بلال فضل في تقديم هذا الكتاب: ""طلبتْ مني دار الشروق مشكورة مأجورة أن أكتب نبذة عن نفسي كما جرت العادة، التي يزعم أهل دار الشروق أنها عادة حسنة، وأزعم أنا أنها ليست كذلك. الكذب خيبة، هذا ليس موقفًا مبدئيًّا ضد حق النبذة في الوجود، فالحقيقة ببساطة أنني بعد لأي ""لأيت"" نفسي عاجزًا بالجملة والقطاعي عن كتابة تلك النبذة المتمنعة، وأنا الذي ما شكوت يومًا بفضل الرب من كتابة نُبَذ الغريب قبل نُبَذ القريب. لذلك وبدلا من إعلان فشلي قررت أن أتمرد على مشيئة دار الشروق فأنبذ فكرة كتابة أي نبذة عن نفسي، ليس غرورًا لا سمح الله ولا ثقة إن شاء الله، بل لسبب بسيط، هو أنك بعون الله لو قرأت قصصي التي تضمها هذه المجموعة ولم تعجبك فلن تجدي أي نبذة في الدنيا في تعويضك عن وقتك الذي ضاع وفلوسك التي راحت، ولن تكون بحاجة إلى مَنْ يقول لك نبذة عن المؤلف، بل إلى من يشد على يدك ويقول لك عَوَضك على الله. أما إذا قرأت قصصي وأعجبتك كما أظن، فأظن عيبًا جدًّا أن تطلب بعد ذلك نبذة عني. وفي الحالتين، حصلتْ لنا البركة","127 pages, Paperback",Arabic,"November 1, 2008"
151,عزازيل,Youssef Ziedan,"4.03 avg rating — 52,390 ratings",https://www.goodreads.com/book/show/3554772,4.03,"52,390 ratings","5,864 reviews","تدور أحداث الرواية في القرن الخامس الميلادي ما بين صعيد مصر والإسكندرية وشمال سوريا، عقب تبني الإمبراطورية الرومانية للدين المسيحي، وما تلا ذلك من صراع مذهبي داخلي بين آباء الكنيسة من جهة، والمؤمنين الجدد والوثنية المتراجعة من جهة أخرى. ""ما أظن أني تمتعت بعمل من هذا القبيل.. ما أروع هذا العمل"" -- يحيى الجمل ""هذه الرواية عمل مبدع وخطير، مبدع لما يحتويه من مناطق حوارية إنسانية مكتوبة بحساسية مرهفة تمتزج فيها العاطفة بالمتعة، وخطير لأنه يتضمن دراسة في نشأة وتطور الصراع المذهبي بين الطوائف المسيحية في المشرق.. إن يوسف زيدان يتميز بالموهبتين، موهبة المبدع وموهبة الباحث، وكثيرا ما تتداخل الموهبتان في هذا العمل"" -- سامي خشبة ""لو قرأنا الرواية قراءة حقيقية، لأدركنا سمو أهدافها ونبل غاياتها الأخلاقية والروحية التي هي تأكيد لقيم التسامح وتقبل الآخر، واحترام حق الاختلاف، ورفض مبدأ العنف.. ولغة الرواية لغة شعرية، تترجع فيها أصداء المناجيات الصوفية، خصوصا حين نقرأ مناجاة هيبا لربه "" -- د. جابر عصفور ""يوسف زيدان هو أول روائي مسلم، يكتب عن اللاهوت المسيحي بشكل روائي عميق. وهو أول مسلم، يحاول أن يعطي حلولا لمشكلات كنسية كبرى.. إن يوسف زيدان اقتحم حياة الأديرة، ورسم بريشة راهب أحداثا كنسية حدثت بالفعل، وكان لها أثر عظيم في تاريخ الكنيسة القبطية"" -- المطران يوحنا جريجووريوس","470 pages, Paperback",Arabic,"January 1, 2008"
152,كزهر اللوز أو أبعد,Mahmoud Darwish,"4.07 avg rating — 6,343 ratings",https://www.goodreads.com/book/show/2073853._,4.07,"6,343 ratings",720 reviews,في هذا الكتاب يبدو أن محمود درويش ما زال قادراً على الإدهاش ومنح الشعر العربي مزيداً من الأناقة والجاذبية المسيطرة في وقت يتراجع فيه ذلك الشعر ويسترسل في هذيانية بائسة وجهل مطبق. هنا يسأل درويش الشعر ويقيم حواجز للبلاغة وينقضّ على العبارة المعلبة في تمرد أسلوبي على المعنى والصورة في سياق اختراق للمفاهيم المتعارف عليها والمكررة والمملة. إنها أسئلة الشعر الأصلية من السرير وفاتورة الكهرباء إلى نخلة السومرية إلى نيويورك إلى وردة أريحا.. ونحن نلهث وراء الشاعر الذي يسابق الزمن ويحاول المستحيل http://www.4shared.com/office/WfT0HKV...,202 pages,Arabic,"January 1, 2005"
153,الحب في المنفى,Bahaa Taher,"3.82 avg rating — 6,751 ratings",https://www.goodreads.com/book/show/3437956,3.82,"6,751 ratings",862 reviews,ـ «رواية كاملة الأوصاف» ـ د. علي الراعي - الأهرام «نموذج جديد للرواية الواقعية» ـ د. شكري عياد - الهلال «رواية نسجها مؤلفها باقتدار كبير» ـ د. جابر عصفور - الحياة «كأنى بهذا المبدع الكبير يريد أن يحفر في وجدان قارئه ما حدث.. حتى لاينساه أبدا» ـ فاروق عبد القادر - روزاليوسف «بهاء طاهر كاتب واضح مسيطر على مادته وأدواته. جديد في رؤيته ومتفرد في نوع أدائه. الصدق هو النبرة الأولى التي تصافحك في سطوره، والتوازن الموضوعي هو العلامة الواضحة التي يقيم عليها بناء نصوصه» -علاء الديب - صباح الخير,"254 pages, Paperback",Arabic,"January 1, 1995"
154,الأسود يليق بك,Ahlam Mosteghanemi,"3.62 avg rating — 64,960 ratings",https://www.goodreads.com/book/show/16081961,3.62,"64,960 ratings","6,153 reviews",ما من قصة حب إلا و تبدأ بحركة موسيقية ، قائد الأوركسترا فيها ليس قلبك، إنما القدر الذي يخفي عنك عصاه . بها يقودك نحو سلم موسيقي لا درج له، مادمت لا تملك من سيمفونية العمر لا ((مفتاح صول)) ..ولا القفلة الموسيقية. الموسيقى لا تمهلك، إنها تمضي بك سراعا كما الحياة، جدولا طربا، أو شلالا هادرا يلقي بك إلى المصب. تدور بك كفالس محموم، على إيقاعه تبدأقصص الحب ...و تنتهي. حاذر أن تغادر حلبة الرقص كي لا تغادرك الحياة. لا تكترث للنغمات التي تتساقط من صولفيج حياتك فما هي إلا نوتات,"331 pages, Paperback",Arabic,"January 1, 2012"
155,رحلتي الفكرية في البذور والجذور والثمر: سيرة غير ذاتية غير موضوعية,عبد الوهاب المسيري,"4.39 avg rating — 4,787 ratings",https://www.goodreads.com/book/show/3831344,4.39,"4,787 ratings",852 reviews,أصدرت دار الشروق طبعة جديدة من السيرة الممتعة للمفكر الكبير الدكتور عبد الوهاب المسيري. يرصد تحولاته الفردية في الفكر والمنهج ويؤرخ، فى الوقت نفسه، لجيل بأكمله، أو لقطاع منه. فتحولات صاحب هذه السيرة ليست بأى حال منبتة الصلة بما كان يحدث حوله. ومن هذا المنظور، تصبح أحداث حياة المؤلف لا أهمية لها فى حد ذاتها، وإنما تكمن أهميتها فى مدى ما تلقيه من ضوء على تطوره الفكرى. وقد فهم المؤلف كثيرًا من أحداث حياته الخاصة (الذاتية) من خلال نفس الموضوعات الأساسية الكامنة والمقولات التحليلية التى استخدمها فى دراساته وأبحاثه (الموضوعية)، وليس العكس. ولكن هذه الرحلة الفكرية، مع هذا، هى رحلة المؤلف الفردية، فهو الذى تفاعل مع ما حوله من تجارب منذ أن وُلد فى دمنهور ونشأ فيها إلى أن انتقل إلى الإسكندرية ومنها إلى نيويورك ثم أخيرًا إلى القاهرة حيث استقر به المقام. فإذا كانت هذه الرحلة الفكرية، سيرة غير ذاتية، فهى أيضًا سيرة غير موضوعية، سيرة إنسان يلتقي فى فضاء حياته الخاص بالعام، ولهذا فهو لا يذكر القضايا الفكرية المجردة وحسب، وإنما يشفعها دائمًا بأحداث من حياته أو اقتباسات من كتاباته تبين كيف ترجمت القضية الفكرية (العامة) نفسها إلى أحداث ووقائع محددة فى حياته الشخصية (الخاصة) وذلك بأسلوب المؤلف السلس والعميق والساخر. وهذه الطبعة الجديدة تتميز بعض الإضافات وأهمهما ملحق صور كبير يتناول رحلة المؤلف ومحطات حياته المختلفة.,"762 pages, Hardcover",Arabic,"January 1, 2000"
156,ماذا حدث للمصريين؟,Galal Amin,"3.94 avg rating — 4,455 ratings",https://www.goodreads.com/book/show/3438912,3.94,"4,455 ratings",480 reviews,أشهر كتاب لمفكر الكبير الدكتور جلال أمين يحلل فيه بطريقته السهلة العميقة ما حدث من تغيرات في حياة المصريين وطريقتهم خلال النصف قرن الماضي وذلك بأسلوب ساخر جذاب. فيتناول مثلا الطبقة الوسطى والتعصب الديني والمرأة والأسياد والخدم والهجرة واللغة العربية والسيارات الخاصة وأفراح الأنجال والتصييف والأغاني والأفلام ومواضيع أخرى,"192 pages, Mass Market Paperback",Arabic,"January 1, 1998"
157,زمن الخيول البيضاء,Ibrahim Nasrallah,"4.43 avg rating — 11,336 ratings",https://www.goodreads.com/book/show/6219415,4.43,"11,336 ratings","2,260 reviews","متزامنة مع الذكرى الستين لاحتلال فلسطين, تصدر (زمن الخيول البيضاء) رواية ملحمية استثنائية يتوج بها الشاعر والروائي إبراهيم نصرالله مشروعه الروائي الكبير ( الملهاة الفلسطينية ) الذي بدأ العمل عليه منذ عام 1985 , و الذي صدر منه ست روايات لكل رواية أجواؤها الخاصة بهاو شخوصها و بناؤها الفني و استقلالها عن الروايات الأخرى يتأمل نصرالله في هذا المشروع 125 عاما من تاريخ الشعب الفلسطيني برؤية نقدية عميقة و مستويات فنية راقية , انطلاقا من تلك الحقيقة الراسخة التي عمل عليها دائما و التي تقول بأن إيماننا بالقضايا الكبيرة يحتم علينا إيجاد مستويات فنية عالية للتعبير عنها","511 pages, Paperback",Arabic,"January 1, 2007"
158,الأندلس التاريخ المصور,طارق السويدان,"4.18 avg rating — 2,723 ratings",https://www.goodreads.com/book/show/2498049._,4.18,"2,723 ratings",243 reviews,التدريب والتدريس الإبداعي د. طارق السويدان,"520 pages, Paperback",Arabic,"April 1, 2005"
159,في صالون العقاد كانت لنا أيام,أنيس منصور,"4.09 avg rating — 3,200 ratings",https://www.goodreads.com/book/show/3599532,4.09,"3,200 ratings",400 reviews,ليس هذا عملا أدبيا فلسفيا تاريخيا دينيا شخصيا فقط، وإنما هو جيل.. عصر.. دنيا الأديب الكبير أنيس منصور الحائز على جائزة الدولة التشجيعية سنة 1963 وجائزة الدول التقديرية سنة 1982 .. وفي هذه الدنيا كل ملامح الجيل ، وعذاب العصر وحيوية التاريخ ، وروعة الفلسفة وحرارة الدين .. ثم هذا الضياع الذي عاشه أنيس منصور هو وجيله من الشبان.. وكان الأستاذ عباس العقاد هو العملاق والمثل الأعلى.. الهدف والطريق ... البداية والنهاية . أو كان البداية وكان قيب النهاية فيد التقى به وسمعه وبكى عليه وتحيرت قدماه بين كل عباقرة العصر الأحياء والأموات.. * ففي صالون العقاد احتشدت كل العقول والأذواق والضمائر وكل الحديد والنار والقلق والعذاب والأبهة والكبرياء وكل المعارك بين المبادئ والقيم.. * ولكن كاتبنا الكبير أنيس منصور، الذي أصدر سبعين كتابا خرج سالما غانما وفي يده هذا الذي بين يديك : متاب من أروع الكتب التى صدرت فيا لخمسين عاما الماضية في عالمنا العربي .. إنه صالون العقاد بقلم انيس منصور أو صالون أنيس منصور على ضوء العقاد أو هو العقاد من اختراع أنيس منصور. أيا اخترت من هذه المعاني فإن متعتك مضمونة .. وهى متعه لا نهاية لجمالها وعمقها مع كتاب العام وكل عام!,"667 pages, Paperback",Arabic,"January 1, 1983"
160,كيف تخطط لحياتك,صلاح الراشد,"3.88 avg rating — 1,772 ratings",https://www.goodreads.com/book/show/2422709._,,,,,,,
161,أعجب الرحلات في التاريخ,أنيس منصور,"3.99 avg rating — 3,503 ratings",https://www.goodreads.com/book/show/6083214,3.99,"3,503 ratings",269 reviews,هناك ثلاثة أنواع من الرحلات: أن تسافر أو أن تقرأ الكتب أو أن تقرأ كتب الرحلات .. وهناك فرق بين أن تسافر لتري البلاد وأن تسافر لتعرف الناس، والذي يسافر كثيرًا يعرف الكثيرين ولكنه يصادق القليلين، وكثيرون راحوا وجاءوا .. وجاءوا كما راحوا لم يتغير منهم شيء، وسبب ذلك أن نفوسهم صماء لم تنفتح علي شيء، والمثل يقول «حمار سافر فلن يعود حصانًا»؛ ولهذا كانت كتب الرحلات في أعماقنا وأعماق الآخرين وأعماق الدنيا؛ ولذلك كانت أروع الرحلات هي التي نقوم بها في رحلات الآخرين نري بعيونهم ونسمع بآذانهم، نرتمي في أحضانهم ونمشي علي الدنيا معًا.,"723 pages, Hardcover",Arabic,"January 1, 1971"
162,ديوان المتنبي,أبو الطيب المتنبي,"4.39 avg rating — 2,504 ratings",https://www.goodreads.com/book/show/6348484,,,,,,,
163,نقطة النور,Bahaa Taher,"3.85 avg rating — 6,710 ratings",https://www.goodreads.com/book/show/2877205,3.85,"6,710 ratings",999 reviews,"يفتح بهاء طاهر نوافذ الفكر مشرعة على الاستقراءات الاجتماعية وحتى التاريخية ويدني القارئ أكثر وأكثر للاشتفافات الروحية. تنطلق عباراته شفافة في مدى الجانب الصوفي، وتأتي معانيه مترعة بالشوق واللهفة إلى بلوغ مراتب السموّ على دروب معالج السالكين. تتآلف هذه كله دونما نفور عند انعطافه للحديث عن الجسد وعن الإنسان بحالاته البشرية. وتتخذ هذه كلها لتشكل نقطة نور تضيء النفس بروعة الخيال الروائي المحتفل بعرس الحياة. هكذا يتحف بهاء طاهر القارئ بروايته ""نقطة النور"" المستمدة من واقع الحياة، ونقطة النور إنما هي رمز فلسفي يجسد فكرة تصالح الإنسان مع ذاته. الناس أجناس و النفوس لباس، و من تلبّس نفسا من غير جنسه.. وقع في الالتباس","302 pages, Paperback",Arabic,"January 1, 1999"
164,ليالي ألف ليلة,Naguib Mahfouz,"4.11 avg rating — 10,149 ratings",https://www.goodreads.com/book/show/5996777,4.11,"10,149 ratings","1,519 reviews",ليالي ألف ليلة وليلة معاصرة... ومملكة شهريار مدائن معاني تضج في خيال نجيب محفوظ... وشهرزاد رمزاً ينسحب... يتسلل من الماضي كاسم ليكون شهرزادات وليكون شهريار شهريارات ولتأتي الحكاية حكاية كل زمان وكل مكان... تحدث بالقهر... بالتسلط والمعاناة.... ويقف نجيب محفوظ خلف سطوره... وبين ثنايا معانيه يحركها وكأنه الواقف خلف ستار مسرح الدمى... يحرك عرائسه... يبدل أثوابها... يزخرفها... يلونها بألف لون ولون... ليغدو القارئ المشاهد أسير عالمه ويعود بذاكرته إلى الوراء... ليدنو إلى ما يسفر عنه الحاضر,"298 pages, Paperback",Arabic,"January 1, 1979"
165,تلك العتمة الباهرة,Tahar Ben Jelloun,"4.26 avg rating — 13,706 ratings",https://www.goodreads.com/book/show/3127736,4.26,"13,706 ratings","2,606 reviews",,"223 pages, Paperback",Arabic,
166,دماغي كده,Ahmed Khaled Towfik,"3.88 avg rating — 3,956 ratings",https://www.goodreads.com/book/show/6774781,3.88,"3,956 ratings",307 reviews,مجموعة من المقالات المتنوعة للرائع أحمد خالد توفيق تنتاول أحوالنا الاجتماعية والسياسية والعلمية والفنية بأسلوبه الساخر المميز .. قد نتفق أو نختلف حول الآراء المطروحة خاصة السياسية منها لكنها تظل جولة ممتعة فى دماغ المؤلف.,"286 pages, Mass Market Paperback",Arabic,"January 1, 2008"
167,البخلاء,Al-Jahiz,"3.81 avg rating — 3,411 ratings",https://www.goodreads.com/book/show/6315308,3.81,"3,411 ratings",395 reviews,يتناول الجاحظ في كتابه صفة البخل من خلال مجموعة من القصص والحكايات والنوادر الطريفة والمضحكة التي تصف سلوك وتصرفات البخلاء الذين قابلهم في حياته. لم يكن هدفه مجرد السخرية، بل كان يهدف إلى نقد هذه الصفة السلبية وأثرها على الفرد والمجتمع، وتشجيع القيم الأخلاقية مثل الكرم. يتميز أسلوب الجاحظ في الكتاب بما يلي: الواقعية والوصف الدقيق: يصور الجاحظ البخلاء تصويراً واقعياً وحسياً ونفسياً، مبرزاً حركاتهم ونظراتهم القلقة أو المطمئنة. الفكاهة والسخرية: يستخدم الجاحظ أسلوباً ساحراً وساخراً لجعل القارئ يضحك من هؤلاء الشخصيات دون أن يكرههم. الحوار الحي: يعتمد الكاتب على كثرة استخدام أسلوب الحوار بين الشخصيات، ممزوجاً أحياناً بألفاظ عامية لتقريب الصورة الحسية من ذهن القارئ. الدراسة الاجتماعية: يعتبر الكتاب وثيقة تاريخية هامة تعكس الحياة الاجتماعية والثقافية في ذلك العصر.,259 pages,Arabic,"January 20, 1969"
168,الروح,Ibn Qayyim Al-Jawziyya,"4.15 avg rating — 3,648 ratings",https://www.goodreads.com/book/show/2750303,4.15,"3,648 ratings",390 reviews,هذا كتاب عظيم النفع جليل القدركثير الفائدة ما صنف مثله في معناه فلا تكاد تجد ما تضمنه من بدائع الفوائد وفوائد القلائد في كتاب سواء ويشتمل علي جملة من المسائل تتضمن الكلام علي أرواح الأموات والأحياء بالدلائل من الكتاب والسنة والآثار وأقوال العلماء الأخيار لا أدري أسئل مصنفة قدس الله روحه عنها فأجاب أم سئل عن البعض ولكن هو أطال الخطاب فإني رأيته مجردا عن خطبة وسؤال أصلا مبتدئا فيه بقوله ( أما فأحببت بعد استخارة الله سبحانه وتعالي أن افتتحه بهذه الخطبة المباركة العظيمة لكونه كتابا في ضمن مسائله التي تتأملها وتشاهدها كل درة يتيمة لينشرح صدر الناظر فيه .,363 pages,Arabic,"January 1, 1320"
169,خلق المسلم,Muhammad Al-Ghazali,"4.39 avg rating — 4,462 ratings",https://www.goodreads.com/book/show/6048350,4.39,"4,462 ratings",414 reviews,"This is a translation of Khuluq al-Muslim in American English. The book presents the comprehensive nature of Islamic morality which covers all aspects of life - public as well as private, religious as well as social, economic as well as political. Islamic morality is not limited to Muslim society but it extends to human society.",212 pages,Arabic,"January 1, 1987"
170,كتاب مالوش اسم,أحمد العسيلي,"3.38 avg rating — 7,124 ratings",https://www.goodreads.com/book/show/6681613,3.38,"7,124 ratings",731 reviews,وانا صغيّر كان فيه حلم يقظة بيجيلي كتير جدًّا؛ قال خير اللهم اجعله خير، طالع انا في التليفزيون بَقُول نظريات وأفكار ورأيي في كل حاجة في الدنيا، والمذيعة الحلوة منبهرة جدًّا بكل كلمة بقولها. وقاعد انا بقه مُنْجَعِصْ بثقة في الكرسي بتاعي ومكتوب تحت صورتي بالبنط العريض «المفكّر الكبير: أحمد العسيلي». حلم غريب جدًّا طبعًا. هي دي شغلانة يحلم بيها طفل دي؟ المفكّر الكبير؟! بس الحمد لله.. جزء من النبوءة تحقق.. بَطْلَع في التليفزيون وفي الراديو وبَكتب مقالات وكمان بَكتب كتاب اهه.. بس الأهم، لإنه السبب في كل ده.. إني على طول بَفكّر.. بَفكّر.. بَفكّر.. أحمد العسيلي,"193 pages, Paperback",Arabic,"January 1, 2009"
171,السقا مات,يوسف السباعي,"4.15 avg rating — 4,292 ratings",https://www.goodreads.com/book/show/3930100,4.15,"4,292 ratings",494 reviews,"حدثت هذه القصة حوالي عام 1921 في حي الحسينية ومازال مسرح حوادثها قائما كما هو، وقد تكون كف السنين بدلت وجهه بالفناء والهدم، والبناء والتنظيم.. إلا أن الكثير من علاماته المميزة مازالت قائمة على حالها لم يخن عليها الدهر، ولم يبدلها الزمن. وأشهر هذه العلامات وأشدها ارتباطًا بقصتنا صنبور المياه الحكومي. القائم في إحدى زوايا درب السماكين، أمام كشك صغير تربع فيه ""سيد الدنك"" المانح المانع، الآمر الناهي في مياه الحي. الحاكم بأمره في صف طويل عريض من النسوة ذوات الصفائح، والرجال ذوي القرب. وكم أود لو وضعت القارئ في مسرح القصة وجعلته يتجول في أزقته وحواريه، ويراها رأى العين.. ولكنني أشك كثيرا في أن قارئ هذا الجيل يستطيع الوصول بسهولة إلى هذه الربوع القديمة التي دالت دولتها وأدبر عزها وعفى جمالها وزال سؤددها، وأضحت قصورها أطلالا بالية ودمنا عافية.. ومع ذلك فليس أحب إلى من التطوع بقيادته إلى هناك واصطحابه في جولة قصيرة سريعة، تعطى له مجرد فكرة سطحية عابرة عن المكان، الذي أوشك أن أزج به إليه. واضعه فيه، خلال فترة قراءته لهذه القصة.","333 pages, Paperback",Arabic,"January 1, 1952"
172,نيران صديقة,Alaa Al Aswany,"3.27 avg rating — 7,145 ratings",https://www.goodreads.com/book/show/5520516,3.27,"7,145 ratings",538 reviews,"كما برع علاء الأسواني في كتابة الرواية، فقد برع أيضا في كتابة القصة القصيرة. وفي هذا الكتاب تنفرد دار الشروق بنشر الأعمال القصصية المجمعة لمؤلف ""عمارة يعقوبيان"" في كتاب واحد. وهي القصص التي نشرت من قبل في مجموعتين قصصيتين نفدتا منذ مدة طويلة وهما:""الذي اقترب ورأى"" و""جمعية منتظري الزعيم"" ثم نشرت مختارات منهما تحت عنوان ""نيران صديقة"" عام 2004 وتقدم القصص تحليلا رائعا للمجتمع المصري في صورة نابضة وواقعية لقاهرة اليوم","225 pages, Paperback",Arabic,"January 1, 2004"
173,حب في أغسطس (فانتازيا، #36),Ahmed Khaled Towfik,"4.17 avg rating — 1,826 ratings",https://www.goodreads.com/book/show/6279483,4.17,"1,826 ratings",235 reviews,هناك قصص حب في كل فصول السنة.. لكننا اليوم نحكي عن قصة حب في (أغسطس).. في عالم قرر كل ما فيه أن يكون قبيحًا أو سوقيًا أو فظًا أو قاسيًا أو متعجرفًا أو غامضًا، فإن بعض الكلام عن الرومانسية لن يؤذي أحداً..لماذا (أغسطس) بالذات ؟.. لا.. ليس هذا نوعًا من أدب المناسبات.. إن القصة تبدأ كما يلي,"154 pages, Paperback",Arabic,"July 1, 2006"
174,الطيبيون,أدهم العبودي,3.70 avg rating — 333 ratings,https://www.goodreads.com/book/show/22493251,3.70,333 ratings,83 reviews,"رواية الطيبيون هي الرواية الأولى في العالم التي تسرف تفاصيل الحرب التي خاضها ملوك أسرة الأناتفة لأكثر من مئتي سنة لاسترداد المُلك لطيبة رغم كثرة الروايات العربية والأجنبية إلا أن أحدا لم يلتفت من قبل لهذه الأسرة المؤثرة بقوة في تاريخ مصر القديم والتي صنعت أسطورة ""طيبة"" التي يتحاكى عنها الأولون والآخرون *** ""أدهم العبودي"" مستقبل الرواية في مصر والوطن العربي، يكتب بلغة عالمية. لا ينافسه أحد، ولا يقاربه أحد في موهبته، له عالمه بخصوصيّته الفريدة، ولا أجد أنّ كاتبًا يمتلك مثلما يمتلك ""أدهم"" من تميّز. (بهاء طاهر) أنا من اللذين تأسرهم التفاصيل، وأرى هنا عينًا لاقطة بمهارة وتفاصيل ممتعة وسرد مشحون. شكرًا للمتعة. (أمير تاج السّر) ""الطيبيون"" لغة مكتوبة كالأقانيم، إذ تجدها تنحت كلماتها وبها روح ""الكرنك""؛ المعبد القديم. يمنحك ""أدهم العبودي"" معمارًا متفرّدًا، كما يمنحك رائحة وطعم الزمن وتقلّباته. رواية فارقة، ولغتها وصفية بامتياز. (محسن يونس) *** من أجواء الرواية .... في سهاد المساء الرخيم، تخلد ""الكرنك"" إلى النوم، ربما مبكّرًا، ربما من شدّة السأم، إنّما تخلد إلاّ من أساطيرها التي لن تغفو متى ظلّ الزمن؛ تلك المحفورة في أذهان الأجيال وفوق جدران المعابد، ومن بعض الرجال الذين يخرجون لقضاء الأمسية في بار ""التِرس"" يحتسون البيرة وعرق البلح والزبيب ويدخّنون الحشيش. الأجواء هادئة تمامًا، والريح الخفيفة لم تزل تعبث بقمم النخيل الباسقة في كلّ المساحات، فيبدو وشيشها ملائمًا للسكون. كانت ""الكرنك"" غافية.. شاغرة.. إلاّ من هؤلاء، ومن ""ممدوح"" المحنّي فوق مياه ""الملاّحة"" يتشطّف من أشياء وأشياء، قديمها وجديدها، طالما تذكّرها فغاج فؤاده ونبض متقرّحًا. فمه يهمهم بالدعوات والأوراد، كدأبه في كلّ مساء. انتبه على لهاث ""عبيد"" المُقبل من بعيد، فاعتدل وبدا مغشيّ البصر، كأنّما دمعًا لم يزل مقترنًا بالدعوات شحيحة الأمل، مضى يستوضح ببصره، مطّ رأسه فبان له الطريق، ولمح جسد ""عبيد"" الآتي هرولة، كان وجهه مليئًا بالعرق وبالرعب، فاستقام ناهضًا، نفض عن يديه بقايا قطرات ماء الملاّحة، ومسح بكمّ جلبابه وجهه، بدا أنّ ""عبيد"" وجد أخيرًا من ينتزعه من فزعه، صاح بصوت عال من قبل حتّى أن يستشرف عن هوية ""ممدوح"": - الحقني، الحقني ربنا يبارك فيك. في برود تلقائي، وعلى مضض، وفي نبرة غير حافلة، قال ""ممدوح"": - خير...؟! وهمّ يزجره، لكن دنا ""عبيد"" منه، بسرعة رمى بجسده عليه كمن عثر على ضالّة مفقودة، كان يلهث مثل جرو، وكانت له رائحة قبو مغلق، أسمال جلبابه المتهرئ مليئة باتّساخات قديمة تبعث على التقزّز والقشعريرة، فغر ""ممدوح"" فاه، أدرك أنّ في الأمر خطبًا ليس هينًا.. ""وهل هذا وقته!"".. تطلّع للحظة نحو ""عبيد"" ولبث يأوي لتركيز واهن، إضاءة عامود النور في الأعلى الساقطة عليهما تكشف عن كلّ ملامح ""عبيد"" فيبدأ يستعيد بها كذلك تركيزه، خدّاه مرتّعان بشروخ محفورة واضح أنّها منذ زمن ليس بقريب، تركت فوق وجهه أمارات القبح وسمات اللصوصية، في الواقع هذه هي المرّة الأولى التي يتفحّصه فيها عن قرب، كان يراه قبلًا ككلّ أهل المدينة، واحدًا من أولئك اللصوص المدشّنين بالاحتقار، الذين يسطون على أحواش البهائم في العشيّة وتحت جنح الظلام، من دون أن يتمكّن من القبض عليه أحد، رغم أنّهم يعلمون بما لا يدع مجالًا لريب أنّ من يختلس بهائهم هو ""عبيد"" وعصابته، ذلك إن كانت له عصابة، كان يراه من بعيد ولا يحفل في التدقيق في ملامحه، يبتسم له ابتسامة فاترة على مضض، أو يرفع له يده نصف رفعة كأنّه يقول: (غور)، ثم يمضي عنه ببصره في امتعاض، إنّما ماله يشعر الآن أنّ عليه أن يشاطره الرعب الذي أفضى به إلى طريقه؟ ربما الفضول، وربما الشفقة، وربما القليل من التسرية. راح يتفحّصه بإمعان، لم يكن طويلًا ذلك الطول ولا نحيفًا كما بدا ذي قبل، ولا قبيحًا للدرجة، بل كان مرتجفًا خائفًا ممّا ينفي عنه هيبة أنّه لصّ ونطّاط بيوت، ضحك في نفسه ضحكة مفتقدة وقال: أنت حرامي بهائم، أدعى بالفعل أن تكون أكثر خزيًا وانكسارًا ورعبًا عند مقابلة الخلق، ولابد أنّ واحدًا ممّن سطوت على بهيمته الليلة يلاحقك بالسلاح. أخذ في التطلّع له وهو يرتجف مثل عريان في ليلة شتاء قارص، بشكل أكثر تدقيقًا، انتابه للحظة إحساس بالقرف، من وجهة نظر ""ممدوح"" سرقة البهائم أدنى مستويات الإجرام وأقلّها شرفًا. كان فم ""عبيد"" يدلق اللعاب من غير وعي أو اتّزان، وعيناه مغيّمتان لا تستقران في نظرة محدّدة، أكمل في تهدّج وفي لوعة: - أستاذ ""ممدوح"".. حمدًا لله. - مالك...؟! اهدأ... - ""عيط الله""... ابتسم ""ممدوح""، ربما أدرك في قرارة نفسه أيضًا منذ أن رآه بمثل تلك السحنة الشاحبة أنّ احتمال الخرافة وراء الحكاية ليس بناءٍ، الليل في ""الكرنك"" يحمل في ثنايا هدوئه ورونقه الكثير من شاكلة ""عبيد""، هؤلاء الذين يقسمون أنّهم رأوا ""عيط الله"" فروّعهم، لم تكن المرّة الأولى التي يقابل فيها الفارّين منه، أو من غيره من شخوص الأساطير التي يختزلها المكان، إنّما لا يصدّق في الغالب إلاّ ما يستقر له وجدانه أو ما يرى بعينيه، أكمل ""عبيد"" كأنّه يهذي: - رأيته بعيني.. والله رأيته.. شكله أستغفر الله.. وشرّ الدنيا ينطّ من عينيه.. وأخذ يتلفّت حوله بنفس الفزع، ثم أضاف: - أظنني أضعته.. هه.. لن يخرج خلفي من المعبد.. ملعون ابن الكلب.. صح يا أستاذ ""ممدوح""؟!","294 pages, Unknown Binding",,"January 1, 2014"
175,بداية ونهاية,Naguib Mahfouz,"4.11 avg rating — 8,559 ratings",https://www.goodreads.com/book/show/5954846,4.11,"8,559 ratings",905 reviews,"قد يلفت انتباهك اسم الرواية ""بداية ونهاية ""، ويتركك حائرًا متسائلًا، بداية ماذا؟ ونهاية ماذا؟ وسرعان ما ستتبدد تلك التّساؤلات من خلال سير الأحداث، فتدرك أنّ اسم الرّواية يختصر قصّتنا في كلمتين، ويضعها في إطار مُتقن، رسم كاتبنا من خلاله أحداث قصّته، موضّحا أنّ النّهاية لتلك القصّة ما هي إلّا المصير المحتوم لبدايتنا، فالبداية كانت بالموت والنّهاية مع الموت، وما بينهما ما هو إلّا مجموعة من التّفاصيل والأحداث تتناول شخصيّات القصّة و تضحياتها، كيف بدأت كلّ منها؟ وكيف انتهت؟ هذا ما سيعرضه لنا الكاتب بإتقان محكم ونسيج متقن، فقد صال وجال في بحور اللّغة وألوانها، ممّا لن يدع مجالا للشّكّ في نفسك بأنّ ما ينقله هو صورة طبق الأصل لواقع نحياه، وستجد نفسك وقد ارتبطت بأبطاله وألفتهم، حتى بتّ تحيا معهم، فمصابهم مصابنا، وحزنهم حزننا، بكينا كما بكوا، وضحكنا حين ضحكوا.","412 pages, Paperback",Arabic,"January 1, 1949"
176,ماذا علمتني الحياة؟,Galal Amin,"3.99 avg rating — 4,169 ratings",https://www.goodreads.com/book/show/6016941,3.99,"4,169 ratings",613 reviews,ماذا علمتنى الحياة منذ سنوات كثيرة، رأيت فيلما بولنديا صامتا لا يزيد طوله على عشر دقائق، ظلت قصته تعود إلى ذهنى من وقت لآخر، وعلى الأخص كلما رأيت أحدًا من أهلى أو معارفى يصادف فى حياته ما لا قِبَلَ له بردّه أو التحكم فيه. تبدأ القصة البسيطة بمنظر بحر واسع، يخرج منه رجلان يرتديان ملابسهما الكاملة، ويحملان معا، كل منهما فى طرف، دولابا عتيقا ضخما، يتكون من ثلاث ضلف، وعلى ضلفته الوسطى مرآة كبيرة. يسير الرجلان فى اتجاه الشاطئ وهما يحملان هذا الدولاب بمشقة كبيرة، حتى يصلا إلى البرّ فى حالة إعياء شديد، ثم يبدآن فى التجول فى أنحاء المدينة وهما لا يزالان يحملان الدولاب. فإذا أرادا ركوب الترام حاولا صعود السلم بالدولاب وسط زحام الرّكاب وصيحات الاحتجاج. وإذا أصابهما الجوع وأرادا دخول مطعم، حاولا دخول المطعم بالدولاب فيطردهما صاحب المكان. لا يحتوى الفيلم إلا على تصوير محاولاتهما المستميتة فى الاستمرار فى الحياة وهما يحملان دولابهما الثقيل، إلى أن ينتهى بهما الأمر بالعودة من حيث أتيا، فيبلغان الشاطئ الذى رأيناه فى أول الفيـلم، ثم يغيبـان شيئًا فشيئًا فى البـحـر، حيث تغمرهما الميـاه وهمـا لا يزالان يحملان الدولاب. منذ رأيت هذا الفيلم وأنا أتصوّر حالى وحال كل من أعرف وكأن كلاً منا يحمل دولابه الثقيل، يأتى معه إلى الدنيا ويقضى حياته حاملا إيّاه دون أن تكون لديه أية فرصة للتخلص منه، ثم يموت وهو يحمله. على أنه دولاب غير مرئىّ، وقد نقضى حياتنا متظاهرين بعدم وجوده، أو محاولين إخفاءه، ولكنه قدر كل منا المحتوم الذى يحكم تصرفاتنا ومشاعرنا واختياراتنا أو ما نظن أنها اختياراتنا. فأنا لم أختر أبى وأمى أو نوع العائلة التى نشأت بها، أو عدد إخوتى وموقعى بينهم، ولم أختر طولى أو قصرى، ولا درجة وسامتى أو دمامتى، أو مواطن القوة والضعف فى جسمى وعقلى. كل هذا علىّ أن أحمله أينما ذهبت، وليس لدىّ أى أمل فى التخلص منه,"399 pages, Paperback",Arabic,"May 1, 2007"
177,النبطي,Youssef Ziedan,"3.44 avg rating — 15,064 ratings",https://www.goodreads.com/book/show/9666241,3.44,"15,064 ratings","1,837 reviews",تدور أحداث الرواية فى العشرين سنة التي سبقت فتح مصر، ويظهر في بعض مشاهدها الفاتح عمرو بن العاص وزوجته ريطة (رائطة) والصحابي حاطب بن أبى بلتعة، إضافة إلى شخصيات خيالية يكشف من خلالها النص الروائي عن طبيعة الحياة والإنسان والاتجاهات الدينية التي كانت سائدةً في المنطقة الممتدة من دلتا النيل إلى شمال الجزيرة العربية، في الوقت الذي ظهر فيه الإسلام وانتشر شرقاً وغرباً.,"381 pages, Paperback",Arabic,"January 1, 2010"
178,طبائع الاستبداد ومصارع الاستعباد,Abd al-Rahman al-Kawakibi,"4.19 avg rating — 10,670 ratings",https://www.goodreads.com/book/show/2312458._,4.19,"10,670 ratings","1,817 reviews",هذا بحث كتبه عبد الرحمن الكواكبي في موضوع الاستبداد مستعرضاً طبائعه وما ينطوي عليه من سلبيات تؤدي إلى خوف المستبد وإلى الاستيلاء الجبن على رغبته إلى جانب انعكاسات الاستبداد على جميع مناحي الحياة الإنسانية بما فيه الدين والعلم والمجد والمال والأخلاق والترقي والتربية والعمران ومن خلال التساؤلات يشرح من هم أعوان المستبد وهل يمكن أن يتحمل الإنسان ذلك الاستبداد وبالتالي كيف يكون الخلاص منه وها هو البديل عنه.,"157 pages, Paperback",Arabic,"January 1, 1902"
179,مشاغب,أحمد جمال الدين رمضان,"4.41 avg rating — 1,110 ratings",https://www.goodreads.com/book/show/196930486,4.41,"1,110 ratings",318 reviews,مجموعة قصصية متنوعة تجمع ما بين القصة الساخرة، الاجتماعية، الرعب، وحتى القصص المبنية على أحداث حقيقية,"144 pages, Paperback",Arabic,"January 1, 2024"
180,أحببتك أكثر مما ينبغي,أثير عبدالله النشمي,"3.55 avg rating — 54,937 ratings",https://www.goodreads.com/book/show/7119070,3.55,"54,937 ratings","5,721 reviews","""أجلس اليوم إلى جوارك، أندب أحلامي الحمقى.. غارقة في حبي لك ولا قدرة لي على انتشال بقايا أحلامي من بين حطامك..""، ""أحببتك أكثر مما ينبغي، وأحببتني أقل مما أستحق!"" تبدأ الكاتبة السعودية روايتها بنفس المقطع الذي تنتهي به، لتروي بينهما قصة ""جمانة"" و""عزيز"" التي ""لن تنتهي!"". تبوح المرأة بتفاصيل مشاعرها تجاه الرجل الذي تحب، والأهم أنها تحاول التعبير عن حالتها الذهنية في تناقضها الحتمي مع حالة الحب الذي تكنّ. فالشرخ الذي يولّد عذابات جمة لا دواء لها، لا بد قائم بين عقلها وقوة مشاعرها، وعطائها الذي لا حدود له للمحبوب: ""كنت على استعداد لأن أصغر فتكبر..لأن أفشل لتنجح، لأن أخبو لتلمع..""، ونوعية حبها الذي لا يقدره بل يتجاهله أو يقوم باستغلاله لصالح أهداف أقل أهمية منه بكثير، وأقل قيمة. ""ما زلت لا أدرك، لا أدرك كيف يتلاعب رجل بامرأة تحبه من دون أن يخاف للحظة مما يفعله نحوها!"" في كل مرة و""بعد كل خيبة أمل.. بعد كل محنة وكل نزوة.. كنت أحاول لملمة أجزائي لنفتح مجدداً صفحة بيضاء أخرى..""، لكن ""البدايات الجديدة ما هي إلا كذبة"". تستعيد الكاتبة ذكرياتها معه منذ البداية في مقهى خارج الوطن الذي غادرته للدراسة: ""الوطن الذي لو لم أغادره لما حدث كل هذا.. أتكون أنت عقابي على مغادرة وطن أحبني!..""، وفكرة العقاب والثواب التي يسخر منها عزيز، تؤمن هي بها: ""مؤمنة أنا بيوم الحساب أكثر من أي شيء،"" لأنها تأمل عبرها أن ينال عزيز عقابه على ما اقترفه بحقها. قالت لهما العجوز الهندية غريبة الأطوار، دون سابق معرفة: ""هي متعبة منك..منك فقط..وأنت متعب من كل شيء..""، وقالت لها ""هيفاء"" صديقتها الكويتية التي تتخاصم دائما وعزيز، بأنه لا يستحقها، وتقول جمانة له اليوم ""حبي لك كان أعمى يا عزيز..وأن هيفاء رأت فيك ما لم أره..""، رأت الكذب المتسلسل والخيانة والإنكار الذي يشكك الآخر بنفسه وبعقله وإحساسه، وهي صفات تتجاهلها المرأة التي تحب رجلاً يحبها لكنه غير قادر على الالتزام بها. قال لها بصراحة: ""اسمعي.. أنا رجل لعوب.. أشرب وأعربد وأعاشر النساء.. لكنني أعود إليك في كل مرة..""، وكانت تتحمل الأذى: ""تؤذينني عمداً وكأنك تفرغ في نفسي أحقادك وأوجاعك وأمراضك، تؤذيني عمداً باسم الحبّ.."". وهي بالرغم من كل الحقائق والوقائع تعترف: ""لم أبكِ بحرقة إلا بسببك ولم أضحك من أعماقي إلا معك.. أليست بمعادلة صعبة..؟ يحلل لها زياد صديقهما المشترك الوضع: ""أحببته لدرجة أخافته!.. لم يكن قادراً على ضمك لقائمة نسائه ولم يتمكن من الابتعاد عنك.. أحبك لدرجة أنه كان يخشى عليك من نفسه.. كما كان يخشى منك في الوقت ذاته.."" كيف يلتقيان، وهو يؤمن بأن الغاية تبرر الوسيلة، وهي تؤمن ""بأن الوسيلة أحياناً أهم من الغاية!""؟ ""قلت لي يوماً بأن حكايات الحبّ الشرقية غالباً ما تنتهي بمأساة. واليوم أعرف بأنك كنت محقاً في هذا.."" تنقل الرواية بصدق عميق ما يدور في أعماق المرأة في حالة حب،ّ من أحاسيس وأفكار وتناقضات، إذ تظن أن الخيار الصعب إلى أقسى مداه يكمن في الحفاظ على مشاعر الحبّ الجياشة واستمرارها، على حساب التنكّر للذات الواعية والمدركة لتلاعب الطرف الآخر بها، لكنها بأي حال، وحتى في حال دفع الحساب، لن تحصل على مبتغاها.","326 pages, Paperback",Arabic,"January 1, 2009"
181,السكان الأصليين لمصر,Belal Fadl,"3.76 avg rating — 3,231 ratings",https://www.goodreads.com/book/show/6136499,3.76,"3,231 ratings",291 reviews,مشكلتي الثانية هى أنني أشعر بأكلان فظيع في ضهري، لا أدري هل سببه الحشرات التي يقسم زملائي أنها أقدم في المستشفى من بهيرة كبيرة الممرضات، أم سببه رقودي على السرير على وضع واحد كل هذا الوقت، مع أن التغيير سنة الحياة، نبهني عم عبد البديع إلى التباس الجملة الأخيرة وكونها يمكن أن تسوء موقفي في القضية، لكني أقسم لسيادتك أني لا أقصد منها شيء سوى أني فعلا أريد أن أمارس حقي الدستوري في الهرش وتغيير وضع رقودي على السرير، فانا لست دولة تستحمل أن تعيش ربع قرن على وضع واحد دون أن تغيير، أنا بشر ضعيف خلقت من تراب وسففت التراب ويلزمني بين الحين والآخر أن أتقلب على الجنبين، فهل هذا كثير علي سيادتك؟! المؤلف,309 pages,Arabic,"January 1, 2009"
182,طفيليات,أحمد جمال الدين رمضان,"4.41 avg rating — 1,133 ratings",https://www.goodreads.com/book/show/196924969,4.41,"1,133 ratings",327 reviews,مجموعة قصصية متنوعة تجمع ما بين القصة الساخرة، الاجتماعية، الرعب، وحتى القصص المبنية على أحداث حقيقية,"140 pages, Paperback",Arabic,"August 1, 2023"
183,ثرثرة فوق النيل,Naguib Mahfouz,"3.74 avg rating — 10,737 ratings",https://www.goodreads.com/book/show/6122468,3.74,"10,737 ratings","1,362 reviews",لم يُبدع الإنسان ما هو أصدق من المهزلة.,"161 pages, Paperback",Arabic,"January 1, 1966"
184,ميرامار,Naguib Mahfouz,"3.82 avg rating — 8,224 ratings",https://www.goodreads.com/book/show/3495961,3.82,"8,224 ratings",895 reviews,فى بنسيون ميرامار بجوار محطة الرمل بالإسكندرية - وفى الستينات بكل صراعاتها الفكرية والسياسية والإجتماعية- تلتقى مجموعة من الشخصيات المتنافرة المتصارعة . وفى المركز من كل ذلك تبدو زهرة الريفية النقية الطموحة. فهل يفوز بها أحد ؟ يحكى نجيب محفوظ هذه الحكاية عن طريق أربع شخصيات من سكان البنسيون من أربع وجهات نظر. إنها رباعية الإسكندرية الجديدة,"284 pages, Paperback",Arabic,"January 1, 1967"
185,عصفور من الشرق,Tawfiq Al-Hakim,"3.72 avg rating — 4,880 ratings",https://www.goodreads.com/book/show/2392599._,3.72,"4,880 ratings",615 reviews,عصفور من الشرق، رواية من تأليف الكاتب توفيق الحكيم صدرت عام 1938 ترجمت ونشر بالفرنسية عام 1946 طبعة أولى، ونشر طبعة ثانية في باريس عام 1960.,"144 pages, Paperback",Arabic,"January 1, 1938"
186,العبرات,مصطفى لطفي المنفلوطي,"3.93 avg rating — 11,586 ratings",https://www.goodreads.com/book/show/3852939,3.93,"11,586 ratings","1,653 reviews",هذا الكتاب عبارة عن مجموعة قصص درسها وقدمها: الدكتور رياض قاسم رئيس قسم اللغة العربية وآدابها من الجامعة اللبنانية الفرع الرابع. عبّر المنفلوطي في هذا الكتاب عمّا يجيش في مجتمعه من مشكلات انقسم حولها الرأي بين مؤيد ورافض، كمسألة الحجاب، ومسألة محاكاة المتفرنجين، وما ساد المجتمع من مفاسد خلّفها التفاوت الطبقي والإستعمار الأجنبي. وعبّر عما يجيش في نفوس الشباب من أشواق وأحزان وآلام، وكانت قصصه بمضمونها قطرات من الدمع يسكبها بين أيدي القرّاء. وفي مقدمة العبرات يصور ذلك بقوله: الأشقياء في الدنيا كثر، وليس في استطاعة بائس مثلي أن يمحو بؤسهم وشقائهم، فلا أقل من أن أسكب بين أيديهم هذه العبرات، علّهم يجدون في بكائي تعزية وسلوى. وفي كل ما كتب جاءت كتابات المنفلوطي إرشاد للناشئة وللقرّاء جميعاً، وتوجيه غير مباشر إلى التحلي بالفضائل الإنسانية والأخلاق الحميدة، وهو جانب مهم كثيراً مانراه في أدب المنفلوطي.,,,
187,خريف الغضب: قصة بداية ونهاية عصر أنور السادات,Mohamed Heikal,"3.63 avg rating — 2,072 ratings",https://www.goodreads.com/book/show/5649581,3.63,"2,072 ratings",185 reviews,"أتمنى أن يكون واضحا أن موضوع ""خريف الغضب"" كان - كما هو ظاهر من كل صفحة فيه - محاولة لشرح الأسباب التى أدت إلى اغتيال الرئيس السادات وبالتالى فهو ليس سيرة لحياته ولا لدوره السياسى ولو قصدته كسيرة لرجل لاختلف تناولى للموضوع . كان السؤال المحدد الذى حاول الإجابة عليه هو : "" لماذا جاءت النهاية على هذا النحو؟"" واختصرت المراحل كلها إلى موضوعى وأخذت من المراحل ما كان لازما للموضوع وإلا اختلفت السعى عن القصد .","476 pages, Paperback",Arabic,"January 1, 1982"
188,صالة أورفانيللي,Ashraf El-Ashmawi,"4.09 avg rating — 4,124 ratings",https://www.goodreads.com/book/show/108658337,4.09,"4,124 ratings",673 reviews,لكل قصة بداية وحكاية ونهاية ، وحياة كل إنسان رواية هو بطلها ومن خلالها يتشكل العالم من حولنا. ببناء مدهش يقدم أشرف العشماوي أحدث رواياته، قصص أبطاله الثلاثة تحكي حياتهم لكنها تشكل فصول الحكاية الأكبر، حكاية صالة المزاد التي يقتحم بها المؤلف عالمًا روائيًا جديدًا، كاشفاً خباياه وكواليسه وطرق الخداع التي تُجرى فيه، ودور يهود مصر في السيطرة عليه منذ العهد الملكي حتى السبعينيات . تتشابك خيوط حكايات الأبطال وتتعقد علاقاتهم الإنسانية، ليجذب العشماوي أطرافها بسلاسة فتنساب لتحكي أدق تفاصيل النفوس وتصطدم بصراعات تُفضي لجرائم ، وعندما تقترب الخيوط من نهاياتها ومع دَقة المزاد الثالثة الشهيرة التي تعلن موت رغبة وميلاد أخرى تتفجر المفاجآت لتتسع أذهاننا لتساؤلات بقدر ما تتفتح أعيننا على حقائق .. هل حياتنا تشبه المزاد؟ وماذا يتبقى من إنسانيتنا لو أصبح كل منا قطعة معروضة في صالة مزادات ينتظر دوره؟,"424 pages, Paperback",Arabic,"January 3, 2021"
189,قصص الأنبياء,Ibn Kathir,"4.50 avg rating — 6,601 ratings",https://www.goodreads.com/book/show/2939484,4.50,"6,601 ratings",320 reviews,"قصص الأنبياء في القرآن الكريم هي قصص لصفوة الخلق وخيرتهم على الإطلاق، فهم هداة العالمين ورحمة الله للناس أجمعين، وما كان الله قص ما قص من قصص في قرآن الكريم للتسلية والتلهي، وإنما جاء عظة وعبرة لأولي الألباب، وجاء يثير في النفس التأمل والتفكر في سنن الحياة وقواعد الاجتماع البشري وسيرة الناس عبر الزمان والمكان. وإن كان ربنا، تبارك وتعالى، أنعم علينا بنعمة قصص طائفة من حكايات الأنبياء وأقوامهم فإنه يلفت النظر إلى أن المهم في تاريخ هؤلاء العظماء أ نقف عند حد العظة والعبرة. ولقد تمثل المفسر الحافظ ابن كثير منهجاً علمياً بديعاً في عرض هذا القصص القرآني، حاول فيه الابتعاد عن خرافات الإسرائيليات وخزعبلات القصاص وأكاذيب بعض المؤرخين. ويمكن تحديد معالم هذا المنهج على النحو التالي: أولاً التزامه بإيراد كل ما يتعلق بالنبي صاحب القصة من كتاب الله تعالى، وأخبار القرآن في هذا السياق هي الأخبار المجزوم يصدقها على وجه اليقين من دون تردد. ولم يكتف المؤلف بذلك بل وقف مع الآيات محللاً لها، مفسراً لمعانيها، متعمقاً في مغازيها، وهو المفسر الواعي بدقائق التفسير. ثانياً عنايته عناية كبيرة بالأخبار والآثار المروية بشأن هؤلاء الأنبياء على عدة مستويات، فالأحاديث يعنى بعزوها إلى مصادرها، منبهاً على صحيحها وسقيمها في كثير من الأحيان، والإسرائيليات إذا وردت في النص، فإنه يرويها في حذر المحدث الواعي بالمرويات، مبيناً الغث منها وما يمكن أن يكون في إطار المقبول، والآثار يتتبع ما يلقي على النص شيئاً من الضوء لإيضاح غامض أو توضيح مبهم. ثالثاً العناية باللغة إلى حد معقول فيفسر ما نبا من مفردات، ويشرح ما ثقل فهمه من نصوص، وهو يحمل في ذهنه عقلية لغوية بليغة. رابعاً بالإضافة إلى ذلك كله التسلسل المنهجي المنطلق مع الأحداث، مع شيء من الاستطراد المقبول بهدف استخراج العظة والوقوف مع فائدة هنا، أو شاردة هناك. وكتاب قصص الأنبياء الذي هو بين يدي القارئ هو جزء من كتاب ابن كثير ""البداية والنهاية""، انتزعه كل طبع الكتاب مستقلاً منه، فليس هو مصنفاً مستقلاً في أصل تأليف ووضعه. ولأهميته تمّ الاعتناء به على هذا النحو: أولاً: العناية بإخراج النص إخراجاً صحيحاً بعيداً عن الأخطاء ما أمكن ذلك، ثانياً: تخريج الآيات القرآنية، مع استعراض غريب المفردات التي توجد في الآيات، ثالثاً: تخريج المرويات المتعددة، رابعاً: شرح المفردات الغريبة في النص كله تيسيراً للفهم وتحقيقاً لهدف تبسيط النص، خامساً: وضع عناوين جانبية لكل فكرة جديدة، ليسهل على القارئ متابعة تسلسل الأحداث والاستفادة بما في الكتاب من فوائد علمية متنوعة.","682 pages, Hardcover",Arabic,"Published January 1, 2000"
190,اللاهوت العربي وأصول العنف الديني,Youssef Ziedan,"3.90 avg rating — 8,257 ratings",https://www.goodreads.com/book/show/7316340,3.90,"8,257 ratings","1,028 reviews","This book in Arabic Language, Very rare to find on AMazon, the only one left .","226 pages, Paperback",Arabic,"December 1, 2009"
191,حكومة الظل,Monther Alkabbani,"3.96 avg rating — 10,563 ratings",https://www.goodreads.com/book/show/3331793,3.96,"10,563 ratings","1,448 reviews",من ويكيبيديا: رواية من تأليف الروائي السعودي منذر القباني صدرت طبعتها الأولى عن مركز الراية في 2006 و الطبعة الثانية عن الدار العربية للعلوم في 2007 الرواية منذ ظهورها لفتت الأنظار إليها من قبل القراء و أصبحت حديث المنتديات قبل أن يلتفت إليها الإعلام. إعتبر بعض النقاد رواية حكومة الظل بمثابة المولد الحقيقي لرواية التشويق و الإثارة في العالم العربي و البعض الآخر شبهها برواية شيفرة دا فينشي لدان براون بل أن بعض المنتديات أطلقت على مؤلفها لقب دان براون العرب . موضوع الرواية الرواية تدور أحداثها عبر زمنين، عام 1908 في أواخر عهد السلطان عبد الحميد الثاني، و في الحاضر عبر رجل أعمال سعودي يمر بحادث غامض أثناء زيارة عمل خارج السعودية. أحداث الرواية تتنقل ما بين الحاضر و الماضي لتكشف للقارئ ما وراء غموض أحداث الرواية في إطار مزيج ما بين الإثارة و التشويق مع إسقاطات على وضع العالم العربي اليوم. رواية رائعة جمعت المتناقضات في الوصف ، فهي :واقعية خيالية ، تاريخية معاصرة .. يجذبك الكاتب فيها بين ثلاثة مشاهد متباينة في الأماكن والعصور .. كل منها ليس له ارتباط بالآخر ، إلى آخر الرواية بعد أن تجتمع الخيوط ، يتبين لك المقصود بعد أن سافرت تجوب العالم وتتنقل في التاريخ .. الرواية تبين شيء من أطراف الماسونية وأنشطتها ونشأتها .. تجمع بين الواقع والخيال بطريقة جذابة .,"173 pages, Paperback",Arabic,"January 1, 2006"
192,خالتي صفية والدير,Bahaa Taher,"3.92 avg rating — 6,699 ratings",https://www.goodreads.com/book/show/3110969,3.92,"6,699 ratings",917 reviews,رائعة بهاء طاهر الممتعة خالتي صفية والدير والتي تدور في صعيد مصر من خلال قصة حب مثيرة وانتقام مدمر، فصفية الفتاة الجميلة تعشق حربي الشاب القوى والوسيم، ولكن حربي لا يشعر بحبها بل يتوسط في زواجها من الباشا. فلا تغفر صفية له ذلك وتقرر الانتقام. صدرت هذه الرواية عام 1991 وحققت نجاحا نقديا وجماهيريًا كبيرًا فطبعت عدة مرات وترجمت وتحولت إلى مسلسل تليفزيوني ومسرحية,"141 pages, Paperback",Arabic,"January 1, 1991"
193,ذات,Sonallah Ibrahim,"3.56 avg rating — 5,545 ratings",https://www.goodreads.com/book/show/3490300,3.56,"5,545 ratings",768 reviews,"""ذات"" شخصية الروائي صنع الله إبراهيم المحورية والتي انبعثت من زحمة الحياة لتبعث خياله وتغذي فكره بألف صورة وصورة... هي من الواقع... ولكنها تسري في الأحداث الروائية... فيكون لواقع تواجدها ألف معنى ومعنى... ""ذات"" هي الرمز الذي حاول صنع الله إبراهيم من خلاله أن يصور المجتمع المصري الذي يموج بقيم ومعتقدات تتحكم بفكره وبحياته... مجتمع ينوء مواطنه بأحمال الظروف الاقتصادية والاجتماعية والسياسية، وهذه يورد وقائعها منقولة عن الصحف المصرية الحكومية منها والمعارضة ليعكس الجو الإعلامي العام الذي أحاط بمصائر شخصياته وأثر فيهم... في ""ذات"" يتداخل الخيال والواقع... الرمز والحقيقة ليجسد أبعاداً إنسانية عبّر عنها صنع الله إبراهيم بأسلوب يُقَرِّب ""ذات"" من كل ذات... فهي الحقيقة المتوارية خلف الذات","352 pages, Paperback",Arabic,"January 1, 1992"
194,ترانيم في ظل تمارا,Mohammed Afifi,"4.01 avg rating — 4,778 ratings",https://www.goodreads.com/book/show/3614388,4.01,"4,778 ratings","1,038 reviews","آخر ما كتب الأديب محمد عفيفي.. وقد تناول مشاهد عديدة في ظل شجرته ""تمارا""، وبوجود شخصيات حيوانية كالقط والضفدع والفراشة","160 pages, Paperback",Arabic,"January 1, 1984"
195,الزيني بركات,Gamal al-Ghitani,"3.86 avg rating — 3,843 ratings",https://www.goodreads.com/book/show/5663369,3.86,"3,843 ratings",460 reviews,"تعد رواية"" الزيني بركات لجمال الغيطاني من الروايات البارزة في الروايات العربية التي عالجت ظاهرة القمع والخوف واتكأت على أسبابها وبينت مظاهرها المرعبة في الحياة العربية، فالغيطاني حين يحاصره الراهن بقمعه واستبداده وقهره، حين يمارس أقسى أشكال العنف والرعب والقهر في السجن المعاصر يعود بنا مستنطقاً تاريخ ابن إياس بدائع الزهور ليجد صورة مرعبة لكبير البصاصين الشهاب الأعظم زكريا بن راضي ووالي الحسبة الزيني بركات ويكفي أن نقرأ عن تعذيب التاجر علي أبي الجود وتدرج الزيني في التفنن بتعذيبه ليحصل من على المال، والأدهى أن وسيلة إرغامه على الإقرار كانت بتعذيب الفلاحين أمامه عذاباً منكراً بغية إخافته وترويعه،على مدى سبعة أيام منها تعذيب فلاح أمام عينيه:"" أظهروا حدوتين محميتين لونهما أحمر لشدة سخونتهما، بدأ يدقهما في كعب الفلاح المذعور، نفذ صراخ الفلاح إلى ضلوع علي، وكلما حاول إغلاق عينه يصفعه عثمان بقطعة جلد على قفاه."" وفي اليوم الرابع والخامس "" ذبح ثلاثة من الفلاحين المنسيين، أسندت رقابهم إلى صدر علي بن أبي الجود والزيني يدخل ويخرج محموماً مغتاظاً يسأل"" ألم يقر بعد؟"" لا يجيب أحد. يضرب الحجر بيديه."" يسقط هذه الصورة على الحاضر بل يسقط الحاضر عليها فيبني منها ما هو أقل إيلاماً من الحاضر فقدمت لنا نماذج مرعبة ولكنها مشوهة منخورة في الوقت نفسه لأنها من وجهة نظر الرواية فيما أحسب لا تتسلح بقيم تجعلها قادرة على مواجهة التغيرات المحتملة. وقال عنها الغيطاني جاءت (( الزيني بركات)) نتيجة لعوامل عديدة. أهمها في تقديري, تجربة معاناة القهر البوليسي في مصر خلال الستينيات. كانت هناك تجربة ضخمة تهدف إلى تحقيق العدالة الاجتماعية. تهدف إلى تحقيق أحلام البسطاء. يقودها زعيم كبير هو جمال عبد الناصر. ولكن كان مقتل هذه التجربة في رأيي, هو الأسلوب الذي تعاملت به مع الديمقراطية. وأحيانا كنا نحجم عن الحديث بهذا الشكل لأن هذه التجربة بعد انتهائها, تعرضت وما تزال تتعرض لهجوم حاد من خصوم العدالة الاجتماعية, ومن خصوم إتاحة الفرص أمام الفقراء. ولكن أنا أتصور أن الشهادة يجب أن تكون دقيقة الآن, خاصة وأن جيلنا, جيل الستينات الذي ننتمي إليه أنا والأستاذ البساطي قد بدأ يدنو من مراحله الأخيرة. لذا يجب أن نترك كلمة حق حتى لا تتكرر تلك الأخطاء. عانينا من الرقابة في الستينيات. وأسلوب التعامل البوليسي. وأتصور أن هذا كان أحد أسباب علاقتي القوية بالتاريخ. كنت مهموما بالبحث في تاريخ مصر, وبقراءة هذا التاريخ خاصة الفترة المملوكية, التي وجدت تشابها كبيرا بين تفاصيلها وبين الزمن الراهن الذي نعيش فيه. وأنا عندما أقول الفترة المملوكية, أعني الفترة المملوكية التي كانت مصر فيها سلطنة مستقلة تحمي البحرين والحرمين. وقد انتهت هذه السلطنة في عام 1517 بهزيمة عسكرية كبيرة في مرج دابق شمال حلب. وعندما طالعت مراجع شهود العيان الذين عاشوا هذه الفترة, ذهلت من تشابه الظرف بين هزيمة 67 والأسباب التي أدت إليها وبين هزيمة القرن السادس عشر. وأوصلني هذا فيما بعد, إلى ما يمكن أن يسمى باكتشاف وحدة التجربة الإنسانية في مراحل كثيرة من التاريخ حتى وإن بعدت المسافة. على سبيل المثال : الألم الإنساني واحد. فالشعور بالحزن هو نفسه الذي كان يعبر عنه المصري القديم أو البابلي القديم. ومصر نتيجة لاستمرارية تاريخها وعدم انقطاعه تتشابه فيها الظروف من فترة إلى أخرى. سياحتي في التاريخ استقرت في العصر المملوكي. وكنت مهموما بهاجس الرقابة وهاجس المطاردة قبل أن أدخل المعتقل إلى درجة أنني كتبت عددا من القصص القصيرة عن السجن, نشرت منها قصة ؛رسالة فتاة من الشمال« في مجلة الآداب في يوليو 1964, وقصة أخرى اسمها ؛القلعة« في مجلة الأديب اللبنانية أيضا عام 1964. وكتبت رواية كاملة عن فكرة المطاردة وظروف المطاردة, ف ق د ت عندما اعتقلت في عام 1966. والغريب أنني عندما دخلت المعتقل لم أفاجأ بالتفاصيل. فقد كنت أسمعها من زملائي الذين سبقوني في تلك التجربة. ولكن عندما خرجت قبل وقوع الهزيمة بشهرين عام 1967 مع زملائي, الذين يمثلون جيل الستينيات من الكتاب — فأكبر كتاب الستينيات كانوا في هذه الحبسة –, كتبت قصة اسمها »هداية أهل الورى لبعض ما جرى في المقشرة« وقد افترضت فيها أنني عثرت على مذكرات آمر سجن المقشرة. وهو من السجون الشديدة البشاعة في العصر المملوكي. وكنت قد وصلت بعض قراءة طويلة — بل لا أقول قراءة ولكن معايشة — لابن إياس وابن زمبل الرمال والمقريزي وابن تغري بردي إلى اكتشاف بلاغة جديدة, لم يكن الأدب العربي يتعامل معها. بلاغة يمكن الآن أن أقول إنها بلاغة مصرية, تجمع ما بين الفصحى وخلفية العامية المصرية في التراكيب اللغوية. وهذه نجدها عند المؤرخين وليس عند الأدباء. عند المقريزي وابن إياس ثم الجبرتي فيما بعد. وربما يرجع ذلك إلى أنهم كانوا يكتبون الأحداث بسرعة, فلا يتأنقون ولا يغوصون في أساليب البلاغة المستقرة من زمن قديم. هذه البلاغة شعرت أنها تمسك بالواقع أكثر من الأساليب السردية السائدة.","287 pages, Paperback",Arabic,"January 1, 1974"
196,السلطان الحائر,Tawfiq Al-Hakim,"3.95 avg rating — 2,388 ratings",https://www.goodreads.com/book/show/4606489,,,,,,,
197,أسطورة إيجور (ما وراء الطبيعة، #24),Ahmed Khaled Towfik,"3.99 avg rating — 4,293 ratings",https://www.goodreads.com/book/show/6006822,3.99,"4,293 ratings",223 reviews,إن (إيجور) يجيد الاختراق .. (إيجور) يسمعهم يفكرون .. (إيجور) يعرف نوياهم .. (إيجور) يعرف كيف يجتاز ردهات العقل البشرى المعقدة دون أن يضل طريقه .. من هو (إيجور)؟ .. كيف صار هذا الشخص المخيف؟,"112 pages, Paperback",Arabic,"November 1, 2001"
198,ساق البامبو,Saud Alsanousi,"4.21 avg rating — 60,362 ratings",https://www.goodreads.com/book/show/13637412,4.21,"60,362 ratings","9,289 reviews",لماذا كان جلوسي تحت الشجرة يزعج أمي؟ أتراها كانت تخشى أن تنبت لي جذور تضرب في عمق الأرض ما يجعل عودتي إلى بلاد أبي أمراً مستحيلاً؟..ربما، ولكن، حتى الجذور لا تعني شيئاً أحياناً. لو كنت مثل نبتة البامبو.. لا انتماء لها.. نقتطع جزءاً من ساقها.. نغرسه، بلا جذور، في أي أرض.. لا يلبث الساق طويلاً حتى تنبت له جذور جديدة.. تنمو من جديد.. في أرض جديدة.. بلا ماض.. بلا ذاكرة.. لا يلتفت إلى اختلاف الناس حول تسميته.. كاوايان في الفلبين.. خيزران في الكويت.. أو بامبو في أماكن أخرى.,"401 pages, Paperback",Arabic,"Published May 1, 2012"
199,قرية ظالمة,M. Kamel Hussein,"3.94 avg rating — 4,669 ratings",https://www.goodreads.com/book/show/2544247._,3.94,"4,669 ratings",879 reviews,تُعدّ «قرية ظالمة» من أجمل ما كتب د.محمد كامل حسين، بل يراها البعض أجمل ما كُتِب عن الأيام الأخيرة للسيد المسيح. تناول المؤلف فى هذه القصة بأسلوب راق وسرد شائق مشكلات الإنسان النفسية والفكرية والاجتماعية المزمنة. وقد ترجمت إلى لغات عديدة كالإنجليزية والفرنسية والإسبانية والهولندية والتركية، واستحق من أجلها جائزة الدولة فى الأدب عام 1957. كان د.محمد كامل حسين (1901-1977) جراحًا بارعًا وأستاذًا نابها، تفوق فى الطب فكان يُعَدّ رائد طب العظام فى مصر، ونال جائزة الدولة فى العلوم عام 1967، فأصبح بذلك أول مصرى يحوز جائزتى الأدب والعلوم. وله عدة كتب تتناول اللغة العربية والأدب والنقد والطب والعلوم، ومن أهمها «الوادى المقدس» (دار الشروق، 2007) «وقوم لا يتطهرون» (دار الشروق، 2004) «والذكر الحكيم» و«اللغة العربية المعاصرة» و«التحليل البيولوچى للتاريخ» و«وحدة المعرفة»,"259 pages, Paperback",Arabic,"January 1, 1954"
200,تغريدة البجعة,Mekkawi Said,"3.62 avg rating — 2,329 ratings",https://www.goodreads.com/book/show/3418245,3.62,"2,329 ratings",291 reviews,يشتق الروائي مكاوي سعيد في روايته تغريدة البجعة، الشكل الروائي من واقع اجتماعي متحوّل ومتبدّل. معيناً الشكل الجديد مدخلاً إلى قراءة الواقع وتحولاته، في عمل روائي جميل يرثي زمناً غنائياً مضى، ويصوغ المستقبل المحتمل بأسئلة بلا إجابات. يشير في روايته إلى الكثير من القضايا الاجتماعية التي يغلفها بطابع سياسي، مشيراً إلى الاجتياح الإسرائيلي للبنان، والمجازر التي ارتكبت بحق الأطفال والأبرياء، وتداعيات هذا الاجتياح على المجتمع العربي. «لم أعد أجرؤ أن أجالس المسيّسين حتى على المقاهي، هربت إلى الخارج، وعندما عدت اختفيت خلف كاميرا تمتلكها أمريكية، ما الفرق بيني، وبين من يملكون دكاكين حقوق الإنسان، ومنع التمييز، وحقوق المرأة؟ زملاؤنا القدامى جاهروا بالسرية وتاجروا بأسابيع اعتقالهم، وملأوا الفضائيات فخراً بنضالهم. هم باعوا وقبضوا الثمن، ونحن وصِمنا بالجبن والتنازل»,"290 pages, Paperback",Arabic,"January 1, 2006"
201,ثلاثية غرناطة,Radwa Ashour,"4.29 avg rating — 52,564 ratings",https://www.goodreads.com/book/show/3438000,4.29,"52,564 ratings","8,849 reviews",ثلاثية غرناطة هي ثلاثية روائية تتكون من ثلاث روايات للكاتبة المصرية رضوى عاشور و هم على التوالي: غرناطة - مريمة - الرحيل. وتدور الأحداث في مملكة غرناطة بعد سقوط جميع الممالك الإسلامية في الأندلس، و تبدأ أحداث الثلاثية في عام 1491م، وهو العام الذي سقطت فيه غرناطة بإعلان المعاهدة التي تنازل بمقتضاها (أبو عبد الله محمد الصغير) آخر ملوك غرناطة عن ملكه لملكي قشتالة وأراجون، وتنتهى بمخالفة آخر أبطالها الأحياء (عليّ) لقرار ترحيل المسلمين حينما يكتشف أن الموت في الرحيل عن الأندلس و ليس في البقاء.,"502 pages, Paperback",Arabic,"January 1, 1994"
202,حوار مع صديقي الملحد,Mostafa Mahmoud,"3.88 avg rating — 35,489 ratings",https://www.goodreads.com/book/show/5664022,3.88,"35,489 ratings","3,326 reviews","رد على أسئله لملحدين على الدين الإسلامي, رد رائع بالدلائل والأمثله يجيب عن تساؤلات عقلنا فى فترة ما نمر بها ويرد بها على الآخرين الماديين. صديقى رجل يحب الجدل ويهوى الكلام وهو يعتقد أننا نحن المؤمنون السذج نقتات بالاوهام ونضحك على أنفسنا بالجنة والحوار العين وتفوتنا لذات الدنيا ومفاتنها.. وصديقى بهذه المناسبة تخرج من فرنسا وحصل على دكتوراه وعاش مع الهيبيز وأصبح ينكر كل شئ. قال لى ساخرا: -انتم تقولون: ان الله موجود، وعمدة براهينكم هو قانون “السببية” الذى ينص على أن لكل صنعة صانعا ولكل خلق خالقاً ولكل وجود موجدا.. النسيج يدل على النساج والرسم على الرسام والنقش على النقاش والكون بهذا المنطق أبلغ دليل على الاله القدير الذى خلقه. صدقنا وآمنا بهذا الخالق.. ألا يحق لنا بنفس المنطق أن نسأل.. ومن خلق الخالق.. من خلق الله الذى تحدثوننا عنه.. ألا تقودنا نفس استدلالاتكم الى هذا.. وتبعا لنفس قانون السببية.. ما رأيكم فى هذا المطب دام فضلكم؟. ونحن نقول له: سؤالك فاسد.. ولا مطب ولا حاجة فأنت تسلم بأن الله خالق ثم تقول من خلقه؟! فتجعل منه خالقا ومخلوقا فى نفس الجملة وهذا تناقض، والوجه الآخر لفساد السؤال أنك تتصور خضوع الخالق لقوانين مخلوقاته.. فالسببية قانوننا نحن أبناء الزمان والمكان. والله الذى خلق الزمان والمكان هو بالضرورة فوق الزمان والمكان ولا يصح لنا أن نتصوره مقيدا بالزمان والمكان ولا بقوانين الزمان والمكان. والله هو الذى خلق قانون السببية فلا يجوز أن نتصوره خاضعا لقانون السببية الذى خلقه، وأنت بهذه السفسطة أشبه بالعرائس التى تتحرك بزمبلك وتتصور أن الانسان الذى صنعها لابد هو الآخر يتحرك بزمبلك.. فاذا قلنا لها بل هو يتحرك من تلقاء نفسه.. قالت: مستحيل أن يتحرك شئ من تلقاء نفسه.. انى أرى فى عالمى كل شئ يتحرك بزمبلك، وأنت بالمثل لا تتصور أن الله موجود بذاته بدون موجد.. لمجرد أنك ترى كل شئ حولك فى حاجة الى موجد.","160 pages, Paperback",Arabic,"January 1, 1970"
203,The Bridges of Constantine,Ahlam Mosteghanemi,"3.80 avg rating — 25,720 ratings",https://www.goodreads.com/book/show/18632934-the-bridges-of-constantine,3.80,"25,720 ratings","2,245 reviews","The Bridges of Constantine is a poignant fresco of Algeria over the last 50 years, a searing love story and a hymn to a lost city. Khaled, a former revolutionary in the Algerian war of liberation has been in self-exile in Paris for two decades, disgusted by the corruption that now riddles the country he once fought for. He has become a celebrated painter, and at the opening of one of his exhibitions, Hayat, the daughter of his old revolutionary commander, unexpectedly reenters Khaled's life. Hayat had been just a child when he last saw her, but she has now become a seductive young novelist. Khaled is consumed with passion for her, and she comes to embody the homeland and the city he still grieves for – the city he paints over and over again in his canvases. Through Hayat, his past is breathed back into life and he at last begins to confront his feelings about Algeria. But for Hayat, as elusive as she is tender, the question of what one should yearn for is not so simple, and the choices she makes will have devastating consequences for them both. The first novel in an award-winning, bestselling trilogy that spans Algeria's tumultuous recent history, The Bridges of Constantine is a lyrical and heartrending love story about loss and remembrance, exile and belonging.","320 pages, Hardcover",English,"January 1, 1993"
204,حول العالم في 200 يوم,أنيس منصور,"4.06 avg rating — 11,489 ratings",https://www.goodreads.com/book/show/3491072-200,4.06,"11,489 ratings",972 reviews,عرض في هذا الكتاب معلومات عن الدول المختلفة وخصوصاً دول جنوب شرق آسيا مثل الهند و سيلان وسنغافورة و أستراليا واليابان والفلبين وهونج كونج، ثم زار أيضا الولايات المتحدة الأمريكية وجزيرة هاواي. وتحدث أيضا خلال رحلته إلى اليابان عن اللؤلؤ المستزرع الذي أكتشفه ميكوموتو الذي قام بأول عملية استزراع للؤلؤ.وكتب عما أعجبه في هذه البلاد من تقاليد وعادات مختلفة، وتشابهها مع عادات الدول الأخرى. وتحدث في الكتاب عن اعتزازه بكونه أول صحفي في العالم كله أجري مقابله حصرية مع الدالاي لاما رئيس دولة التبت (الحائز علي جائزة نوبل في السلام )، وقد أجرى معه مقابلة حصرية، وتم أخذ صورة لأنيس منصور مع الدالاي لاما (تظهر الصورة في الصفحة 106) من الكتاب، وكانت هذه أول صورة يراها العالم للدالاي لاما وقد تم نشرها بدار اخبار اليوم بمصر لتحميل الكتاب من هذا الرابط : http://mmaqara2tt.com/index.php/books...,"604 pages, Hardcover",Arabic,"January 1, 1963"
205,الرحيق المختوم,Safiur Rahman Mubarakpuri,"4.61 avg rating — 23,823 ratings",https://www.goodreads.com/book/show/545425._,4.61,"23,823 ratings","2,219 reviews","الرحيق المختوم بحث في السيرة النبوية. تأليف: الشيخ صفي الرحمن المباركفوري. قُدِّم في مسابقة رابطة العالم الإسلامي في السيرة النبوية الشريفة، وحاز البحث على المركز الأول. ""ومن منهجي في هذا الكتاب ـ عدا ما جاء في إعلان الرابطة ـ أني قررت سلوك سبيل الاعتدال، متجنبًا التطويل الممل والإيجاز المخل، وقد وجدت المصادر تختلف فيما بينها حول كثير مما يتعلق بالأحداث اختلافًا لا يحتمل الجمع والتوفيق، فاخترت سبيل الترجيح، وأثبت في الكتاب ما ترجح لدي بعد التدقيق في الدراسة والنقد، إلا أني طويت ذكر الدلائل والوجوه؛ لأن ذلك يفضي إلى طول غير مطلوب‏. أما بالنسبة لقبول الروايات وردها فقد استفدت في ذلك مما كتبه الأئمة المتقنون، واعتمدت عليهم فيما حكموا به من الصحة والحسن والضعف؛ إذ لم أجد وقتًا يكفي للخوض في هذا المجال‏.‏ وقد أشرت في بعض المواضع إلى بعض الدلائل ووجوه الترجيح، وذلك حينما خِفْتُ الاستغراب ممن يقرأ الكتاب، أو رأيت شبه الاتفاق فيما بين الأولين والآخرين على خلاف ما هو الصواب‏.‏ والله ولي التوفيق‏.‏"" الجمعة المباركة 24/7/1396هـ 23/7/1976م صفي الرحمن المباركفوري الجامعة السلفية بنارس - الهند","498 pages, Hardcover",Arabic,"January 1, 1976"
206,أولاد حارتنا,Naguib Mahfouz,"4.08 avg rating — 32,003 ratings",https://www.goodreads.com/book/show/2364284._,,,,,,,
207,الحرافيش,Naguib Mahfouz,"4.40 avg rating — 20,985 ratings",https://www.goodreads.com/book/show/5295735,4.40,"20,985 ratings","3,144 reviews",ﻳﺼﻒ ﻟﻨﺎ ﻧﺠﻴﺐ ﻣﺤﻔﻮﻅ ﺳﻌﻲ ﺍﻟﻨﻔﺲ ﺍﻟﺒﺸﺮﻳﺔ ﺍﻟﺪﺍﺋﻢ ﺍﻟﻰ ﺍﻟﺨﻼﺹ ﻭﺗﻤﺮﺩﻫﺎ ﻋﻠﻰ ﻧﻔﺴﻬﺎ ﺍﻟﺘﻲ ﺍﺭﺗﻀﺖ ﺑﺎﻟﻮﺍﻗﻊ ﺍﻟﻤﺮﻳﺮ، ﻓﺘﺤﺜﻬﺎ ﺩﺍﺋﻤﺎ ﺍﻟﻰ ﺍﻟﺨﻼﺹ، ﻭﺍﻟﺨﺮﻭﺝ ﻣﻦ ﻧﻔﻖ ﺍﻟﻨﻔﺲ ﺍﻟﻤﻈﻠﻢ، ﻭﻟﻜﻨﻬﺎ ﺗﺼﻄﺪﻡ ﺩﺍﺋﻤﺎ ﺑﺤﺐ ﺍﻟﺪﻧﻴﺎ ﻭﺍﻏﻮﺍﺋﺎﺗﻬﺎ ﺍﻟﻼﻣﺤﺪﻭﺩﺓ ﻭﻫﻨﺎ ﻳﻜﻮﻥ ﻣﻔﺘﺮﻕ ﺍﻟﻄﺮﻕ ﺍﻟﺬﻱ ﺗﺨﺘﺎﺭ ﻓﻴﻪ ﺍﻟﻨﻔﺲ ﺍﻣﺎ ﺍﻟﺴﻴﺮ ﻋﻠﻰ ﺧﻄﻰ ﺍﻟﺼﺎﻟﺤﻴﻦ ﺍﻷﻭﺍﺋﻞ ﺃﻭ ﺍﻟﺤﻴﺎﺩ ﻋﻦ ﻃﺮﻳﻘﻬﻢ ﻭﺍﻳﺜﺎﺭ ﺷﻬﻮﺍﺗﻬﺎ ﺍﻟﺪﺍﺧﻠﻴﺔ، ﻛﻤﺎ ﻳﺼﻒ ﻟﻨﺎ ﺍﻟﺨﻨﻮﻉ ﻭﺍﻟﺬﻝ ﺍﻟﺬﻱ ﻳﺼﻴﺐ ﺍﻟﻨﻔﺲ ﻣﻦ ﺟﺮﺍﺀ ﻳﺄﺳﻬﺎ ﻣﻦ ﺧﻼﺻﻬﺎ، ﻭﺟﻬﻠﻬﺎ ﺑﺄﻥ ﺍﻟﺨﻼﺹ ﺍﻟﺤﻘﻴﻘﻲ ﻫﻮ ﺍﻟﻨﺎﺑﻊ ﻣﻦ ﺩﺍﺧﻠﻬﺎ ﻻ ﺍﻟﻤﺴﻠﻂ ﻋﻠﻴﻬﺎ ﻣﻦ ﺍﻟﺨﺎﺭﺝ ﻓﻬﻮ ﺧﻼﺹ ﺯﺍﺋﻒ ﺳﺮﻋﺎﻥ ﻣﺎ ﻳﺘﺒﺨﺮ ﻭﻳﺬﻫﺐ ﺭﻳﺤﻪ ﻭﺗﺒﻘﻰ ﺍﻟﻨﻔﺲ ﻓﻲ ﻇﻠﻤﺎﺗﻬﺎ ﺗﺒﻜﻲ ﻋﻠﻰ ﻣﺎﺽ ﻗﺪ ﺗﻮﻟﻰ ﻭﺫﻛﺮﻳﺎﺕ ﻟﻦ ﺗﻌﻮﺩ. كل ذلك في ملحمة رائعة يظهر فيها تعاقب اﻷجيال على مدى قرنين من الزمان من خلال عشر قصص لطالما كانت نبعا للسينما المصرية تنهل منه.,"599 pages, Paperback",Arabic,"January 1, 1977"
208,انتحار فاشل,أحمد جمال الدين رمضان,"4.54 avg rating — 3,337 ratings",https://www.goodreads.com/book/show/30528535,4.54,"3,337 ratings",535 reviews,"كتاب ""انتحار فاشل"" عبارة عن مجموعة قصصية متنوعة تجمع ما بين القصة الساخرة، الاجتماعية، الرعب، وحتى القصص المبنية على أحداث حقيقية، يلعب ""أحمد رمضان"" فى هذه المجموعة ببراعة شديدة على وتر الأفكار المختلفة والنهايات المفاجئة، حتى فى القصص التى تبدو أفكارها مألوفة تأتى المعالجة شديدة التميز والنهاية مخالفة تماماً للتوقعات تضيف أبعاداً أكثر عمقاً للعمل.","175 pages, Paperback",Arabic,"July 1, 2016"
209,تراب الماس,Ahmed Mourad,"4.05 avg rating — 56,798 ratings",https://www.goodreads.com/book/show/7704143,4.05,"56,798 ratings","4,659 reviews","""للمرة الثانية بعد ""فيرتيجو"" يتّخذ أحمد مراد من الجريمة خلفية تكشف بأسلوب مشوّق كواليس المجتمع و الفساد المستشري وسط كل طبقاته.. وهو بذلك يؤّكد قواعد النوع الروائي الذي أصبح رائدًا له"".. صنع الله إبراهيم لم يكن ""طه"" سوى مندوب دعاية طبية في شركة أدوية؛ حياة باهتة رتيبة، بدلة و كرافتة و حقيبة جلدية و لسان لبق يستميل أعتى الأطباء لأدويته وفي البيت يعيش وحيدًا مع أبيه القعيد كان ذلك قبل أن تقع جريمة قتل غامضة تتركه خلفها و قد تبدّل عالمه.. للأبد تتحول حياته إلى جزيرة من الأسرار، يبدأ اكتشافها في دفتر عتيق يعثر عليه مصادفة، و يجد معه أداة رهيبة لها فعل السحر عندها يبدأ ""طه"" ومعه الضابط ""وليد سلطان"" في تتبع قاتل لا يملكان دليلا ضده سنقرأ هنا كيف تتحول هذه الجريمة إلى سلسلة من عمليات القتل. وكيف يصبح القتل بابًا يكشف لنا عالما من الفساد، وسطوة السلطة التي تمتد لأجيال في تتابع مثير لا يؤكد أبدا أن ""طه"" سيصل إلى نهايته http://www.titaniumstores.com/dp/9770...","389 pages, Paperback",Arabic,"January 1, 2010"
210,رحلتي من الشك إلى الإيمان,Mostafa Mahmoud,"3.97 avg rating — 25,049 ratings",https://www.goodreads.com/book/show/3338544,3.97,"25,049 ratings","2,324 reviews",الانسان يولد وحده ويموت وحده ويصل إلى الحق وحده وليست مبلغة أن توصف الدنيا بأنها باطل الأباطيل الكل باطل وقبض الريح ، فكل ما حولنا من مظاهر الدنيا يتصف بالبطلان والزيف ونحن نقتل بعضنا بعضاً فى سبيل الغرور وإرضاء لكبرياء كاذب والدنيا ملهاة قبل أن تكون مأساة ، ومع ذلك نحن نتحرق شوقاً فى سبيل الحق ونموت سعداء فى سبيله والشعور بالحق يملؤنا تماماً وإن كنا نعجز عن الوصول إليه ، إننا نشعر به ملء القلب وإن كنا لا نراه حولنا وهذا الشعور الطاغى هو شهادة بوجوده ، إننا وإن لم نر الحق وإن لم نصل إليه وإن لم نبلغه فهو فينا وهو يحفزنا وهو مثال مطلق لا يغيب عن ضميرنا لحظة وبصائنا مفتوحة عليه دوماً .,"127 pages, Paperback",Arabic,"January 1, 1970"
211,تاكسي: حواديت المشاوير,Khaled Al Khamissi,"3.68 avg rating — 16,007 ratings",https://www.goodreads.com/book/show/2508854._,3.68,"16,007 ratings","1,514 reviews","تاكسي: حواديت المشاوير الذي لاقى نجاحا نقديا وجماهيريا كبيرا وغير متوقع، فأثنى عليه الكثير من الكتاب والنقاد واستضافت مؤلفه عدد من البرامج التلفزيونية مثل العاشرة مساء والبيت بيتك والقاهرة اليوم، ووصفه د. عبد الوهاب المسيري بأنه ""عمل إبداعي أصيل ومتعة فكرية حقيقية""، وقال عنه د. جلال أمين أنه من أجمل ما قرأ من كتب في وصف المجتمع المصري كما كتب عنه صفحة كاملة بجريدة المصري اليوم. والكتاب عبارة عن حوارات بين الراوي وسائقي التاكسي بالقاهرة يتناولون فيها بصراحة بالغة أوضاع البلاد والسياسة والاقتصاد والتطرف والمظاهرات والجنس وحياتهم وهمومهم الشخصية. كتاب ممتع ومرآة صادقة لفئة لماحة تتعامل مع المجتمع كله. المؤلف خالد الخميسي حاصل على ماجستير في العلوم السياسية من جامعة السوربون، إعلامي ومنتج ومخرج وكاتب سيناريو، له العديد من الدراسات الاجتماعية والسياسية، ويكتب في عدة صحف","224 pages, Paperback",Arabic,"December 1, 2006"
212,العصبي,أحمد جمال الدين رمضان,"4.59 avg rating — 2,901 ratings",https://www.goodreads.com/book/show/30528544,4.59,"2,901 ratings",472 reviews,كان الجميع يعلم أنه عصبى .. هذه ليست المشكلة، المشكلة أنه كان يعترف بهذا، كان يعترف أنه عصبى، سريع الاستثارة، ومندفع؛ لكنه لم يحاول تغيير ذلك أبداً، كان ينتابه الغضب ويندفع فى السباب كالسيل العارم لأتفه الأسباب، وأحيانا بدون أسباب تذكر، يفقد أعصابه بسهولة فيثور دون أن يبالى بالعواقب، برميل من البارود قابل للاشتعال فى أى لحظة كما يحلو للبعض أن يصفه، تلك كانت طبيعته المميزة، وهكذا مضت حياته، مشاكل له .. ومأساة للآخرين ممن أوقعهم حظهم العاثر فى دائرة التعامل معه... جيرانه يخشون الاقتراب منه بعد أن علمتهم التجارب أن الاحتكاك به ينتهى دوما بنتائج وخيمة، زملاءه فى العمل يواصلون الشكوى منه ، وأصدقاءه يتناقصون تدريجياً.. فماذا سيفعل فى حياته؟ وما هى المشاكل التى ستواجهه؟ وماذا سيواجه؟ .,"165 pages, Paperback",Arabic,"January 1, 2016"
213,شيكاجو,Alaa Al Aswany,"3.43 avg rating — 22,821 ratings",https://www.goodreads.com/book/show/1220507._,3.43,"22,821 ratings","2,090 reviews",يقول الأستاذ جلال أمين عن هذه الرواية المتميزة: ها هى رواية علاء الأسوانى الجديدة «شيكاجو» تستحق بدورها نجاحًا مماثلاً وبنفس القدر من الجدارة كالذى استحقته عمارة يعقوبيان. فرحت عند انتهائى من قراءتها لأكثر من سبب، فقد أكدت لى هذه القراءة أن لدينا بالفعل أديبًا كبيرًا وموهوبًا، وظهر أن عمارة يعقوبيان ليست ظاهرة منفردة لا تتكرر، بل إن من الممكن أن تتكرر المرة بعد المرة. فى الرواية الجديدة (شيكاجو) كل مزايا الرواية السابقة: التشويق الذى يبدأ من أول صفحة ويستمر إلى آخر صفحة، أسلوب الكتابة السلس والسريع الذى يصيب الهدف باستمرار بلا تثاقل أو تسكع، الرسم الواضح والمتسق للشخصيات، اللغة العربية الراقية دون تكلف أو تعمد الإغراب، وقبل كل شيء وفوق كل شيء، نُبل المعني، إذ لا جدوى فى رأيى من رواية مهما كانت درجة تشويقها وإتقانها إذا لم تكن نبيلة المقصد، وإذا كان المقصد تافهًا أو حقيرًا قضى على ما قد يكون للمهارة والشطارة من أثر فى نفس القارئ http://www.titaniumstores.com/dp/9770...,"456 pages, Paperback",Arabic,"January 1, 2007"
214,رجال حول الرسول,خالد محمد خالد,"4.39 avg rating — 8,692 ratings",https://www.goodreads.com/book/show/2784555,4.39,"8,692 ratings",559 reviews,سيرة وحياة ستين شخصية إسلامية كان لها أثر مباشر في نشر الدين الإسلامي، والدعوة إلى الله تعالى؛ وهؤلاء الرجال هم: مصعب بن عمير، سلمان الفارسي، أبو ذر الغفاري، بلال بن رباح، عبدالله بن عمر، سعد بن أبي وقاص، صهيب بن سنان، معاذ بن جبل، المقداد بن عمرو، سعيد بن عامر، حمزة بن المطلب، عبد الله بن مسعود، حذيفة بن اليمان، عامر بن ياسر، عبادة بن الصامت، خبات بن الأرت، أبو عبيدة بن الجراح، عثمان بن مطعون، يزيد بن حارثة، جعفر بن أبي طالب، عبد الله بن رواحة، خالد بن الوليد، قيس بن سعد بن عبادة، عمير بن وهب، أبو الورداد، زيد بن الخطاب، طلحة بن عبيد الله، الزبير بن العوام، خبيب بن عدي، عمير بن سعد، زيد بن ثابت، خالد بن سعيد، أبو أيوب الأنصاري، العباس بن عبد المطلب، ثابت بن قيس، أسيد بن حضير، عبد الرحمن بن عوف، أبو جابر عبد الله بن عمرو بن مرام، عمرو بن الجموح، أبي بن كعب، حبيب بن زيد، سعد بن معاذ، سعد بن عبادة، أسامة بن زيد، عبد الرحمن بن أبي بكر، عبد الله بن عمرو بن العاص، أبو سفيان بن الحارث، عمران بن حصين، سلمة بن الأكوع، عبد الله بن عباس، عباد بن بشر، سهيل بن عمرو، أبو موسى الأشعري، الطفيل بن عمرو، عمرو بن العاص، سالم حولى أبي حذيفة.,456 pages,,"September 1, 1964"
215,com نسيان,Ahlam Mosteghanemi,"3.67 avg rating — 29,339 ratings",https://www.goodreads.com/book/show/6621287-com,3.67,"29,339 ratings","2,552 reviews","هذا الكتاب للكاتبة الشهيرة والتي ""صُنّفت من بين النساء العشر الأكثر تأثيراً في العالم العربي، والأولى في مجال الأدب بتجاوز مبيعات كتبها مليونين وثلاثمئة ألف نسخة""، هو ""جردة نسائية ضدّ الذكورة، دفاعاً عن الرجولة، تلك الآسرة التي نباهي بوقوعنا في فتنتها، إذ من دونها ما كنّا لنكون إناثاً ولا نساءً"". بلغتها البليغة الجميلة والمباشرة والواضحة، تعبّر الكاتبة عن حقائق موجودة وواقعية وحسية، لا تتخيل منها شيئا، بل قد تتعدى أحياناً تفاصيل واقعها الفعلي حدود أي خيال رحب، ثم تصل إلى نتائج واستنتاجات وبيانات وأحكام ونصائح مهما اختلفت الاراء في تأثيرها ومفعولها وحكمتها، ومهما تنوعت ردود الفعل عليها، فإن مصدرها صادق وغني ونابع من تجربة ومن فضول ميداني بعيد كل البعد عن التنظير والنظرية، يكشف بالكشافات الضوئية الساطعة كل زوايا وخفايا ما يدور في ساحات مساحات واسعة حقيقية. تشكو الكاتبة من اختفاء رجولة ""الرجال""، بما معناه اختفاء كل الصفات الأخلاقية والعشقية الحميدة التي تتوخاها المرأة منهم، فكيف الخلاص للمرأة في حبها للرجل؟ تجد لها حلا وتنصحها وتدعوها: ""أحبيه كما لم تحب امرأة/ وانسيه كما ينسى الرجال""، هي لا تتوق إلى التماثل مع الرجال ""قليلي الحب""، بصورتهم الحالية المندّد بها، فلتبق المرأة على طبيعتها الأصلية في حبها ومحبتها للرجل، ولتتعلم فقط كيف تكون كالرجال في النسيان. تأتي الكاتبة على ذكر العديد من الشعراء والفلاسفة والكتّاب، وتستشهد بأقوالهم وأحاديثهم التي تقوّي عصب موضوعها وتغنيه: ""لا يمكن حصر عدد الكتّاب الذين، عبر الأزمنة والحضارات وبكل اللغات، عملوا مرشدين عاطفيين للتائهين من العشاق في الأزقة والشوارع الجانبية للحبّ. ليس لي هذا الادّعاء. أنا مجرد ممرضة لا تملك سوى حقيبة إسعافات أوّلية لإيقاف نزيف القلوب الأنثوية عند الفراق "". ""في النهاية، ما النسيان سوى قلب صفحة من كتاب العمر""، لكن قد يكون وزن الصفحة ثقيلا بحيث وجدت الكاتبة لنفسها دوراً في تخفيف هذا الوزن ما استطاعت، بل وقلب الصفحة نيابة عن القارئ. تقول بتواضع وهدف عملي نبيل: ""دعوني أحاول، ربما استطعت قلب صفحتكم هذه. ذلك أنه من الأسهل قلب صفحة الآخرين"". يتضمن الكتاب المرفق بـ C.D بعنوان ""أيها النسيان هبني قبلتك"" من كلمات الكاتبة، وألحان وغناء جاهدة وهبي، عدداً من إشارات الفصول تحمل هذه العناوين: هكذا تورطت في هذا الكتاب، وهاتف النسيان، ونصائح بقطيع من الجمال، وصفات لنسيان رجل، وكما ينسى الرجال، وكمائن الذاكرة، ونساء في مهبّ النسيان، ومن قصص النساء الغبيات، وتانغو النسيان وميثاق شرف أنثوي. كتاب ممتع وملفت ومثير للمعرفة وللجدل في مواضيع تهم القرّاء، فيه الكثير من الحقائق والأحاسيس وجعبة من الاستنتاجات حصيلة تجارب ومراقبة ميدانية للأوضاع بحيث يمكن لأي امرأة، ولأي رجل، الاستفادة من صدقها وواقعيتها","335 pages, Paperback",Arabic,"January 1, 2009"
216,واحة الغروب,Bahaa Taher,"3.82 avg rating — 14,869 ratings",https://www.goodreads.com/book/show/3240691,3.82,"14,869 ratings","1,884 reviews",هذه الرواية حاصلة على الجائزة العالمية للرواية العربية 2008 وقد طبع منها 3 طبعات خلال سنة يعود بهاء طاهر فى روايته الجديدة والبديعة «واحة الغروب» والتى لاقت نجاحا جماهيريا واستحسانا نقديا كبيرا، إلى نهايات القرن التاسع عشر، وبداية الاحتلال البريطانى لمصر. حيث يُرسل ضابط البوليس المصرى محمود عبدالظاهر، والذى كان يعيش حياة لاهية بين الحانات وبنات الليل، إلى واحة سيوة لشك السلطات فى تعاطفه مع الأفكار الثورية لجمال الدين الأفغانى وأحمد عرابى. فيصطحب زوجته الأيرلندية «كاثرين» الشغوفة بالآثار، والتى تبحث عن مقبرة الإسكندر الأكبر، لينغمسا فى عالم جديد شديد الثراء والخصوصية يجبرهما وأهل الواحة على مواجهة أنفسهم فى زمن اختلطت فيه الانتهازية والخيانة والرغبة بالحب والبطولة. تعكس أحداث الرواية أيضا مزجا إبداعيا بين الماضى والحاضر وال.... والموضوعى والتاريخ والواقع يعبر عن هموم الوطن كما يقدم تجربة العلاقة بين الشرق والغرب على المستويين الإنسانى والحضارى بما فيها من صراع وتوافق,"325 pages, Paperback",Arabic,"November 1, 2006"
217,جدد حياتك,Muhammad Al-Ghazali,"4.21 avg rating — 11,905 ratings",https://www.goodreads.com/book/show/3553395,,,,,,,
218,عبقرية عمر,عباس محمود العقاد,"4.17 avg rating — 8,283 ratings",https://www.goodreads.com/book/show/3437465,4.17,"8,283 ratings",791 reviews,نبذة موقع النيل والفرات: امتطى العقاد لهذا الكتاب صهوة فكره، بغية الإحاطة بعظمة بطله، فبطله ذو لونٍ جديد، وعبقريته ذات طابع فريد، والكتاب ليس سرداً لسيرة عمر بن الخطاب، ولا عرضاً لتاريخ عصره، وإنما هو وصف له، ودراسة لأطواره، ودلالة على خصائص عظمته، واستفادة من هذه الخصائص لعلم النفس، وعلم الأخلاق، وحقائق الحياة، لذلك ركز العقاد على ما يفيد هذه الدراسة، سواء لديه أكان من حادث صغير أم عظيم. كما أظهر حرجه عندما حاول أن يجاري من يسمون بالكتّاب المنصفين، الذين يقرنون المدائح بالمعايب، ويمزجون النقائص بالمناقب، ولا يأتون بحسنة إلا نقبوا عن سيئة تمحوها، أو تقلل منها، وكأن سّر حرج العقاد، أنه لم يجد عيباً ولا ما يستحق اللوم في حياة عمر وأطواره، مما جعله يتوقع أن يتهم بالمغالاة والتحيز والإعجاب، إذ كيف يحاسب -هو أو غيره- عمر بن الخطاب، وقد كان عمر يحاسب نفسه بأعنف مما كان يمكن أن يحاسبه غيره؟,"240 pages, Paperback",Arabic,"January 1, 1941"
219,في ظلال القرآن,Sayyid Qutb,"4.53 avg rating — 3,543 ratings",https://www.goodreads.com/book/show/3318993,4.53,"3,543 ratings",153 reviews,"خواطر وانطباعات من فترة عاشها سيد قطب في ظلال القرآن دوّنها في هذه المجلدات الستة منطلقاً في ذلك من حقيقة أبدية وهي أن القرآن حقيقة ذات كينونة مستمرة كهذا الكون ذاته، الكون كتاب الله المنظور، والقرآن كتاب الله المقروء، وكلاهما شاهد ودليل على صاحبه المبدع، كما أن كليهما كائن ليعمل. فالكون بنواحيه ما زال يتحرك ويؤدي دوره الذي قدره له بارئه والقرآن كذلك أدى دوره للبشرية، وما يزال هو هو، والإنسان ما يزال هو هو في حقيقته وفي أصل فطرته. وهذا القرآن هو خطاب الله لهذا الإنسان، فيمن خاطبهم الله به، خطاب لا يتغير فهو يخاطبه في أصل فطرته وفي أصل حقيقته، لذا كان لا بد من التمعن أكثر لإدراك المعاني التي رمت إليها سوره وآياته، ولإدراك ما فيه من الحيوية الكامنة لتلقي التوجيه المدخر منه للجماعة المسلمة في كل جيل، وذلك من خلال استحضار سيد قطب في تصوره كينونة الجماعة المسلمة الأولى التي خوطبت بهذا القرآن لأول مرة للعيش معها لتمثلها في بشريتها الحقيقية، وفي حياتها الواقعية، وفي مشكلاتها الإنسانية، وبتأمل قيادة القرآن لها قيادة مباشرة في شؤونها اليومية وفي أهدافها الكلية على السواء، ويرى كيف يأخذ القرآن بيدها خطوة خطوة، لينتقل بعدها إلى الجماعة الإسلامية اليوم المخاطبة بالقرآن في مثل ما خوطبت به الجماعة الأولى، فالبشرية بكل خصائصها المعروفة، تملك الاستجابة للقرآن، والانتفاع بقيادته في ذات الطريق. بهذه النظرة رأى سيد قطب بأن القرآن حياً يعمل في حياة المسلمة الأولى، ويملك أن يعمل في حياة المسلمين اليوم والقرآن هو اليوم معهم وكذلك غداً، وأنه ليس مجرد تراتيل تعبدية بعيدة عن واقع المسلمين المحدد، كما أنه ليس تاريخاً نص وانقضى وبطلت فاعليته وتفاعله مع الحياة البشرية. من هذا المنطلق يمضي سيد قطب في ظلال القرآن يستشف معانيه، يفسر آياته بأسلوب بعيد عن ساليب أئمة التفسير المتقدمين، ملتزماً بروح تفاسيرهم وبجوهرها، ليحاكي عقولاً اختلفت في منهجيتها وبطريقة تفكيرها وتنظيرها للأمور والوقائع عن عقول معاصري أئمة التفسير المتقدمين. حيث يورد السورة معرفاً بها وبعدد آياتها ومكية هي أم مدنية والراجح عنده. ثم يمضي في إيراد الآيات حيث يورد مجموعة من الآيات متتابعة تدور معانيها ضمن السياق نفسه فيأخذ في استشفاف مدلولاتها مجتمعة ليفسرها بعد ذلك آية آية مستنداً إلى المأثور في التفسير وهذا لم يمنعه من إيراد التفسير بلغة معاصرة تدور في معانيها خواطر إيمانية عميقة يعكس من خلالها سيد قطب التوجه التربوي القرآني الذي يأخذ بعين الاعتبار الإنسان بخلجاته وسكناته، بنفسيته وتألباتها ومتطلباتها وأهوائها، وبالمعطيات الآنية والمستقبلية التي تمتد امتداد حياة الإنسان على وجه الأرض. حرك سيد قطب في تفسيره فطرة الإنسان، وأبرز جنوح المسلم عن إدراك المعاني الحقيقية للقرآن وآياته بالحجب التي تقيمها الأهواء والعصبيات والجهل دون تلك الفطرة. ولم يغفل قطب عن استخراج المسائل الفقهية التي حملتها معاني الآيات والآراء الواردة اتفاقاً واختلافاً حولها، ولم تفته اللفتات التربوية عن إبراز النواحي الإعجازية الفنية التي حفلت بها آيات القرآن. لقد شكّل ""في ظلال القرآن"" منعطفاً هاماً في تفسير القرآن، حاك سيد قطب المسلم بلغة معاصرة، بأسلوب يفهمه ويعقله، وبروحية هي أقرب إلى روح العصر الذي غلبت عليه معطيات سياسية، اجتماعية، اقتصادية، إنسانية... عايشها القرآن بآياتها كما عايش روح القرون الماضية، وكما سيعايش القرون القادمة إلى آخر الزمان، واستشفها سيد قطب فجاءت خواطر دوّنها ""في ظلال القرآن"".","4012 pages, Hardcover",Arabic,"January 1, 1971"
220,الأيام,Taha Hussein,"3.65 avg rating — 12,161 ratings",https://www.goodreads.com/book/show/3371137,3.65,"12,161 ratings","1,237 reviews","كتاب ""الأيام"" أشهر من أن يعرّف، وهو بجانب قيمته الأدبية الرفيعة باعتباره طرازاً فريداً من السير الذاتية لشخصية أدبيه قل أن يجود الزمان بمثلها، وصدق وعذوبة وطلاوة أسلوب، وهى مزايا يكاد يستأثر بها، فإن هذا العمل يمهد لإحاطة القارئ بدنيا طه حسين والروافد الفكرية والثقافية التى شكلت مذهبه ومنهجه. وفي هذه الطبعة اجتمعت الكتب الثلاثة في مجلد واحد لتكون باقة من الذكريات والسطور المليئة بالصور التى جادت بها ذاكرة عميد الأدب العربي.","520 pages, Paperback",Arabic,"January 1, 1927"
221,عبقرية محمد,عباس محمود العقاد,"4.13 avg rating — 9,349 ratings",https://www.goodreads.com/book/show/3838932,4.13,"9,349 ratings","1,085 reviews","نبذة المؤلف: إنه لنافع لمن يقدرون محمداً، وليس بنافع لمحمد أن يقدروه؛ لأنه فى عظمته الخالدة لا يضار بإنكار، ولا ينال منه بغى الجهلاء، إلا كما نال منه بغى الكفار.. وإنه لنافع للمسلم أن يقدر محمداً بالشواهد والبينات التى يراها غير المسلم، فلا يسعه إلا أن يقدرها ويجرى على مجراه فيها.. لأن مسلماً يقدر محمداً على هذا النحو يحب محمداً مرتين: مرة بحكم دينه الذى لا يشاركه فيه غيره، ومرة بحكم الشمائل الإنسانية التى يشترك فيها جميع الناس. وحسبنا من ""عبقرية محمد"" أن نقيم البرهان على أن محمداً عظيم فى كل ميزان: عظيم فى ميزان الدين، وعظيم فى ميزان العلم، وعظيم فى ميزان الشعور، وعظيم عند من يختلفون فى العقائد، ولا يسعهم أن يختلفوا فى الطبائع الآدمية، إلا أن يرين العنت على الطبائع فتنحرف عن السواء وهى خاسرة بانحرافها، ولا خسارة على السواء. إن عمل محمد لكاف جد الكفاية لتخويله المكان الأسنى من التعظيم والإعجاب والثناء... إنه نقل قومه من الإيمان بالأصنام إلى الإيمان بالله، ولم تكن أصناماً كأصناه يويان، يحسب للمعجب بها ذوق الجمال إن فاته أن يحسب له هدى الضمير.. ولكنها أصنام شائهات كتعاويذ السحر التى تفسد الأذواق وتفسد العقول..فنقلهم محمد من عبادة هذه الدمامة إلى عبادة الحق الأعلى.. عبادة خالق الكون الذى لا خالق سواه، ونقل العالم كله من ركود إلى حركة، ومن فوضى إلى نظام، ومن مهانة حيوانية إلى كرامة إنسانية، ولم ينقله هذه النقلة قبله ولا بعده أحد من أصحاب الدعوات... إن عمله هذا لكاف لتخويله المكان الأسنى بين صفوف الأخيار الخالدين، فما من أحد يضن على صاحب هذا العمل بالتوقير ثم يجود بالتوقير على اسم إنسان. إلا أننا نمضى خطوة وراء هذا، حين نقول إن التعظيم حق ""لعبقرية محمد"" ولو لم تقترن بعمل محمد.. لأن العبقرية قيمة فى النفس قبل أن تبرزها الأعمال، ويكتب لها التوفيق، وهى وحدها قيمة يغالى بها التقويم.. فإذا رجح بمحمد ميزان العبقرية، وميزان العمل، وميزان العقيدة؛ فهو نبى عظيم وبطل عظيم وإنسان عظيم. وحسبنا من كتابنا هذا أن يكون بناناً تومىء إلى تلك العظمة فى آفاقها، فإن البنان لأقدر على الإشارة من الباع على الإحاطة، وأفضل من عجز المحيط طاقة المشير..","206 pages, Paperback",Arabic,"January 1, 1941"
222,عابر سرير,Ahlam Mosteghanemi,"3.59 avg rating — 14,333 ratings",https://www.goodreads.com/book/show/2501453._,3.59,"14,333 ratings",832 reviews,"كل ما أدريه أنني مذ غادرت الجزائر ما عدت ذلك الصحافي ولا المصوّر الذي كنته. أصبحت بطلاً في رواية، أو في فيلم سينمائي يعيش على أهبة مباغتة؟ جاهزاً لأمر ما.. لفرح طارئ أو لفاجعة مرتقبة. نحن من بعثرتهم قسنطينة، ها نحن نتواعد في عواصم الحزن وضواحي الخوف الباريسي. حتى من قبل أن نلتقي حزنت من أجل ناصر، من أجل اسم أكبر من أن يقيم ضيفاً في ضواحي التاريخ، لأن أباه لم يورثه شيئاً عدا اسمه، ولأن البعض صنع من الوطن ملكاً عقارياً لأولاده، وأدار البلاد كما يدير مزرعة عائلية تربي في خرائبها القتلة، بينما يتشرد شرفاء الوطن في المنافي. جميل ناصر، كما تصورته كان. وجميلاً كان لقائي به، وضمة منه احتضنت فيها التاريخ والحبّ معاً، فقد كان نصفه سي الطاهر ونصفه حياة. كانت شقته على بساطتها مؤثثة بدفء عن استعاض بالأثاث الجميل عن خسارة ما، ومن استعان بالموسيقى القسنطينية ليغطي على نواح داخلي لا يتوقف... رحت أسأل ناصر عن أخباره وعن سفره من ألمانيا إلى باريس إن كان وجد فيه مشقة. ردّ مازحاً: كانت الأسئلة أطول من المسافة! ثم أضاف أقصد الإهانات المهذبة التي تقدم إليك من المطارات على شكل أسئلة قال مراد مازحاً: واش تريد يا خويا.."" وجه الخروف معروف""! ردّ ناص: معروف بماذا؟ بأنه الذئب؟ أجاب مراد: إن لم تكن الذئب، فالذئاب كثيرة هذه الأيام. ولا أرى سبباً لغضبك. هنا على الأقل لا خوف عليك ما دمت بريئاً. ولا تشكل خطراً على الآخرين. أما عندنا فحتى البريء لا يضمن سلامته! ردّ ناصر متذمراً: نحن نفاصل بين موت وآخر، وذلّ وآخر، لا غير. في الجزائر يبحثون عنك لتصفيتك جسدياً. عذابك يدوم زمن اختراق رصاصة. في أوروبا بذريعة إنقاذك من القتلة يقتلونك عرياً كل لحظة، ويطيل من عذابك أن العري لا يقتل بل يجردك من حميميتك ويغتالك مهانة. تشعر أنك تمشي بين الناس وتقيم بينهم لكنك لن تكون منهم، أنت عارٍ ومكشوف ومشبوه بسبب اسمك، وسحنتك ودينك. لا خصوصية لك برغم أنك في بلد حر. أنت تحب وتعمل وتسافر وتنفق بشهادة الكاميرات وأجهزة التنصت وملفات الاستخبارات"".","319 pages, Paperback",Arabic,"January 1, 2003"
223,أمل دنقل: الأعمال الكاملة,أمل دنقل,"4.29 avg rating — 5,727 ratings",https://www.goodreads.com/book/show/5865674,4.29,"5,727 ratings",563 reviews,أن سيفان سيفك صوتان صوتك أنك إن متَ للبيت رب وللطفل أب هل يصير دمى -بين عينيك- ماء؟ أتنسى ردائى الملطخ.. تلبس -فوق دمائى- ثياباً مطرزة بالقصب؟ إنها الحرب قد تثقل القلب.. لكن خلفك عار العرب لا تصالح.. ولا تتوخَ الهرب! لا تصالح على الدم.. حتى بدم! لا تصالح! ولو قيل رأس برأس أكل الرؤوس سواء؟ أقلب الغريب كقلب أخيك؟! أعيناه عينا أخيك؟ وهل تساوى يد... سيفها كان لك بيد سيفها أثكلك؟ جئناك كى تحقن الدم.. جئناك. كن يا أمير- الحكم سيقولون ها نحن أبناء عم قل لهم إنهم لم يراعوا العمومة فيمن هلك وأغرس السيف فى جبهة الصحراء.. إلى أن يجيب العدم. إننى كنت لك. فارساً وأخاً أباَ وملك!,"478 pages, Paperback",Arabic,"January 1, 1987"
224,يوميات نائب في الأرياف,Tawfiq Al-Hakim,"3.90 avg rating — 10,394 ratings",https://www.goodreads.com/book/show/3482579,3.90,"10,394 ratings","1,302 reviews",يوميات نائب في الأرياف، رواية من تأليف توفيق الحكيم، صدرت عام 1937 ترجمت ونشرت بالفرنسية عام 1939 (طبعة أولى) وفى عام 1942 (طبعة ثانية) وفى عام 1974 و1978 (طبعة ثالثة ورابعة وخامسة بدار بلون بباريس وترجم ونشر بالعبرية عام 1945 وترجم ونشر باللغة الإنجليزية في دار (هارفيل) للنشر بلندن عام 1947 -ترجة أبا إيبان- ترجم إلى الأسبانية في مدريد عام 1948 وترجم ونشر في السويد عام 1955، وترجم ونشر بالألمانية عام 1961 وبالرومانية عام 1962 بالروسية 1961. الرواية ألفها توفيق الحكيم يسرد فيها مشاهدات من الحوادث والقصص التي عرضت عليه أثناء عمله في القضاء في أحد مناطق الريف المصري. وتدور أحداث الرواية حول معاناة هذا النائب القادم من القاهرة إلى الأرياف، وكيف يمضي وقته في محاربة البعوض والذباب والاصطدام مع المأمور وكاتب النيابة.,"160 pages, Paperback",Arabic,"January 1, 1937"
225,الفيل الأزرق,Ahmed Mourad,"3.79 avg rating — 65,188 ratings",https://www.goodreads.com/book/show/16031620,3.79,"65,188 ratings","6,288 reviews","بعد خمس سنوات من العُزلة الاختيارية يستأنف د. يحيى عمله في مستشفى العباسية للصحّة النفسية، حيث يجد في انتظاره مفاجأة.. في ""8 غرب""، القسم الذي يقرّر مَصير مُرتكبي الجرائم، يُقابل صديقاً قديماً يحمل إليه ماضياً جاهد طويلاً لينساه، ويصبح مَصيره فجأة بين يدي يحيى.. تعصِف المفاجآت بيحيى وتنقلب حياته رأسًا على عقب، ليصبح ما بدأ كمحاولة لاكتشاف حقيقة صديقه، رحلة مثيرة لاكتشاف نفسه.. أو ما تبقى منها.. يأخذنا أحمد مراد في روايته الثالثة إلى كواليس عالم غريب قضى عامين في دراسة تفاصيله، رحلة مثيرة مستكشف فيها أعمق وأغرب خبايا النفس البشرية..","386 pages, Paperback",Arabic,"January 1, 2012"
226,عصر العلم,Ahmed H. Zewail,"3.79 avg rating — 4,960 ratings",https://www.goodreads.com/book/show/2244796._,3.79,"4,960 ratings",524 reviews,"هذا الكتاب هو محاولة لفهم طبيعة هذا العصر، من العلم إلى ما وراء العلم..من إيرادات سياسية وطاقات اجتماعية وثقافات للشعوب. وعليه..فأن هذا الكتاب يجمع بين تجربة المؤلف الذاتية فى ""عصر من العلم"" ورؤيته الشخصية للعالم فى ""عصر العلم""7 This book is listed by","261 pages, Paperback",Arabic,"January 1, 2005"
227,أرض النفاق,يوسف السباعي,"4.08 avg rating — 7,681 ratings",https://www.goodreads.com/book/show/2927732,4.08,"7,681 ratings",971 reviews,هذه قصة النفاق والمنافقين وأرض النفاق ،قصة قد يكون فيها بعض الشطط وبعض الخيال ، ولقد كنت أنوي أن اختمها كما يختم كتاب القصة عادة قصصهم الخيالية على أنها حلم ، وعلى انى فتحت عينى فوجدت نفسى راقدا على الآريكة في الدار ولكن يخيل إلى أن ما بها من حقائق قد طغى على ما بها من خيال. يا أهل النفاق !! تلك هى أرضكم .. وذلك هو غرسكم ... ما فعلت سوى أن طفت بها وعرضت على سبيل العينة بعض ما بها.. فإن رأيتموه قبيحا مشوها ، فلا تلوموني بل لوموا أنفسكم ... لو موا الأصل ولا تلوموا المرآة . أيها المنافقون !! هذه قصتكم ، ومن كان منكم بلا نفاق فليرجمني بحجر.,"286 pages, Paperback",Arabic,"January 1, 1949"
228,في عينيك عنواني,فاروق جويدة,"4.06 avg rating — 3,144 ratings",https://www.goodreads.com/book/show/3280282,4.06,"3,144 ratings",249 reviews,قصائد,"155 pages, Paperback",Arabic,"January 1, 1990"
229,هكذا علمتني الحياة,مصطفى السباعي,"3.96 avg rating — 4,396 ratings",https://www.goodreads.com/book/show/2750285,3.96,"4,396 ratings",384 reviews,يعد هذا الكتاب مجموعة من الخواطر الخاصة بالمؤلف الجليل ، والتي كتبها في فترات متقطعة كانت تدفع إلى كتابتها مناسبات الأحداث ولقد دونت هذه الخواطر كما وردت ، غير مرتبة ولا مبوبة ويردف بعضها بعضا ، فالكتاب يعرضها كما هي حتى تعطي صورة صادقة للمواقف التي كتبت لها ، وهذه الخواطر هي خلاصة تجارب المؤلف في الحياة ، ولم ينقل شيئا من كتاب ولا استعان فيها بآراء غيره ، فالكتاب يقدم خبرة ونصحا من الحياة نفسها ، فخير النصح ما أعطته الحياة نفسها ، وأبلغ الموعظة ما اتصل بتجارب الحياة ذاتها ، وهذه الخواطر لا تتحدث عن المعاني الدقيقة التي تخطر في بال الفلاسفة ، وإنما كتبت بعيدة عن التعقيد والغموض ، وتشتمل هذه الخواطر على معان كثيرة نظرا لعمومها ، وتركت هكذا حتى يفهمها القارئ أو يفهم منها ما يشاء ما دام لفظها يحتمل فهمه ويدل عليه ، والخواطر قد تتناول فئات من الناس ، لم يقصد بها أشخاصا معينين ، وإنما قصدت كل من اتصف بتلك الصفات ، فالخواطر المتعلقة بهم خواطر نحو صفات معينة لا أشخاص معينين .,368 pages,,"January 1, 1997"
230,رأيت رام الله,Mourid Barghouti,"4.21 avg rating — 19,129 ratings",https://www.goodreads.com/book/show/3243517,4.21,"19,129 ratings","3,488 reviews","""رأيت رام الله"" كتاب فاز بجائزة نجيب محفوظ للإبداع الأدبي (1997) هل هي رام الله سرّ الإبداع المحقق!! أم أنها الثلاثون عاماً من الغربة أشعلت في القلب الحنين والاشتياق إلى ساكني رام الله!! أم أنه الوطن المحرم المنتظر على مشارف جسر العبور... جسر العودة ذاك الذي سكن في ذاكرة مريد البرغوثي بصرير خشبة، وبضيق مساحته وقصر طوله. هو ذاك الجسر القصير مشت عبره الذاكرة إلى ذاك الأفق الرحب المشبع برائحة الأهل والمترع بالصور القديمة الساكنة في الوجدان. مريد البرغوثي فاز بجائزة عبوره ذلك الجسر الخشبي الصغير وكأنه بتجاوزه تمكن من المثول أمام أيامه، وجعل أيامه تمثل أمامه، يلمس تفاصيل منها بلا سبب مهملاً منها تفاصيل أخرى بلا سبب، مثرثراً لنفسه عمراً كاملاً، في يوم عودته ومن حوله يحسبون أنه في صمت عبر الجسر المحرم عليه بعد ثلاثين عاماً، وفجأة انحنى ليلملم شتاته، كما يلمّ جهتي معطفه إلى بعضها في يوم من الصقيع والتلهف. أو كما يلملم تلميذ أوراقه التي بعثرها هواء الحقل وهو عائد من بعيد. وعلى مخدعه في تلك الليلة، ليلة العودة-لملم النهارات والليالي ذات الضحك، ذات الغضب، ذات الدموع، ذات العبث، وذات الشواهد الرخامية التي لا يكفيه عمر واحد لزيارتها جميعاً، من أجل تقديم الصمت والاحترام، وفي غمرة كل ذلك الروح شاحبة، والنفس ذابلة، وسؤال يقفز، ما الذي يسلب الروح ألوانها والنفس أنغامها؟!! وما الذي، غير قصف الغزاة أصاب الجسر؟. لملم مريد البرغوثي كل ذلك ليحكي في كتابه هذا رحلة عذاب فلسطين من خلال أسلوب قصصي شاعري رائع، جسد صدقه الإنساني المعذب والجميل.","263 pages, Paperback",Arabic,"January 1, 1997"
231,لافتات - المجموعة الكاملة,أحمد مطر,"4.33 avg rating — 4,204 ratings",https://www.goodreads.com/book/show/6145314--,4.33,"4,204 ratings",373 reviews,أحمد مطر شاعر حقيقي في زمن امتلأ بالشعارات الجوفاء وأصحابها الدهناء .. لم يكتب في الغناء أو يهتف للسلطان.. وإنما وجه كلماته وأشعاره لكل موطن فيه ظلم او عدوان ، وبرغم منفاه وأمراضه في الغربة إلا أنه صامد لا يزال يطلق الرصاص من فوهة قلمه. في هذا الكتاب أعمال (أحمد مطر ) الكاملة... لافتات صريحة مكثفة في صفحات المجلات والكتب واحتواها هذا الكتاب. إنه كتاب نقدمه لسكان الوطن العربية وصاحبه الذي لم يهنأ له عيش فذاب وانصهر في مأسى الوطن العربي برغم وداعه ومفارقته للأراضى العربية.,"812 pages, Hardcover",Arabic,"December 19, 1996"
232,كيف أصبحوا عظماء؟,سعد سعود الكريباني,"4.09 avg rating — 5,718 ratings",https://www.goodreads.com/book/show/2854462,4.09,"5,718 ratings",665 reviews,تعلّم خطوات النجاح ال 3 التي يتقنها العظماء : لقد أتقن تاكيو أوساهيرا الخطوة الاولى فنقل قوّة أوروبا إلى بلده اليابان، وأتقن بقي بن مخلد الاندلسي الخطوة الثانية فأستطاع أن يسافر ماشيًا على قدميه من أسبانيا إلى العراق، وأتقن توماس أديسون الخطوة الثالثة فأضاء العالم بمصباحه. من خلال البحث المستمر في مشكلة الطلبة الموهوبين غير المنجزين ومن خلال الاطلاع على أكثر من 500 كتاب في النجاح والتوفق والموهبة، شملت سيرة مئات الناجحين والعلماء والعظماء، لخصت لك في هذا الكتاب عوامل النجاح في ثلاثة جمل : ثلاثة خطوات، فإن أتقنتها فأنت إن شاء الله في ركب هؤلاء العظماء,"200 pages, Hardcover",Arabic,"January 7, 2007"
233,الأعمال الشعرية الكاملة,Mahmoud Darwish,"4.46 avg rating — 2,688 ratings",https://www.goodreads.com/book/show/6718801,4.46,"2,688 ratings",138 reviews,"عندما تهاجر أسراب السنونو مواطنها... تسمع في حفيف أجنحتها صوت موسيقى شعره... وعندما تقرأ محمود درويش... تسمع في سطوره... في معانيه أناشيد تلك الطيور المهاجرة... فتدرك أن تلك الطيور لم تكن تغني لتطرب... بل لتبوح بلوعة الحنين... ولتبكي مأساة الهجرة... ومحمود درويش لا ينظم شعراً... بل من معانيه تتناهي قصائد... فتتهادى الكلمات... تشد بعضها بعضاً... في تلقائية فطرية... ينغمس فيها الإحساس... تتماهى فيه ومعه... وترحل بعيداً في عالم قصائده... وتحس بكل لوعات التشرد وما معنى أن يكون الإنسان بلا وطن... ""وماذا جَنَيْنا يا أمّاه حتى نموت مرتين... هل تعلمين ما الذي يملأني بكاءً؟... هَبي مرضت ليلةً... وهَدَّ جِسْمِي الداء... هل يذكر المساء مهاجراً أتى هنا... ولم يعد إلى الوطن؟ هل يذكر المساء... مهاجراً مات بلا كفن..."" هكذا تنساب معانيه... تتداخل في الذات، ومجلدات تذوب في كلماتها المأساة... حيناً... أنيناً ألماً وشوقاً... فكل كلمة أهة... وكل عبارة صرخة... وكل قصيدة مدائن حزن وطن ساكن في الوجدان... وشعره... وطنه ألفباءه... بدايته وطن مسلوب في وضح النهار... ونهايته تشرد وحنين... وأهل بلا أبناء... وأولاد بلا أوطان... وإنسان بلا عنوان...",675 pages,Arabic,"January 1, 1973"
234,ديوان الإمام الشافعي,محمد بن إدريس الشافعي,"4.44 avg rating — 5,266 ratings",https://www.goodreads.com/book/show/2168850._,4.44,"5,266 ratings",611 reviews,يضم هذا الكتاب بين دفتيه كل ما وصل إلينا من شعر (الإمام الشافعي) هذا الشعر الذي يتسم بالسمة الأخلاقية؛ ولا غرابة في ذلك فهو العالم الفقيه الحافظ المحدث؛ الذي شغلته العلوم القرآنية والدينية عن سواها إلا ما جاء صاباً في الناحية الخلقية أو جانب الدعاء والابتهال أو مورداً حكمة أو مثلاً. وهكذا فإن شعر الشافعي ذو طعم ورائحة يختلفان عن شعر الشعراء الآخرين التقليديين... إنه شعر رجل الدين الذي يقول الشعر ناصحاً موجهاً مؤدباً، ولذا فقد قال الشعر مفتخراً بمقدرته على القريض غير أن الشعر في نظره يزرى بالعلم. ومع ذلك فقد جاء شعر الشافعي في أغراض متعددة تنبع من أفكاره، الداعية إلى الله جلّ جلاه، ورسوله صلى الله عليه وسلم، وقد وسمت قصائده بسمة السهولة والبساطة في التعبير والأسلوب.,"218 pages, Paperback",Arabic,"January 1, 820"
235,The Prophet,Kahlil Gibran,"4.23 avg rating — 333,601 ratings",https://www.goodreads.com/book/show/2547.The_Prophet,4.23,"333,600 ratings","17,524 reviews","Kahlil Gibran’s masterpiece, The Prophet, is one of the most beloved classics of our time. Published in 1923, it has been translated into more than twenty languages, and the American editions alone have sold more than nine million copies. The Prophet is a collection of poetic essays that are philosophical, spiritual, and, above all, inspirational. Gibran’s musings are divided into twenty-eight chapters covering such sprawling topics as love, marriage, children, giving, eating and drinking, work, joy and sorrow, housing, clothes, buying and selling, crime and punishment, laws, freedom, reason and passion, pain, self-knowledge, teaching, friendship, talking, time, good and evil, prayer, pleasure, beauty, religion, and death.","127 pages, Paperback",English,"January 1, 1923"
236,The Yacoubian Building,Alaa Al Aswany,"3.72 avg rating — 23,456 ratings",https://www.goodreads.com/book/show/128711.The_Yacoubian_Building,,,,,,,
237,وحي القلم,مصطفى صادق الرافعي,"4.35 avg rating — 4,968 ratings",https://www.goodreads.com/book/show/2932708,4.35,"4,968 ratings",383 reviews,"كتاب وحي القلم عمل أدبي لمصطفى صادق الرافعي، ويعتبر من أجمل ما كتبه الرافعي، يتكون الكتاب من ثلاثة أجزاء هي عبارة عن مجموعة من مقالاته النقدية والإنشائية المستوحاة من الحياة الاجتماعية المعاصرة والقصص والتاريخ الإسلامي المتناثرة في العديد من الصحف والمجلات المصرية المشهورة في مطلع القرن الماضي مثل: الرسالة، وجريدة المؤيد والبلاغ والمقتطف والسياسة وغيرها. يجمع الكتاب كل خصائص الرافعي الأدبية متميزة بوضوح في أسلوبه, كذلك يجمع كل خصائصه العقلية والنفسية متميزة بوضوح في موضوعه, ففيه خلقه ودينه, وفيه شبابه وعاطفته, وفيه تزمته ووقاره, وفيه فكاهته ومرحه, وفيه غضبه وسخطه, فمن شاء أن يعرف الرافعي عرفان الرأي والفكرة والمعاشرة فليعرفه في هذا الكتاب. بدأ الرافعي في كتابة هذه المقالات في عام 1934 كل أسبوع بصيغة مقالة أو قصة، ليتم نشرها أسبوعياً في مجلة الرسالة تناول الكتاب مواضيع اجتماعية وأخرى عن الوصف والحب، كما فيه مواضيع توضح ما التبس من حقائق الإسلام وآدابه وخلفياته وبعض جماليات القرآن ينتزع من الدنيا حقائقها، ويرسلها ضمن نصوص صيغت بصيغة القصة التي تنزع إلى لفت نظر القارئ إلى المغزى.","1050 pages, Hardcover",Arabic,"January 1, 1937"
238,مصرائيل,أحمد جمال الدين رمضان,"4.62 avg rating — 1,144 ratings",https://www.goodreads.com/book/show/197003394,4.62,"1,144 ratings",345 reviews,,"62 pages, ebook",Arabic,"August 16, 2023"
239,Impasse des deux palais,Naguib Mahfouz,"4.20 avg rating — 23,000 ratings",https://www.goodreads.com/book/show/84073625-impasse-des-deux-palais,4.20,"23,000 ratings","2,686 reviews","« La rue d’al-Nahhasin n’était pas une rue calme… La harangue des camelots, le marchandage des clients, les invocations des illuminés de passage, les plaisanteries des chalands s’y fondaient en un concert de voix pointues… Les questions les plus privées en pénétraient les moindres recoins, s’élevaient jusqu’à ses minarets… Pourtant, une clameur soudaine s’éleva, d’abord lointaine, comme le mugissement des vagues, elle commença à s’enfler, s’amplifier, jusqu’à ressembler à la plainte sibilante du vent… Elle semblait étrange, insolite, même dans cette rue criante… » N. M. C’est dans les rues du Caire que Naguib Mahfouz, le « Zola du Nil », a promené son miroir et capté toutes les facettes d’une société égyptienne en pleine évolution. Impasse des deux palais est le premier volume d’une trilogie qui comporte également Le Palais du désir et Le Jardin du passé. Naguib Mahfouz est le premier écrivain de langue arabe à avoir reçu, en 1988, le prix Nobel de littérature.","pages, Poche",French,"January 1, 1956"
240,حديث الصباح والمساء,Naguib Mahfouz,"3.95 avg rating — 7,944 ratings",https://www.goodreads.com/book/show/3495914,3.95,"7,944 ratings",972 reviews,"هى رواية كل كائن وإنسان على وجه الأرض... نفس البداية والنهاية.. لا يختلف فيها صبى عن رجل عن امرأة عن فتاة مهما اختلفت وتباينت الأحداث. فهذا ""أحمد عطا المراكيبي"" العملاق ذو الجسم الطويل المنبسط .. يباشر الأعمال ويتولى المهام ويرجع في نهاية المطاف مثقل الأجفان ويسلم روحه منتصف الليل ، وأيضا ""حليم عبد العظيم داود"" ولد في أحضان الترف والغنى وهزمه المرض الذي أسلمه إلى الموت.. و"" صديقة "" ، ""رشوانة"" ، "" معاوية"" ، ""بليغ"".. وغيرهم ممن استعرض حياتهم في هذا الكتاب المبدع ونجيب محفوظ"" وكان من خلال تصويره لهم يصور حياة البشر أجمعين .. ويعلنها عالية واضحة لا فرار منها .. يعلن أن الحياة كما تبدأ بصرخة وليد تنتهى بشهقة الموت.. فهذه القصص جمعت من الأهل والأقارب و الآباء والأبناء ما يترجم هذه الفكرة ويجسدها أمام قارئ الراوية.. و في بساطة الفكرة وتكرار أحداثها مع شخصها.. كان عمق الفلسفة وإصرارها التى أرادها أديب نوبل .. أنها ليست قصة بعض الأشخاص وإنما هى قصة الحياة والموت والفلسفة التي تصدر منها والبلاغة التي تصيغ حبات الأحداث ودرر الكلم في مزيج أخرج من المعتاد شرابا جديدا لن نمل الإستمتاع به رشفة رشفة. تحميل رواية حديث الصباح والمساء لنجيب محفوظ من هذا الرابط http://goo.gl/IGK2St","216 pages, Paperback",Arabic,"January 1, 1987"
241,The Arabian Nights,Anonymous,"4.02 avg rating — 82,488 ratings",https://www.goodreads.com/book/show/93101.The_Arabian_Nights,4.02,"82,488 ratings","2,850 reviews","This volume reproduces the 1932 Modern Library edition, for which Bennett A. Cerf chose the most famous and representative stories from Sir Richard F. Burton's multivolume translation, and includes Burton's extensive and acclaimed explanatory notes. The tales told by Shahrazad over a thousand and one nights to delay her execution by the vengeful King Shahriyar have become among the most popular in both Eastern and Western literature, as recounted by Sir Francis Burton. From the epic adventures of ""Aladdin and the Enchanted Lamp"" to the farcical ""Young Woman and her Five Lovers"" and the social criticism of ""The Tale of the Hunchback"", the stories depict a fabulous world of all-powerful sorcerers, jinns imprisoned in bottles and enchanting princesses. But despite their imaginative extravagance, the Tales are anchored to everyday life by their realism, providing a full and intimate record of medieval Islam.'","1049 pages, Mass Market Paperback",English,"January 1, 800"
242,الفوائد,Ibn Qayyim Al-Jawziyya,"4.51 avg rating — 4,679 ratings",https://www.goodreads.com/book/show/3827274,4.51,"4,679 ratings",443 reviews,"هذا كتاب في الوعظ فريد من نوعه؛ حيث إنه يشتمل على التفسير والحكم والطرائف والآراء والنظرات الفلسفية في مختلف شئون الدنيا والدين، وكثيرًا ما يتناول فيه المصنف آية أو جزء آية فيفسرها تفسيرًا لم يسبقه أحد إليه، أو جزءًا من حديث أو حتى كلمة فيه فيبرع في إخراج المعاني القيمة والحكم المفيدة بسبك رائع وأسلوب عظيم راق؛ فقد اشتمل الكتاب على فوائد منثورة حول الإيمان والإسلام والقرآن ومعرفة الله والتوبة والأخلاق، وفضائل السور ومعاني القرآن والاعتقاد، وفوائد حول الأحاديث المختلفة، وحقيقة الدنيا، وحقيقة الآخرة، وفوائد مستفادة من سيرة النبي صلى الله عليه وسلم رابط التحميل: http://www.waqfeya.com/book.php?bid=1781 This book, Al-Fawaid: A Collection of Wise Sayings is one of the well-known compilations of Imam Shams Ad-Dm Ibn Qayyim Al-Jawziyyah, who is well known by the name Ibn Al-Qayyim (may Allah have mercy upon him). This blessed book is not like others that simply contain sections, chapters and themes, but it consists of the elevated thoughts that Allah, Exalted be He, bestows upon some of His servants as He wills. So whenever any of these scattered pearls of wisdom occurred to the Imam, he would immediately record them. I am sure that he did not sit down and write this book in one or two weeks, but surely it was developed over a long period of time. Whenever something came to his mind, he would record it, and whenever he learnt a lesson or anything crucial in his life, he would illuminate the lines of his page with the ink of his pen.",,,"January 1, 1350"
243,مقدمة ابن خلدون,Ibn Khaldun,"4.31 avg rating — 5,011 ratings",https://www.goodreads.com/book/show/2312486._,4.31,"5,011 ratings",462 reviews,كتاب في التاريخ وعلم الإجتماع، هذا الكتاب مقدمة لكتاب في التاريخ، أراد فيه ابن خلدون أن يشرح علم التاريخ وأحوال المجتمعات وسياستها وأسباب نشوئها، فإن كان علم الإجتماع يعود لمؤسس فلا شك أنه يعود لابن خلدون، وتعتبر المقدمة مرجعا مهما لكل باحث في التاريخ أو علم الإجتماع أو باحث في أسباب نشوء الأمم أو جغرافية وحدود كثير من الدول في تلك الفترة، سواء كان الباحث عربي أو أجنبي,"3864 pages, Hardcover",Arabic,"January 1, 1377"
244,رياض الصالحين من كلام سيد المرسلين,يحيى بن شرف النووي,"4.66 avg rating — 7,509 ratings",https://www.goodreads.com/book/show/2939264,4.66,"7,509 ratings",302 reviews,"An extremely popular and useful compilation of authentic hadith. Covering every aspect of Islamic belief and moral conduct, it selects approximately 2000 hadith from the six major collections: Bukhari, Muslim, Abu Dawood, Tirmidhi, An-Nasai and Ibn Majah. It serves as an excellent hadith primer and daily reader. Wide range of topics: sincerity of purpose, spending in the way of Allah, rules of fasting, seeking knowledge, attending funerals and safeguarding the Qur'aan. Arabic text as well as English translation are presented here in this handsome hardcover two volume set. Riyad-us-Saliheen comprises of about 2000 ahadiths in 372 Chapters and 19 Sections: The Book of Good Manners - The Book about the Etiquette of Eating - The Book of Dress -The Book of the Etiquette of Sleeping, Lying and Sitting, etc.- The book of Greetings - The Book of Visiting the Sick - The Book of Etiquette of Traveling - The Book of Virtues - The Book of I'tikaf - The Book of Hajj - The Book of Jihad - The Book of Knowledge - The Book of Praise and Gratitude to Allah - The Book of Supplicating Allah to Exalt the Mention of Allah's Messenger (PBUH) - The Book of the Remembrance of Allah - The Book of Du'a (Supplications) - The Book of the Prohibited Actions - The Book of Miscellaneous Ahadith of Significant values - and The Book of Forgiveness. رابط التحميل: http://www.waqfeya.com/book.php?bid=5160","510 pages, hardcover",Arabic,"January 1, 1263"
245,قمر على سمرقند,Mohamed Mansi Qandil,"3.87 avg rating — 14,128 ratings",https://www.goodreads.com/book/show/5607622,3.87,"14,128 ratings","2,287 reviews","""على "" و ""نور الدين "" ، الأول مصري والثاني سمرقندي .. رفيقا تلك الرحلة المدهشة ..جمعتهما المصادفة في سيارة تاكسي يقودها نور الدين إلى سمرقند حيث يبحث "" علي "" عن ""رشيدوف "" صديق أبيه القديم . يصف لنا نور الدين بدقة ، وكأننا نراه : صوته العميق وملامحه المملوكية ، لحيته الحمراء وعينيه الزرقاوتين ، ملامحه الغريبة وكأنها رسم خيالي لصور الأسلاف !!..يهيمن بقوة غير محدودة على رفيقه المصري وعلى السيارة المتهالكة التي تعود إلى عصر الشيوعية .. رجل يشتمل على كل تناقضات التاريخ : القدسية والغواية ، التدين والمجون ..وعربية ناصعة محكمة تراعي مخارج الحروف ، ووعي مستفيض بتاريخ تلك البقعة الأسطورية التي حكمت العالم الإسلامي قرونا طويلة ..على خلفية من خضرة زاهية منبسطة وحقول قطن متوهجة تبدأ رحلتنا الخيالية إلى سمرقند . ............ أيام غريبة – وكأنها حلم - سنقضيها في صحبة نور الدين دليلنا إلى عالم ما وراء النهرين الذي يختبئ فيه التاريخ خلف كل قطعة حجر"" د.أيمن الجندي","713 pages, Paperback",Arabic,"January 1, 2004"
246,شكلها باظت,عمر طاهر,"3.50 avg rating — 9,012 ratings",https://www.goodreads.com/book/show/3692151,3.50,"9,012 ratings",561 reviews,ألبوم أجتماعى ساخر,"203 pages, Paperback",Arabic,"January 1, 2003"
247,Season of Migration to the North,Tayeb Salih,"3.72 avg rating — 34,395 ratings",https://www.goodreads.com/book/show/669780.Season_of_Migration_to_the_North,3.72,"34,395 ratings","4,709 reviews","The story of a man undone by a culture that in part created him, Season of Migration to the North, is a powerful and evocative examination of colonization in two vastly different worlds. When a young man returns to his village in the Sudan after many years studying in Europe, he finds that among the familiar faces there is now a stranger - the enigmatic Mustafa Sa'eed. As the two become friends, Mustafa tells the younger man the disturbing story of his own life in London after the First World War. Lionized by society and desired by women as an exotic novelty, Mustafa was driven to take brutal revenge on the decadent West and was, in turn, destroyed by it. Now the terrible legacy of his actions has come to haunt the small village at the bend of the Nile.","176 pages, Paperback",English,"January 1, 1966"
248,العنكبوت,Mostafa Mahmoud,"3.83 avg rating — 13,771 ratings",https://www.goodreads.com/book/show/3790931,3.83,"13,771 ratings","1,816 reviews",رواية فلسفية في قالب خيال علمي تطرح أحد الأسئلة الأزلية عن مصير الروح,"98 pages, Paperback",Arabic,"January 1, 1965"
249,الطنطورية,Radwa Ashour,"4.36 avg rating — 29,308 ratings",https://www.goodreads.com/book/show/8239301,4.36,"29,308 ratings","5,128 reviews",الطنطورية (نسبة الى قرية الطنطورة الواقعة على الساحل الفلسطيني جنوب حيفا) ، تعرضت هذه القرية عام 1948 لمذبحة على يد العصابات الصهيونية ، تتناول الرواية هذه المذبحة كمنطلق و حدث من الاحداث الرئيسية ، لتتابع حياة عائلة اقتلعت من القرية وحياتها عبر ما يقرب من نصف قرن إلى الآن مرورًا بتجربة اللجوء في لبنان. بطلة الرواية هي امرأة من القرية يتابع القارئ حياتها منذ الصبا الى الشيخوخة. الرواية تمزج في سطورها بين الوقائع التاريخية من ناحية و الإبداع الأدبي من ناحية أخرى.,"463 pages, Paperback",Arabic,"January 1, 2010"
250,ما فعله العيان بالميت,Belal Fadl,"3.46 avg rating — 7,195 ratings",https://www.goodreads.com/book/show/5971096,3.46,"7,195 ratings",625 reviews,"يقول الكاتب الساخر بلال فضل في تقديم هذا الكتاب: ""طلبتْ مني دار الشروق مشكورة مأجورة أن أكتب نبذة عن نفسي كما جرت العادة، التي يزعم أهل دار الشروق أنها عادة حسنة، وأزعم أنا أنها ليست كذلك. الكذب خيبة، هذا ليس موقفًا مبدئيًّا ضد حق النبذة في الوجود، فالحقيقة ببساطة أنني بعد لأي ""لأيت"" نفسي عاجزًا بالجملة والقطاعي عن كتابة تلك النبذة المتمنعة، وأنا الذي ما شكوت يومًا بفضل الرب من كتابة نُبَذ الغريب قبل نُبَذ القريب. لذلك وبدلا من إعلان فشلي قررت أن أتمرد على مشيئة دار الشروق فأنبذ فكرة كتابة أي نبذة عن نفسي، ليس غرورًا لا سمح الله ولا ثقة إن شاء الله، بل لسبب بسيط، هو أنك بعون الله لو قرأت قصصي التي تضمها هذه المجموعة ولم تعجبك فلن تجدي أي نبذة في الدنيا في تعويضك عن وقتك الذي ضاع وفلوسك التي راحت، ولن تكون بحاجة إلى مَنْ يقول لك نبذة عن المؤلف، بل إلى من يشد على يدك ويقول لك عَوَضك على الله. أما إذا قرأت قصصي وأعجبتك كما أظن، فأظن عيبًا جدًّا أن تطلب بعد ذلك نبذة عني. وفي الحالتين، حصلتْ لنا البركة","127 pages, Paperback",Arabic,"November 1, 2008"
251,عزازيل,Youssef Ziedan,"4.03 avg rating — 52,390 ratings",https://www.goodreads.com/book/show/3554772,4.03,"52,390 ratings","5,864 reviews","تدور أحداث الرواية في القرن الخامس الميلادي ما بين صعيد مصر والإسكندرية وشمال سوريا، عقب تبني الإمبراطورية الرومانية للدين المسيحي، وما تلا ذلك من صراع مذهبي داخلي بين آباء الكنيسة من جهة، والمؤمنين الجدد والوثنية المتراجعة من جهة أخرى. ""ما أظن أني تمتعت بعمل من هذا القبيل.. ما أروع هذا العمل"" -- يحيى الجمل ""هذه الرواية عمل مبدع وخطير، مبدع لما يحتويه من مناطق حوارية إنسانية مكتوبة بحساسية مرهفة تمتزج فيها العاطفة بالمتعة، وخطير لأنه يتضمن دراسة في نشأة وتطور الصراع المذهبي بين الطوائف المسيحية في المشرق.. إن يوسف زيدان يتميز بالموهبتين، موهبة المبدع وموهبة الباحث، وكثيرا ما تتداخل الموهبتان في هذا العمل"" -- سامي خشبة ""لو قرأنا الرواية قراءة حقيقية، لأدركنا سمو أهدافها ونبل غاياتها الأخلاقية والروحية التي هي تأكيد لقيم التسامح وتقبل الآخر، واحترام حق الاختلاف، ورفض مبدأ العنف.. ولغة الرواية لغة شعرية، تترجع فيها أصداء المناجيات الصوفية، خصوصا حين نقرأ مناجاة هيبا لربه "" -- د. جابر عصفور ""يوسف زيدان هو أول روائي مسلم، يكتب عن اللاهوت المسيحي بشكل روائي عميق. وهو أول مسلم، يحاول أن يعطي حلولا لمشكلات كنسية كبرى.. إن يوسف زيدان اقتحم حياة الأديرة، ورسم بريشة راهب أحداثا كنسية حدثت بالفعل، وكان لها أثر عظيم في تاريخ الكنيسة القبطية"" -- المطران يوحنا جريجووريوس","470 pages, Paperback",Arabic,"January 1, 2008"
252,كزهر اللوز أو أبعد,Mahmoud Darwish,"4.07 avg rating — 6,343 ratings",https://www.goodreads.com/book/show/2073853._,4.07,"6,343 ratings",720 reviews,في هذا الكتاب يبدو أن محمود درويش ما زال قادراً على الإدهاش ومنح الشعر العربي مزيداً من الأناقة والجاذبية المسيطرة في وقت يتراجع فيه ذلك الشعر ويسترسل في هذيانية بائسة وجهل مطبق. هنا يسأل درويش الشعر ويقيم حواجز للبلاغة وينقضّ على العبارة المعلبة في تمرد أسلوبي على المعنى والصورة في سياق اختراق للمفاهيم المتعارف عليها والمكررة والمملة. إنها أسئلة الشعر الأصلية من السرير وفاتورة الكهرباء إلى نخلة السومرية إلى نيويورك إلى وردة أريحا.. ونحن نلهث وراء الشاعر الذي يسابق الزمن ويحاول المستحيل http://www.4shared.com/office/WfT0HKV...,202 pages,Arabic,"January 1, 2005"
253,الحب في المنفى,Bahaa Taher,"3.82 avg rating — 6,751 ratings",https://www.goodreads.com/book/show/3437956,3.82,"6,751 ratings",862 reviews,ـ «رواية كاملة الأوصاف» ـ د. علي الراعي - الأهرام «نموذج جديد للرواية الواقعية» ـ د. شكري عياد - الهلال «رواية نسجها مؤلفها باقتدار كبير» ـ د. جابر عصفور - الحياة «كأنى بهذا المبدع الكبير يريد أن يحفر في وجدان قارئه ما حدث.. حتى لاينساه أبدا» ـ فاروق عبد القادر - روزاليوسف «بهاء طاهر كاتب واضح مسيطر على مادته وأدواته. جديد في رؤيته ومتفرد في نوع أدائه. الصدق هو النبرة الأولى التي تصافحك في سطوره، والتوازن الموضوعي هو العلامة الواضحة التي يقيم عليها بناء نصوصه» -علاء الديب - صباح الخير,"254 pages, Paperback",Arabic,"January 1, 1995"
254,الأسود يليق بك,Ahlam Mosteghanemi,"3.62 avg rating — 64,960 ratings",https://www.goodreads.com/book/show/16081961,3.62,"64,960 ratings","6,153 reviews",ما من قصة حب إلا و تبدأ بحركة موسيقية ، قائد الأوركسترا فيها ليس قلبك، إنما القدر الذي يخفي عنك عصاه . بها يقودك نحو سلم موسيقي لا درج له، مادمت لا تملك من سيمفونية العمر لا ((مفتاح صول)) ..ولا القفلة الموسيقية. الموسيقى لا تمهلك، إنها تمضي بك سراعا كما الحياة، جدولا طربا، أو شلالا هادرا يلقي بك إلى المصب. تدور بك كفالس محموم، على إيقاعه تبدأقصص الحب ...و تنتهي. حاذر أن تغادر حلبة الرقص كي لا تغادرك الحياة. لا تكترث للنغمات التي تتساقط من صولفيج حياتك فما هي إلا نوتات,"331 pages, Paperback",Arabic,"January 1, 2012"
255,رحلتي الفكرية في البذور والجذور والثمر: سيرة غير ذاتية غير موضوعية,عبد الوهاب المسيري,"4.39 avg rating — 4,787 ratings",https://www.goodreads.com/book/show/3831344,4.39,"4,787 ratings",852 reviews,أصدرت دار الشروق طبعة جديدة من السيرة الممتعة للمفكر الكبير الدكتور عبد الوهاب المسيري. يرصد تحولاته الفردية في الفكر والمنهج ويؤرخ، فى الوقت نفسه، لجيل بأكمله، أو لقطاع منه. فتحولات صاحب هذه السيرة ليست بأى حال منبتة الصلة بما كان يحدث حوله. ومن هذا المنظور، تصبح أحداث حياة المؤلف لا أهمية لها فى حد ذاتها، وإنما تكمن أهميتها فى مدى ما تلقيه من ضوء على تطوره الفكرى. وقد فهم المؤلف كثيرًا من أحداث حياته الخاصة (الذاتية) من خلال نفس الموضوعات الأساسية الكامنة والمقولات التحليلية التى استخدمها فى دراساته وأبحاثه (الموضوعية)، وليس العكس. ولكن هذه الرحلة الفكرية، مع هذا، هى رحلة المؤلف الفردية، فهو الذى تفاعل مع ما حوله من تجارب منذ أن وُلد فى دمنهور ونشأ فيها إلى أن انتقل إلى الإسكندرية ومنها إلى نيويورك ثم أخيرًا إلى القاهرة حيث استقر به المقام. فإذا كانت هذه الرحلة الفكرية، سيرة غير ذاتية، فهى أيضًا سيرة غير موضوعية، سيرة إنسان يلتقي فى فضاء حياته الخاص بالعام، ولهذا فهو لا يذكر القضايا الفكرية المجردة وحسب، وإنما يشفعها دائمًا بأحداث من حياته أو اقتباسات من كتاباته تبين كيف ترجمت القضية الفكرية (العامة) نفسها إلى أحداث ووقائع محددة فى حياته الشخصية (الخاصة) وذلك بأسلوب المؤلف السلس والعميق والساخر. وهذه الطبعة الجديدة تتميز بعض الإضافات وأهمهما ملحق صور كبير يتناول رحلة المؤلف ومحطات حياته المختلفة.,"762 pages, Hardcover",Arabic,"January 1, 2000"
256,ماذا حدث للمصريين؟,Galal Amin,"3.94 avg rating — 4,455 ratings",https://www.goodreads.com/book/show/3438912,3.94,"4,455 ratings",480 reviews,أشهر كتاب لمفكر الكبير الدكتور جلال أمين يحلل فيه بطريقته السهلة العميقة ما حدث من تغيرات في حياة المصريين وطريقتهم خلال النصف قرن الماضي وذلك بأسلوب ساخر جذاب. فيتناول مثلا الطبقة الوسطى والتعصب الديني والمرأة والأسياد والخدم والهجرة واللغة العربية والسيارات الخاصة وأفراح الأنجال والتصييف والأغاني والأفلام ومواضيع أخرى,"192 pages, Mass Market Paperback",Arabic,"January 1, 1998"
257,زمن الخيول البيضاء,Ibrahim Nasrallah,"4.43 avg rating — 11,336 ratings",https://www.goodreads.com/book/show/6219415,4.43,"11,336 ratings","2,260 reviews","متزامنة مع الذكرى الستين لاحتلال فلسطين, تصدر (زمن الخيول البيضاء) رواية ملحمية استثنائية يتوج بها الشاعر والروائي إبراهيم نصرالله مشروعه الروائي الكبير ( الملهاة الفلسطينية ) الذي بدأ العمل عليه منذ عام 1985 , و الذي صدر منه ست روايات لكل رواية أجواؤها الخاصة بهاو شخوصها و بناؤها الفني و استقلالها عن الروايات الأخرى يتأمل نصرالله في هذا المشروع 125 عاما من تاريخ الشعب الفلسطيني برؤية نقدية عميقة و مستويات فنية راقية , انطلاقا من تلك الحقيقة الراسخة التي عمل عليها دائما و التي تقول بأن إيماننا بالقضايا الكبيرة يحتم علينا إيجاد مستويات فنية عالية للتعبير عنها","511 pages, Paperback",Arabic,"January 1, 2007"
258,الأندلس التاريخ المصور,طارق السويدان,"4.18 avg rating — 2,723 ratings",https://www.goodreads.com/book/show/2498049._,4.18,"2,723 ratings",243 reviews,التدريب والتدريس الإبداعي د. طارق السويدان,"520 pages, Paperback",Arabic,"April 1, 2005"
259,في صالون العقاد كانت لنا أيام,أنيس منصور,"4.09 avg rating — 3,200 ratings",https://www.goodreads.com/book/show/3599532,4.09,"3,200 ratings",400 reviews,ليس هذا عملا أدبيا فلسفيا تاريخيا دينيا شخصيا فقط، وإنما هو جيل.. عصر.. دنيا الأديب الكبير أنيس منصور الحائز على جائزة الدولة التشجيعية سنة 1963 وجائزة الدول التقديرية سنة 1982 .. وفي هذه الدنيا كل ملامح الجيل ، وعذاب العصر وحيوية التاريخ ، وروعة الفلسفة وحرارة الدين .. ثم هذا الضياع الذي عاشه أنيس منصور هو وجيله من الشبان.. وكان الأستاذ عباس العقاد هو العملاق والمثل الأعلى.. الهدف والطريق ... البداية والنهاية . أو كان البداية وكان قيب النهاية فيد التقى به وسمعه وبكى عليه وتحيرت قدماه بين كل عباقرة العصر الأحياء والأموات.. * ففي صالون العقاد احتشدت كل العقول والأذواق والضمائر وكل الحديد والنار والقلق والعذاب والأبهة والكبرياء وكل المعارك بين المبادئ والقيم.. * ولكن كاتبنا الكبير أنيس منصور، الذي أصدر سبعين كتابا خرج سالما غانما وفي يده هذا الذي بين يديك : متاب من أروع الكتب التى صدرت فيا لخمسين عاما الماضية في عالمنا العربي .. إنه صالون العقاد بقلم انيس منصور أو صالون أنيس منصور على ضوء العقاد أو هو العقاد من اختراع أنيس منصور. أيا اخترت من هذه المعاني فإن متعتك مضمونة .. وهى متعه لا نهاية لجمالها وعمقها مع كتاب العام وكل عام!,"667 pages, Paperback",Arabic,"January 1, 1983"
260,كيف تخطط لحياتك,صلاح الراشد,"3.88 avg rating — 1,772 ratings",https://www.goodreads.com/book/show/2422709._,3.88,"1,772 ratings",228 reviews,"يرى الدكتور صلاح الراشد أن السعداء الناجحين في التاريخ والحاضر هم أصحاب رسالة ورؤية، وأن الرسالة متعلقة بالسعادة والرؤية متعلقة بالنجاح ، ومن كان ذا رسالة نال السعادة، ومن كان ذا رؤية نال النجاح، ومن جمع بين الرسالة والرؤية جمع بين السعادة والنجاح. ويقول أن القاعدة تنص على:"" أنك إذا فشلت في التخطيط فقد خططت للفشل، وأنك إذا لم تخطط لحياتك أصبحت من ضمن مخططات الآخرين تلقائياً"". ويذكر أن ما نسبته أقل من 3% هم الذين يخططون فقط في الدنيا اليوم، وأن نسبة الأغنياء 1%، والمكتفين مادياً 4% فقط، ونسبة السعداء أقل من 3% في الدنيا، وهذه النسبة من الأغنياء والسعداء محصورة في الذين يخططون فقط. ويرى الراشد أنه من الخطورة أن يكون الإنسان بدون رسالة ورؤية، فضلاً عن المؤسسة والدولة والأمة، وأن عشرين ألفاً بخطة محكمة يكفون ليقوموا أمة عظيمة، وهو يدعو الأمة ـ الآن ـ لوضع رسالتها ورؤيتها ـ على الأقل ـ للمستوى الشخصي. في هذا الكتاب الفريد في طرحه وطريقته العملية يأخذك د. صلاح الراشد خطوة بخطوة لعمل التالي : رسم رسالتك في الحياة. وضع رؤية ال ""500 سنة"". حديد مخطط العشرين سنة. تحديد الخطة الخمسية. تعلم المتابعات الأسبوعية واليومية. تحديد رؤية الآخرة. كتابة خطة حياتك. تحديد الخطة العشرية. تحديد الخطة السنوية. سوف تخلص في نهاية الإصدار إلى وضع رسالة واضحة، ورؤية إستراتيجية محددة، تمنحك سبباً للحياة، وتعطيك راحة بعد الممات. في خلال هذا الكتاب سوف تكتب سيناريو حياتك، الذي حتماً سيتحقق وفق خطط. إننا نحقق يومياً ما خططناه بالأمس بعلم وبغير علم. في هذا الكتاب سوف تتعلم كيف تصنع حياتك بعلم. بيع من هذا الكتاب أكثر من 100.000 نسخة حتى الآن.",192 pages,Arabic,"January 1, 2001"
261,أعجب الرحلات في التاريخ,أنيس منصور,"3.99 avg rating — 3,503 ratings",https://www.goodreads.com/book/show/6083214,3.99,"3,503 ratings",269 reviews,هناك ثلاثة أنواع من الرحلات: أن تسافر أو أن تقرأ الكتب أو أن تقرأ كتب الرحلات .. وهناك فرق بين أن تسافر لتري البلاد وأن تسافر لتعرف الناس، والذي يسافر كثيرًا يعرف الكثيرين ولكنه يصادق القليلين، وكثيرون راحوا وجاءوا .. وجاءوا كما راحوا لم يتغير منهم شيء، وسبب ذلك أن نفوسهم صماء لم تنفتح علي شيء، والمثل يقول «حمار سافر فلن يعود حصانًا»؛ ولهذا كانت كتب الرحلات في أعماقنا وأعماق الآخرين وأعماق الدنيا؛ ولذلك كانت أروع الرحلات هي التي نقوم بها في رحلات الآخرين نري بعيونهم ونسمع بآذانهم، نرتمي في أحضانهم ونمشي علي الدنيا معًا.,"723 pages, Hardcover",Arabic,"January 1, 1971"
262,ديوان المتنبي,أبو الطيب المتنبي,"4.39 avg rating — 2,504 ratings",https://www.goodreads.com/book/show/6348484,4.39,"2,504 ratings",172 reviews,ديوان المتنبي كان المعري أول من جمعه في كتابه معجز أحمد فيه ما صح أنه للمتنبي، أفضل شعراء العرب قولا، و أجودهم معنى يحتوى ديوانه على أرقى المدحيات و أعنف الفخريات التي قيلت في تاريخ الشعر العربي,"444 pages, Hardcover",Arabic,"January 1, 1983"
263,نقطة النور,Bahaa Taher,"3.85 avg rating — 6,710 ratings",https://www.goodreads.com/book/show/2877205,3.85,"6,710 ratings",999 reviews,"يفتح بهاء طاهر نوافذ الفكر مشرعة على الاستقراءات الاجتماعية وحتى التاريخية ويدني القارئ أكثر وأكثر للاشتفافات الروحية. تنطلق عباراته شفافة في مدى الجانب الصوفي، وتأتي معانيه مترعة بالشوق واللهفة إلى بلوغ مراتب السموّ على دروب معالج السالكين. تتآلف هذه كله دونما نفور عند انعطافه للحديث عن الجسد وعن الإنسان بحالاته البشرية. وتتخذ هذه كلها لتشكل نقطة نور تضيء النفس بروعة الخيال الروائي المحتفل بعرس الحياة. هكذا يتحف بهاء طاهر القارئ بروايته ""نقطة النور"" المستمدة من واقع الحياة، ونقطة النور إنما هي رمز فلسفي يجسد فكرة تصالح الإنسان مع ذاته. الناس أجناس و النفوس لباس، و من تلبّس نفسا من غير جنسه.. وقع في الالتباس","302 pages, Paperback",Arabic,"January 1, 1999"
264,ليالي ألف ليلة,Naguib Mahfouz,"4.11 avg rating — 10,149 ratings",https://www.goodreads.com/book/show/5996777,4.11,"10,149 ratings","1,519 reviews",ليالي ألف ليلة وليلة معاصرة... ومملكة شهريار مدائن معاني تضج في خيال نجيب محفوظ... وشهرزاد رمزاً ينسحب... يتسلل من الماضي كاسم ليكون شهرزادات وليكون شهريار شهريارات ولتأتي الحكاية حكاية كل زمان وكل مكان... تحدث بالقهر... بالتسلط والمعاناة.... ويقف نجيب محفوظ خلف سطوره... وبين ثنايا معانيه يحركها وكأنه الواقف خلف ستار مسرح الدمى... يحرك عرائسه... يبدل أثوابها... يزخرفها... يلونها بألف لون ولون... ليغدو القارئ المشاهد أسير عالمه ويعود بذاكرته إلى الوراء... ليدنو إلى ما يسفر عنه الحاضر,"298 pages, Paperback",Arabic,"January 1, 1979"
265,تلك العتمة الباهرة,Tahar Ben Jelloun,"4.26 avg rating — 13,706 ratings",https://www.goodreads.com/book/show/3127736,4.26,"13,706 ratings","2,606 reviews",إذا أردتَ أن تعلَمَ قسوةَ السجّان، وتواطؤ السجن عليك، فأسأل سجين، أو ذويه إذا أردتَ أن تتذوَق صِدق المعاناة، وتتذوّق طعمَ الحياة الآخَر، فرجاءً لا تقرأ رواية عن الحبّ السرمديّ، ولكِن إقرأ في أدبِ السجون رواية الطاهر بن جلّون هذه، مقتبسة عن الحقيقة، يرو,"223 pages, Paperback",Arabic,"January 1, 2001"
266,دماغي كده,Ahmed Khaled Towfik,"3.88 avg rating — 3,956 ratings",https://www.goodreads.com/book/show/6774781,3.88,"3,956 ratings",307 reviews,مجموعة من المقالات المتنوعة للرائع أحمد خالد توفيق تنتاول أحوالنا الاجتماعية والسياسية والعلمية والفنية بأسلوبه الساخر المميز .. قد نتفق أو نختلف حول الآراء المطروحة خاصة السياسية منها لكنها تظل جولة ممتعة فى دماغ المؤلف.,"286 pages, Mass Market Paperback",Arabic,"January 1, 2008"
267,البخلاء,Al-Jahiz,"3.81 avg rating — 3,411 ratings",https://www.goodreads.com/book/show/6315308,3.81,"3,411 ratings",395 reviews,يتناول الجاحظ في كتابه صفة البخل من خلال مجموعة من القصص والحكايات والنوادر الطريفة والمضحكة التي تصف سلوك وتصرفات البخلاء الذين قابلهم في حياته. لم يكن هدفه مجرد السخرية، بل كان يهدف إلى نقد هذه الصفة السلبية وأثرها على الفرد والمجتمع، وتشجيع القيم الأخلاقية مثل الكرم. يتميز أسلوب الجاحظ في الكتاب بما يلي: الواقعية والوصف الدقيق: يصور الجاحظ البخلاء تصويراً واقعياً وحسياً ونفسياً، مبرزاً حركاتهم ونظراتهم القلقة أو المطمئنة. الفكاهة والسخرية: يستخدم الجاحظ أسلوباً ساحراً وساخراً لجعل القارئ يضحك من هؤلاء الشخصيات دون أن يكرههم. الحوار الحي: يعتمد الكاتب على كثرة استخدام أسلوب الحوار بين الشخصيات، ممزوجاً أحياناً بألفاظ عامية لتقريب الصورة الحسية من ذهن القارئ. الدراسة الاجتماعية: يعتبر الكتاب وثيقة تاريخية هامة تعكس الحياة الاجتماعية والثقافية في ذلك العصر.,259 pages,Arabic,"January 20, 1969"
268,الروح,Ibn Qayyim Al-Jawziyya,"4.15 avg rating — 3,648 ratings",https://www.goodreads.com/book/show/2750303,4.15,"3,648 ratings",390 reviews,هذا كتاب عظيم النفع جليل القدركثير الفائدة ما صنف مثله في معناه فلا تكاد تجد ما تضمنه من بدائع الفوائد وفوائد القلائد في كتاب سواء ويشتمل علي جملة من المسائل تتضمن الكلام علي أرواح الأموات والأحياء بالدلائل من الكتاب والسنة والآثار وأقوال العلماء الأخيار لا أدري أسئل مصنفة قدس الله روحه عنها فأجاب أم سئل عن البعض ولكن هو أطال الخطاب فإني رأيته مجردا عن خطبة وسؤال أصلا مبتدئا فيه بقوله ( أما فأحببت بعد استخارة الله سبحانه وتعالي أن افتتحه بهذه الخطبة المباركة العظيمة لكونه كتابا في ضمن مسائله التي تتأملها وتشاهدها كل درة يتيمة لينشرح صدر الناظر فيه .,363 pages,Arabic,"January 1, 1320"
269,خلق المسلم,Muhammad Al-Ghazali,"4.39 avg rating — 4,462 ratings",https://www.goodreads.com/book/show/6048350,4.39,"4,462 ratings",414 reviews,"This is a translation of Khuluq al-Muslim in American English. The book presents the comprehensive nature of Islamic morality which covers all aspects of life - public as well as private, religious as well as social, economic as well as political. Islamic morality is not limited to Muslim society but it extends to human society.",212 pages,Arabic,"January 1, 1987"
270,كتاب مالوش اسم,أحمد العسيلي,"3.38 avg rating — 7,124 ratings",https://www.goodreads.com/book/show/6681613,3.38,"7,124 ratings",731 reviews,وانا صغيّر كان فيه حلم يقظة بيجيلي كتير جدًّا؛ قال خير اللهم اجعله خير، طالع انا في التليفزيون بَقُول نظريات وأفكار ورأيي في كل حاجة في الدنيا، والمذيعة الحلوة منبهرة جدًّا بكل كلمة بقولها. وقاعد انا بقه مُنْجَعِصْ بثقة في الكرسي بتاعي ومكتوب تحت صورتي بالبنط العريض «المفكّر الكبير: أحمد العسيلي». حلم غريب جدًّا طبعًا. هي دي شغلانة يحلم بيها طفل دي؟ المفكّر الكبير؟! بس الحمد لله.. جزء من النبوءة تحقق.. بَطْلَع في التليفزيون وفي الراديو وبَكتب مقالات وكمان بَكتب كتاب اهه.. بس الأهم، لإنه السبب في كل ده.. إني على طول بَفكّر.. بَفكّر.. بَفكّر.. أحمد العسيلي,"193 pages, Paperback",Arabic,"January 1, 2009"
271,السقا مات,يوسف السباعي,"4.15 avg rating — 4,292 ratings",https://www.goodreads.com/book/show/3930100,4.15,"4,292 ratings",494 reviews,"حدثت هذه القصة حوالي عام 1921 في حي الحسينية ومازال مسرح حوادثها قائما كما هو، وقد تكون كف السنين بدلت وجهه بالفناء والهدم، والبناء والتنظيم.. إلا أن الكثير من علاماته المميزة مازالت قائمة على حالها لم يخن عليها الدهر، ولم يبدلها الزمن. وأشهر هذه العلامات وأشدها ارتباطًا بقصتنا صنبور المياه الحكومي. القائم في إحدى زوايا درب السماكين، أمام كشك صغير تربع فيه ""سيد الدنك"" المانح المانع، الآمر الناهي في مياه الحي. الحاكم بأمره في صف طويل عريض من النسوة ذوات الصفائح، والرجال ذوي القرب. وكم أود لو وضعت القارئ في مسرح القصة وجعلته يتجول في أزقته وحواريه، ويراها رأى العين.. ولكنني أشك كثيرا في أن قارئ هذا الجيل يستطيع الوصول بسهولة إلى هذه الربوع القديمة التي دالت دولتها وأدبر عزها وعفى جمالها وزال سؤددها، وأضحت قصورها أطلالا بالية ودمنا عافية.. ومع ذلك فليس أحب إلى من التطوع بقيادته إلى هناك واصطحابه في جولة قصيرة سريعة، تعطى له مجرد فكرة سطحية عابرة عن المكان، الذي أوشك أن أزج به إليه. واضعه فيه، خلال فترة قراءته لهذه القصة.","333 pages, Paperback",Arabic,"January 1, 1952"
272,نيران صديقة,Alaa Al Aswany,"3.27 avg rating — 7,145 ratings",https://www.goodreads.com/book/show/5520516,3.27,"7,145 ratings",538 reviews,"كما برع علاء الأسواني في كتابة الرواية، فقد برع أيضا في كتابة القصة القصيرة. وفي هذا الكتاب تنفرد دار الشروق بنشر الأعمال القصصية المجمعة لمؤلف ""عمارة يعقوبيان"" في كتاب واحد. وهي القصص التي نشرت من قبل في مجموعتين قصصيتين نفدتا منذ مدة طويلة وهما:""الذي اقترب ورأى"" و""جمعية منتظري الزعيم"" ثم نشرت مختارات منهما تحت عنوان ""نيران صديقة"" عام 2004 وتقدم القصص تحليلا رائعا للمجتمع المصري في صورة نابضة وواقعية لقاهرة اليوم","225 pages, Paperback",Arabic,"January 1, 2004"
273,حب في أغسطس (فانتازيا، #36),Ahmed Khaled Towfik,"4.17 avg rating — 1,826 ratings",https://www.goodreads.com/book/show/6279483,4.17,"1,826 ratings",235 reviews,هناك قصص حب في كل فصول السنة.. لكننا اليوم نحكي عن قصة حب في (أغسطس).. في عالم قرر كل ما فيه أن يكون قبيحًا أو سوقيًا أو فظًا أو قاسيًا أو متعجرفًا أو غامضًا، فإن بعض الكلام عن الرومانسية لن يؤذي أحداً..لماذا (أغسطس) بالذات ؟.. لا.. ليس هذا نوعًا من أدب المناسبات.. إن القصة تبدأ كما يلي,"154 pages, Paperback",Arabic,"July 1, 2006"
274,الطيبيون,أدهم العبودي,3.70 avg rating — 333 ratings,https://www.goodreads.com/book/show/22493251,3.70,333 ratings,83 reviews,"رواية الطيبيون هي الرواية الأولى في العالم التي تسرف تفاصيل الحرب التي خاضها ملوك أسرة الأناتفة لأكثر من مئتي سنة لاسترداد المُلك لطيبة رغم كثرة الروايات العربية والأجنبية إلا أن أحدا لم يلتفت من قبل لهذه الأسرة المؤثرة بقوة في تاريخ مصر القديم والتي صنعت أسطورة ""طيبة"" التي يتحاكى عنها الأولون والآخرون *** ""أدهم العبودي"" مستقبل الرواية في مصر والوطن العربي، يكتب بلغة عالمية. لا ينافسه أحد، ولا يقاربه أحد في موهبته، له عالمه بخصوصيّته الفريدة، ولا أجد أنّ كاتبًا يمتلك مثلما يمتلك ""أدهم"" من تميّز. (بهاء طاهر) أنا من اللذين تأسرهم التفاصيل، وأرى هنا عينًا لاقطة بمهارة وتفاصيل ممتعة وسرد مشحون. شكرًا للمتعة. (أمير تاج السّر) ""الطيبيون"" لغة مكتوبة كالأقانيم، إذ تجدها تنحت كلماتها وبها روح ""الكرنك""؛ المعبد القديم. يمنحك ""أدهم العبودي"" معمارًا متفرّدًا، كما يمنحك رائحة وطعم الزمن وتقلّباته. رواية فارقة، ولغتها وصفية بامتياز. (محسن يونس) *** من أجواء الرواية .... في سهاد المساء الرخيم، تخلد ""الكرنك"" إلى النوم، ربما مبكّرًا، ربما من شدّة السأم، إنّما تخلد إلاّ من أساطيرها التي لن تغفو متى ظلّ الزمن؛ تلك المحفورة في أذهان الأجيال وفوق جدران المعابد، ومن بعض الرجال الذين يخرجون لقضاء الأمسية في بار ""التِرس"" يحتسون البيرة وعرق البلح والزبيب ويدخّنون الحشيش. الأجواء هادئة تمامًا، والريح الخفيفة لم تزل تعبث بقمم النخيل الباسقة في كلّ المساحات، فيبدو وشيشها ملائمًا للسكون. كانت ""الكرنك"" غافية.. شاغرة.. إلاّ من هؤلاء، ومن ""ممدوح"" المحنّي فوق مياه ""الملاّحة"" يتشطّف من أشياء وأشياء، قديمها وجديدها، طالما تذكّرها فغاج فؤاده ونبض متقرّحًا. فمه يهمهم بالدعوات والأوراد، كدأبه في كلّ مساء. انتبه على لهاث ""عبيد"" المُقبل من بعيد، فاعتدل وبدا مغشيّ البصر، كأنّما دمعًا لم يزل مقترنًا بالدعوات شحيحة الأمل، مضى يستوضح ببصره، مطّ رأسه فبان له الطريق، ولمح جسد ""عبيد"" الآتي هرولة، كان وجهه مليئًا بالعرق وبالرعب، فاستقام ناهضًا، نفض عن يديه بقايا قطرات ماء الملاّحة، ومسح بكمّ جلبابه وجهه، بدا أنّ ""عبيد"" وجد أخيرًا من ينتزعه من فزعه، صاح بصوت عال من قبل حتّى أن يستشرف عن هوية ""ممدوح"": - الحقني، الحقني ربنا يبارك فيك. في برود تلقائي، وعلى مضض، وفي نبرة غير حافلة، قال ""ممدوح"": - خير...؟! وهمّ يزجره، لكن دنا ""عبيد"" منه، بسرعة رمى بجسده عليه كمن عثر على ضالّة مفقودة، كان يلهث مثل جرو، وكانت له رائحة قبو مغلق، أسمال جلبابه المتهرئ مليئة باتّساخات قديمة تبعث على التقزّز والقشعريرة، فغر ""ممدوح"" فاه، أدرك أنّ في الأمر خطبًا ليس هينًا.. ""وهل هذا وقته!"".. تطلّع للحظة نحو ""عبيد"" ولبث يأوي لتركيز واهن، إضاءة عامود النور في الأعلى الساقطة عليهما تكشف عن كلّ ملامح ""عبيد"" فيبدأ يستعيد بها كذلك تركيزه، خدّاه مرتّعان بشروخ محفورة واضح أنّها منذ زمن ليس بقريب، تركت فوق وجهه أمارات القبح وسمات اللصوصية، في الواقع هذه هي المرّة الأولى التي يتفحّصه فيها عن قرب، كان يراه قبلًا ككلّ أهل المدينة، واحدًا من أولئك اللصوص المدشّنين بالاحتقار، الذين يسطون على أحواش البهائم في العشيّة وتحت جنح الظلام، من دون أن يتمكّن من القبض عليه أحد، رغم أنّهم يعلمون بما لا يدع مجالًا لريب أنّ من يختلس بهائهم هو ""عبيد"" وعصابته، ذلك إن كانت له عصابة، كان يراه من بعيد ولا يحفل في التدقيق في ملامحه، يبتسم له ابتسامة فاترة على مضض، أو يرفع له يده نصف رفعة كأنّه يقول: (غور)، ثم يمضي عنه ببصره في امتعاض، إنّما ماله يشعر الآن أنّ عليه أن يشاطره الرعب الذي أفضى به إلى طريقه؟ ربما الفضول، وربما الشفقة، وربما القليل من التسرية. راح يتفحّصه بإمعان، لم يكن طويلًا ذلك الطول ولا نحيفًا كما بدا ذي قبل، ولا قبيحًا للدرجة، بل كان مرتجفًا خائفًا ممّا ينفي عنه هيبة أنّه لصّ ونطّاط بيوت، ضحك في نفسه ضحكة مفتقدة وقال: أنت حرامي بهائم، أدعى بالفعل أن تكون أكثر خزيًا وانكسارًا ورعبًا عند مقابلة الخلق، ولابد أنّ واحدًا ممّن سطوت على بهيمته الليلة يلاحقك بالسلاح. أخذ في التطلّع له وهو يرتجف مثل عريان في ليلة شتاء قارص، بشكل أكثر تدقيقًا، انتابه للحظة إحساس بالقرف، من وجهة نظر ""ممدوح"" سرقة البهائم أدنى مستويات الإجرام وأقلّها شرفًا. كان فم ""عبيد"" يدلق اللعاب من غير وعي أو اتّزان، وعيناه مغيّمتان لا تستقران في نظرة محدّدة، أكمل في تهدّج وفي لوعة: - أستاذ ""ممدوح"".. حمدًا لله. - مالك...؟! اهدأ... - ""عيط الله""... ابتسم ""ممدوح""، ربما أدرك في قرارة نفسه أيضًا منذ أن رآه بمثل تلك السحنة الشاحبة أنّ احتمال الخرافة وراء الحكاية ليس بناءٍ، الليل في ""الكرنك"" يحمل في ثنايا هدوئه ورونقه الكثير من شاكلة ""عبيد""، هؤلاء الذين يقسمون أنّهم رأوا ""عيط الله"" فروّعهم، لم تكن المرّة الأولى التي يقابل فيها الفارّين منه، أو من غيره من شخوص الأساطير التي يختزلها المكان، إنّما لا يصدّق في الغالب إلاّ ما يستقر له وجدانه أو ما يرى بعينيه، أكمل ""عبيد"" كأنّه يهذي: - رأيته بعيني.. والله رأيته.. شكله أستغفر الله.. وشرّ الدنيا ينطّ من عينيه.. وأخذ يتلفّت حوله بنفس الفزع، ثم أضاف: - أظنني أضعته.. هه.. لن يخرج خلفي من المعبد.. ملعون ابن الكلب.. صح يا أستاذ ""ممدوح""؟!","294 pages, Unknown Binding",,"January 1, 2014"
275,بداية ونهاية,Naguib Mahfouz,"4.11 avg rating — 8,559 ratings",https://www.goodreads.com/book/show/5954846,4.11,"8,559 ratings",905 reviews,"قد يلفت انتباهك اسم الرواية ""بداية ونهاية ""، ويتركك حائرًا متسائلًا، بداية ماذا؟ ونهاية ماذا؟ وسرعان ما ستتبدد تلك التّساؤلات من خلال سير الأحداث، فتدرك أنّ اسم الرّواية يختصر قصّتنا في كلمتين، ويضعها في إطار مُتقن، رسم كاتبنا من خلاله أحداث قصّته، موضّحا أنّ النّهاية لتلك القصّة ما هي إلّا المصير المحتوم لبدايتنا، فالبداية كانت بالموت والنّهاية مع الموت، وما بينهما ما هو إلّا مجموعة من التّفاصيل والأحداث تتناول شخصيّات القصّة و تضحياتها، كيف بدأت كلّ منها؟ وكيف انتهت؟ هذا ما سيعرضه لنا الكاتب بإتقان محكم ونسيج متقن، فقد صال وجال في بحور اللّغة وألوانها، ممّا لن يدع مجالا للشّكّ في نفسك بأنّ ما ينقله هو صورة طبق الأصل لواقع نحياه، وستجد نفسك وقد ارتبطت بأبطاله وألفتهم، حتى بتّ تحيا معهم، فمصابهم مصابنا، وحزنهم حزننا، بكينا كما بكوا، وضحكنا حين ضحكوا.","412 pages, Paperback",Arabic,"January 1, 1949"
276,ماذا علمتني الحياة؟,Galal Amin,"3.99 avg rating — 4,169 ratings",https://www.goodreads.com/book/show/6016941,3.99,"4,169 ratings",613 reviews,ماذا علمتنى الحياة منذ سنوات كثيرة، رأيت فيلما بولنديا صامتا لا يزيد طوله على عشر دقائق، ظلت قصته تعود إلى ذهنى من وقت لآخر، وعلى الأخص كلما رأيت أحدًا من أهلى أو معارفى يصادف فى حياته ما لا قِبَلَ له بردّه أو التحكم فيه. تبدأ القصة البسيطة بمنظر بحر واسع، يخرج منه رجلان يرتديان ملابسهما الكاملة، ويحملان معا، كل منهما فى طرف، دولابا عتيقا ضخما، يتكون من ثلاث ضلف، وعلى ضلفته الوسطى مرآة كبيرة. يسير الرجلان فى اتجاه الشاطئ وهما يحملان هذا الدولاب بمشقة كبيرة، حتى يصلا إلى البرّ فى حالة إعياء شديد، ثم يبدآن فى التجول فى أنحاء المدينة وهما لا يزالان يحملان الدولاب. فإذا أرادا ركوب الترام حاولا صعود السلم بالدولاب وسط زحام الرّكاب وصيحات الاحتجاج. وإذا أصابهما الجوع وأرادا دخول مطعم، حاولا دخول المطعم بالدولاب فيطردهما صاحب المكان. لا يحتوى الفيلم إلا على تصوير محاولاتهما المستميتة فى الاستمرار فى الحياة وهما يحملان دولابهما الثقيل، إلى أن ينتهى بهما الأمر بالعودة من حيث أتيا، فيبلغان الشاطئ الذى رأيناه فى أول الفيـلم، ثم يغيبـان شيئًا فشيئًا فى البـحـر، حيث تغمرهما الميـاه وهمـا لا يزالان يحملان الدولاب. منذ رأيت هذا الفيلم وأنا أتصوّر حالى وحال كل من أعرف وكأن كلاً منا يحمل دولابه الثقيل، يأتى معه إلى الدنيا ويقضى حياته حاملا إيّاه دون أن تكون لديه أية فرصة للتخلص منه، ثم يموت وهو يحمله. على أنه دولاب غير مرئىّ، وقد نقضى حياتنا متظاهرين بعدم وجوده، أو محاولين إخفاءه، ولكنه قدر كل منا المحتوم الذى يحكم تصرفاتنا ومشاعرنا واختياراتنا أو ما نظن أنها اختياراتنا. فأنا لم أختر أبى وأمى أو نوع العائلة التى نشأت بها، أو عدد إخوتى وموقعى بينهم، ولم أختر طولى أو قصرى، ولا درجة وسامتى أو دمامتى، أو مواطن القوة والضعف فى جسمى وعقلى. كل هذا علىّ أن أحمله أينما ذهبت، وليس لدىّ أى أمل فى التخلص منه,"399 pages, Paperback",Arabic,"May 1, 2007"
277,النبطي,Youssef Ziedan,"3.44 avg rating — 15,064 ratings",https://www.goodreads.com/book/show/9666241,3.44,"15,064 ratings","1,837 reviews",تدور أحداث الرواية فى العشرين سنة التي سبقت فتح مصر، ويظهر في بعض مشاهدها الفاتح عمرو بن العاص وزوجته ريطة (رائطة) والصحابي حاطب بن أبى بلتعة، إضافة إلى شخصيات خيالية يكشف من خلالها النص الروائي عن طبيعة الحياة والإنسان والاتجاهات الدينية التي كانت سائدةً في المنطقة الممتدة من دلتا النيل إلى شمال الجزيرة العربية، في الوقت الذي ظهر فيه الإسلام وانتشر شرقاً وغرباً.,"381 pages, Paperback",Arabic,"January 1, 2010"
278,طبائع الاستبداد ومصارع الاستعباد,Abd al-Rahman al-Kawakibi,"4.19 avg rating — 10,670 ratings",https://www.goodreads.com/book/show/2312458._,,,,,,,
279,مشاغب,أحمد جمال الدين رمضان,"4.41 avg rating — 1,110 ratings",https://www.goodreads.com/book/show/196930486,4.41,"1,110 ratings",318 reviews,مجموعة قصصية متنوعة تجمع ما بين القصة الساخرة، الاجتماعية، الرعب، وحتى القصص المبنية على أحداث حقيقية,"144 pages, Paperback",Arabic,"January 1, 2024"
280,أحببتك أكثر مما ينبغي,أثير عبدالله النشمي,"3.55 avg rating — 54,937 ratings",https://www.goodreads.com/book/show/7119070,3.55,"54,937 ratings","5,721 reviews","""أجلس اليوم إلى جوارك، أندب أحلامي الحمقى.. غارقة في حبي لك ولا قدرة لي على انتشال بقايا أحلامي من بين حطامك..""، ""أحببتك أكثر مما ينبغي، وأحببتني أقل مما أستحق!"" تبدأ الكاتبة السعودية روايتها بنفس المقطع الذي تنتهي به، لتروي بينهما قصة ""جمانة"" و""عزيز"" التي ""لن تنتهي!"". تبوح المرأة بتفاصيل مشاعرها تجاه الرجل الذي تحب، والأهم أنها تحاول التعبير عن حالتها الذهنية في تناقضها الحتمي مع حالة الحب الذي تكنّ. فالشرخ الذي يولّد عذابات جمة لا دواء لها، لا بد قائم بين عقلها وقوة مشاعرها، وعطائها الذي لا حدود له للمحبوب: ""كنت على استعداد لأن أصغر فتكبر..لأن أفشل لتنجح، لأن أخبو لتلمع..""، ونوعية حبها الذي لا يقدره بل يتجاهله أو يقوم باستغلاله لصالح أهداف أقل أهمية منه بكثير، وأقل قيمة. ""ما زلت لا أدرك، لا أدرك كيف يتلاعب رجل بامرأة تحبه من دون أن يخاف للحظة مما يفعله نحوها!"" في كل مرة و""بعد كل خيبة أمل.. بعد كل محنة وكل نزوة.. كنت أحاول لملمة أجزائي لنفتح مجدداً صفحة بيضاء أخرى..""، لكن ""البدايات الجديدة ما هي إلا كذبة"". تستعيد الكاتبة ذكرياتها معه منذ البداية في مقهى خارج الوطن الذي غادرته للدراسة: ""الوطن الذي لو لم أغادره لما حدث كل هذا.. أتكون أنت عقابي على مغادرة وطن أحبني!..""، وفكرة العقاب والثواب التي يسخر منها عزيز، تؤمن هي بها: ""مؤمنة أنا بيوم الحساب أكثر من أي شيء،"" لأنها تأمل عبرها أن ينال عزيز عقابه على ما اقترفه بحقها. قالت لهما العجوز الهندية غريبة الأطوار، دون سابق معرفة: ""هي متعبة منك..منك فقط..وأنت متعب من كل شيء..""، وقالت لها ""هيفاء"" صديقتها الكويتية التي تتخاصم دائما وعزيز، بأنه لا يستحقها، وتقول جمانة له اليوم ""حبي لك كان أعمى يا عزيز..وأن هيفاء رأت فيك ما لم أره..""، رأت الكذب المتسلسل والخيانة والإنكار الذي يشكك الآخر بنفسه وبعقله وإحساسه، وهي صفات تتجاهلها المرأة التي تحب رجلاً يحبها لكنه غير قادر على الالتزام بها. قال لها بصراحة: ""اسمعي.. أنا رجل لعوب.. أشرب وأعربد وأعاشر النساء.. لكنني أعود إليك في كل مرة..""، وكانت تتحمل الأذى: ""تؤذينني عمداً وكأنك تفرغ في نفسي أحقادك وأوجاعك وأمراضك، تؤذيني عمداً باسم الحبّ.."". وهي بالرغم من كل الحقائق والوقائع تعترف: ""لم أبكِ بحرقة إلا بسببك ولم أضحك من أعماقي إلا معك.. أليست بمعادلة صعبة..؟ يحلل لها زياد صديقهما المشترك الوضع: ""أحببته لدرجة أخافته!.. لم يكن قادراً على ضمك لقائمة نسائه ولم يتمكن من الابتعاد عنك.. أحبك لدرجة أنه كان يخشى عليك من نفسه.. كما كان يخشى منك في الوقت ذاته.."" كيف يلتقيان، وهو يؤمن بأن الغاية تبرر الوسيلة، وهي تؤمن ""بأن الوسيلة أحياناً أهم من الغاية!""؟ ""قلت لي يوماً بأن حكايات الحبّ الشرقية غالباً ما تنتهي بمأساة. واليوم أعرف بأنك كنت محقاً في هذا.."" تنقل الرواية بصدق عميق ما يدور في أعماق المرأة في حالة حب،ّ من أحاسيس وأفكار وتناقضات، إذ تظن أن الخيار الصعب إلى أقسى مداه يكمن في الحفاظ على مشاعر الحبّ الجياشة واستمرارها، على حساب التنكّر للذات الواعية والمدركة لتلاعب الطرف الآخر بها، لكنها بأي حال، وحتى في حال دفع الحساب، لن تحصل على مبتغاها.","326 pages, Paperback",Arabic,"January 1, 2009"
281,السكان الأصليين لمصر,Belal Fadl,"3.76 avg rating — 3,231 ratings",https://www.goodreads.com/book/show/6136499,3.76,"3,231 ratings",291 reviews,مشكلتي الثانية هى أنني أشعر بأكلان فظيع في ضهري، لا أدري هل سببه الحشرات التي يقسم زملائي أنها أقدم في المستشفى من بهيرة كبيرة الممرضات، أم سببه رقودي على السرير على وضع واحد كل هذا الوقت، مع أن التغيير سنة الحياة، نبهني عم عبد البديع إلى التباس الجملة الأخيرة وكونها يمكن أن تسوء موقفي في القضية، لكني أقسم لسيادتك أني لا أقصد منها شيء سوى أني فعلا أريد أن أمارس حقي الدستوري في الهرش وتغيير وضع رقودي على السرير، فانا لست دولة تستحمل أن تعيش ربع قرن على وضع واحد دون أن تغيير، أنا بشر ضعيف خلقت من تراب وسففت التراب ويلزمني بين الحين والآخر أن أتقلب على الجنبين، فهل هذا كثير علي سيادتك؟! المؤلف,309 pages,Arabic,"January 1, 2009"
282,طفيليات,أحمد جمال الدين رمضان,"4.41 avg rating — 1,133 ratings",https://www.goodreads.com/book/show/196924969,4.41,"1,133 ratings",327 reviews,مجموعة قصصية متنوعة تجمع ما بين القصة الساخرة، الاجتماعية، الرعب، وحتى القصص المبنية على أحداث حقيقية,"140 pages, Paperback",Arabic,"August 1, 2023"
283,ثرثرة فوق النيل,Naguib Mahfouz,"3.74 avg rating — 10,737 ratings",https://www.goodreads.com/book/show/6122468,3.74,"10,737 ratings","1,362 reviews",لم يُبدع الإنسان ما هو أصدق من المهزلة.,"161 pages, Paperback",Arabic,"January 1, 1966"
284,ميرامار,Naguib Mahfouz,"3.82 avg rating — 8,224 ratings",https://www.goodreads.com/book/show/3495961,3.82,"8,224 ratings",895 reviews,فى بنسيون ميرامار بجوار محطة الرمل بالإسكندرية - وفى الستينات بكل صراعاتها الفكرية والسياسية والإجتماعية- تلتقى مجموعة من الشخصيات المتنافرة المتصارعة . وفى المركز من كل ذلك تبدو زهرة الريفية النقية الطموحة. فهل يفوز بها أحد ؟ يحكى نجيب محفوظ هذه الحكاية عن طريق أربع شخصيات من سكان البنسيون من أربع وجهات نظر. إنها رباعية الإسكندرية الجديدة,"284 pages, Paperback",Arabic,"January 1, 1967"
285,عصفور من الشرق,Tawfiq Al-Hakim,"3.72 avg rating — 4,880 ratings",https://www.goodreads.com/book/show/2392599._,3.72,"4,880 ratings",615 reviews,عصفور من الشرق، رواية من تأليف الكاتب توفيق الحكيم صدرت عام 1938 ترجمت ونشر بالفرنسية عام 1946 طبعة أولى، ونشر طبعة ثانية في باريس عام 1960.,"144 pages, Paperback",Arabic,"January 1, 1938"
286,العبرات,مصطفى لطفي المنفلوطي,"3.93 avg rating — 11,586 ratings",https://www.goodreads.com/book/show/3852939,3.93,"11,586 ratings","1,653 reviews",هذا الكتاب عبارة عن مجموعة قصص درسها وقدمها: الدكتور رياض قاسم رئيس قسم اللغة العربية وآدابها من الجامعة اللبنانية الفرع الرابع. عبّر المنفلوطي في هذا الكتاب عمّا يجيش في مجتمعه من مشكلات انقسم حولها الرأي بين مؤيد ورافض، كمسألة الحجاب، ومسألة محاكاة المتفرنجين، وما ساد المجتمع من مفاسد خلّفها التفاوت الطبقي والإستعمار الأجنبي. وعبّر عما يجيش في نفوس الشباب من أشواق وأحزان وآلام، وكانت قصصه بمضمونها قطرات من الدمع يسكبها بين أيدي القرّاء. وفي مقدمة العبرات يصور ذلك بقوله: الأشقياء في الدنيا كثر، وليس في استطاعة بائس مثلي أن يمحو بؤسهم وشقائهم، فلا أقل من أن أسكب بين أيديهم هذه العبرات، علّهم يجدون في بكائي تعزية وسلوى. وفي كل ما كتب جاءت كتابات المنفلوطي إرشاد للناشئة وللقرّاء جميعاً، وتوجيه غير مباشر إلى التحلي بالفضائل الإنسانية والأخلاق الحميدة، وهو جانب مهم كثيراً مانراه في أدب المنفلوطي.,"181 pages, Paperback",Arabic,"January 1, 1915"
287,خريف الغضب: قصة بداية ونهاية عصر أنور السادات,Mohamed Heikal,"3.63 avg rating — 2,072 ratings",https://www.goodreads.com/book/show/5649581,3.63,"2,072 ratings",185 reviews,"أتمنى أن يكون واضحا أن موضوع ""خريف الغضب"" كان - كما هو ظاهر من كل صفحة فيه - محاولة لشرح الأسباب التى أدت إلى اغتيال الرئيس السادات وبالتالى فهو ليس سيرة لحياته ولا لدوره السياسى ولو قصدته كسيرة لرجل لاختلف تناولى للموضوع . كان السؤال المحدد الذى حاول الإجابة عليه هو : "" لماذا جاءت النهاية على هذا النحو؟"" واختصرت المراحل كلها إلى موضوعى وأخذت من المراحل ما كان لازما للموضوع وإلا اختلفت السعى عن القصد .","476 pages, Paperback",Arabic,"January 1, 1982"
288,صالة أورفانيللي,Ashraf El-Ashmawi,"4.09 avg rating — 4,124 ratings",https://www.goodreads.com/book/show/108658337,4.09,"4,124 ratings",673 reviews,لكل قصة بداية وحكاية ونهاية ، وحياة كل إنسان رواية هو بطلها ومن خلالها يتشكل العالم من حولنا. ببناء مدهش يقدم أشرف العشماوي أحدث رواياته، قصص أبطاله الثلاثة تحكي حياتهم لكنها تشكل فصول الحكاية الأكبر، حكاية صالة المزاد التي يقتحم بها المؤلف عالمًا روائيًا جديدًا، كاشفاً خباياه وكواليسه وطرق الخداع التي تُجرى فيه، ودور يهود مصر في السيطرة عليه منذ العهد الملكي حتى السبعينيات . تتشابك خيوط حكايات الأبطال وتتعقد علاقاتهم الإنسانية، ليجذب العشماوي أطرافها بسلاسة فتنساب لتحكي أدق تفاصيل النفوس وتصطدم بصراعات تُفضي لجرائم ، وعندما تقترب الخيوط من نهاياتها ومع دَقة المزاد الثالثة الشهيرة التي تعلن موت رغبة وميلاد أخرى تتفجر المفاجآت لتتسع أذهاننا لتساؤلات بقدر ما تتفتح أعيننا على حقائق .. هل حياتنا تشبه المزاد؟ وماذا يتبقى من إنسانيتنا لو أصبح كل منا قطعة معروضة في صالة مزادات ينتظر دوره؟,"424 pages, Paperback",Arabic,"January 3, 2021"
289,قصص الأنبياء,Ibn Kathir,"4.50 avg rating — 6,601 ratings",https://www.goodreads.com/book/show/2939484,4.50,"6,601 ratings",320 reviews,"قصص الأنبياء في القرآن الكريم هي قصص لصفوة الخلق وخيرتهم على الإطلاق، فهم هداة العالمين ورحمة الله للناس أجمعين، وما كان الله قص ما قص من قصص في قرآن الكريم للتسلية والتلهي، وإنما جاء عظة وعبرة لأولي الألباب، وجاء يثير في النفس التأمل والتفكر في سنن الحياة وقواعد الاجتماع البشري وسيرة الناس عبر الزمان والمكان. وإن كان ربنا، تبارك وتعالى، أنعم علينا بنعمة قصص طائفة من حكايات الأنبياء وأقوامهم فإنه يلفت النظر إلى أن المهم في تاريخ هؤلاء العظماء أ نقف عند حد العظة والعبرة. ولقد تمثل المفسر الحافظ ابن كثير منهجاً علمياً بديعاً في عرض هذا القصص القرآني، حاول فيه الابتعاد عن خرافات الإسرائيليات وخزعبلات القصاص وأكاذيب بعض المؤرخين. ويمكن تحديد معالم هذا المنهج على النحو التالي: أولاً التزامه بإيراد كل ما يتعلق بالنبي صاحب القصة من كتاب الله تعالى، وأخبار القرآن في هذا السياق هي الأخبار المجزوم يصدقها على وجه اليقين من دون تردد. ولم يكتف المؤلف بذلك بل وقف مع الآيات محللاً لها، مفسراً لمعانيها، متعمقاً في مغازيها، وهو المفسر الواعي بدقائق التفسير. ثانياً عنايته عناية كبيرة بالأخبار والآثار المروية بشأن هؤلاء الأنبياء على عدة مستويات، فالأحاديث يعنى بعزوها إلى مصادرها، منبهاً على صحيحها وسقيمها في كثير من الأحيان، والإسرائيليات إذا وردت في النص، فإنه يرويها في حذر المحدث الواعي بالمرويات، مبيناً الغث منها وما يمكن أن يكون في إطار المقبول، والآثار يتتبع ما يلقي على النص شيئاً من الضوء لإيضاح غامض أو توضيح مبهم. ثالثاً العناية باللغة إلى حد معقول فيفسر ما نبا من مفردات، ويشرح ما ثقل فهمه من نصوص، وهو يحمل في ذهنه عقلية لغوية بليغة. رابعاً بالإضافة إلى ذلك كله التسلسل المنهجي المنطلق مع الأحداث، مع شيء من الاستطراد المقبول بهدف استخراج العظة والوقوف مع فائدة هنا، أو شاردة هناك. وكتاب قصص الأنبياء الذي هو بين يدي القارئ هو جزء من كتاب ابن كثير ""البداية والنهاية""، انتزعه كل طبع الكتاب مستقلاً منه، فليس هو مصنفاً مستقلاً في أصل تأليف ووضعه. ولأهميته تمّ الاعتناء به على هذا النحو: أولاً: العناية بإخراج النص إخراجاً صحيحاً بعيداً عن الأخطاء ما أمكن ذلك، ثانياً: تخريج الآيات القرآنية، مع استعراض غريب المفردات التي توجد في الآيات، ثالثاً: تخريج المرويات المتعددة، رابعاً: شرح المفردات الغريبة في النص كله تيسيراً للفهم وتحقيقاً لهدف تبسيط النص، خامساً: وضع عناوين جانبية لكل فكرة جديدة، ليسهل على القارئ متابعة تسلسل الأحداث والاستفادة بما في الكتاب من فوائد علمية متنوعة.","682 pages, Hardcover",Arabic,"Published January 1, 2000"
290,اللاهوت العربي وأصول العنف الديني,Youssef Ziedan,"3.90 avg rating — 8,257 ratings",https://www.goodreads.com/book/show/7316340,3.90,"8,257 ratings","1,028 reviews","This book in Arabic Language, Very rare to find on AMazon, the only one left .","226 pages, Paperback",Arabic,"December 1, 2009"
291,حكومة الظل,Monther Alkabbani,"3.96 avg rating — 10,563 ratings",https://www.goodreads.com/book/show/3331793,3.96,"10,563 ratings","1,448 reviews",من ويكيبيديا: رواية من تأليف الروائي السعودي منذر القباني صدرت طبعتها الأولى عن مركز الراية في 2006 و الطبعة الثانية عن الدار العربية للعلوم في 2007 الرواية منذ ظهورها لفتت الأنظار إليها من قبل القراء و أصبحت حديث المنتديات قبل أن يلتفت إليها الإعلام. إعتبر بعض النقاد رواية حكومة الظل بمثابة المولد الحقيقي لرواية التشويق و الإثارة في العالم العربي و البعض الآخر شبهها برواية شيفرة دا فينشي لدان براون بل أن بعض المنتديات أطلقت على مؤلفها لقب دان براون العرب . موضوع الرواية الرواية تدور أحداثها عبر زمنين، عام 1908 في أواخر عهد السلطان عبد الحميد الثاني، و في الحاضر عبر رجل أعمال سعودي يمر بحادث غامض أثناء زيارة عمل خارج السعودية. أحداث الرواية تتنقل ما بين الحاضر و الماضي لتكشف للقارئ ما وراء غموض أحداث الرواية في إطار مزيج ما بين الإثارة و التشويق مع إسقاطات على وضع العالم العربي اليوم. رواية رائعة جمعت المتناقضات في الوصف ، فهي :واقعية خيالية ، تاريخية معاصرة .. يجذبك الكاتب فيها بين ثلاثة مشاهد متباينة في الأماكن والعصور .. كل منها ليس له ارتباط بالآخر ، إلى آخر الرواية بعد أن تجتمع الخيوط ، يتبين لك المقصود بعد أن سافرت تجوب العالم وتتنقل في التاريخ .. الرواية تبين شيء من أطراف الماسونية وأنشطتها ونشأتها .. تجمع بين الواقع والخيال بطريقة جذابة .,"173 pages, Paperback",Arabic,"January 1, 2006"
292,خالتي صفية والدير,Bahaa Taher,"3.92 avg rating — 6,699 ratings",https://www.goodreads.com/book/show/3110969,3.92,"6,699 ratings",917 reviews,رائعة بهاء طاهر الممتعة خالتي صفية والدير والتي تدور في صعيد مصر من خلال قصة حب مثيرة وانتقام مدمر، فصفية الفتاة الجميلة تعشق حربي الشاب القوى والوسيم، ولكن حربي لا يشعر بحبها بل يتوسط في زواجها من الباشا. فلا تغفر صفية له ذلك وتقرر الانتقام. صدرت هذه الرواية عام 1991 وحققت نجاحا نقديا وجماهيريًا كبيرًا فطبعت عدة مرات وترجمت وتحولت إلى مسلسل تليفزيوني ومسرحية,"141 pages, Paperback",Arabic,"January 1, 1991"
293,ذات,Sonallah Ibrahim,"3.56 avg rating — 5,545 ratings",https://www.goodreads.com/book/show/3490300,3.56,"5,545 ratings",768 reviews,"""ذات"" شخصية الروائي صنع الله إبراهيم المحورية والتي انبعثت من زحمة الحياة لتبعث خياله وتغذي فكره بألف صورة وصورة... هي من الواقع... ولكنها تسري في الأحداث الروائية... فيكون لواقع تواجدها ألف معنى ومعنى... ""ذات"" هي الرمز الذي حاول صنع الله إبراهيم من خلاله أن يصور المجتمع المصري الذي يموج بقيم ومعتقدات تتحكم بفكره وبحياته... مجتمع ينوء مواطنه بأحمال الظروف الاقتصادية والاجتماعية والسياسية، وهذه يورد وقائعها منقولة عن الصحف المصرية الحكومية منها والمعارضة ليعكس الجو الإعلامي العام الذي أحاط بمصائر شخصياته وأثر فيهم... في ""ذات"" يتداخل الخيال والواقع... الرمز والحقيقة ليجسد أبعاداً إنسانية عبّر عنها صنع الله إبراهيم بأسلوب يُقَرِّب ""ذات"" من كل ذات... فهي الحقيقة المتوارية خلف الذات","352 pages, Paperback",Arabic,"January 1, 1992"
294,ترانيم في ظل تمارا,Mohammed Afifi,"4.01 avg rating — 4,778 ratings",https://www.goodreads.com/book/show/3614388,4.01,"4,778 ratings","1,038 reviews","آخر ما كتب الأديب محمد عفيفي.. وقد تناول مشاهد عديدة في ظل شجرته ""تمارا""، وبوجود شخصيات حيوانية كالقط والضفدع والفراشة","160 pages, Paperback",Arabic,"January 1, 1984"
295,الزيني بركات,Gamal al-Ghitani,"3.86 avg rating — 3,843 ratings",https://www.goodreads.com/book/show/5663369,3.86,"3,843 ratings",460 reviews,"تعد رواية"" الزيني بركات لجمال الغيطاني من الروايات البارزة في الروايات العربية التي عالجت ظاهرة القمع والخوف واتكأت على أسبابها وبينت مظاهرها المرعبة في الحياة العربية، فالغيطاني حين يحاصره الراهن بقمعه واستبداده وقهره، حين يمارس أقسى أشكال العنف والرعب والقهر في السجن المعاصر يعود بنا مستنطقاً تاريخ ابن إياس بدائع الزهور ليجد صورة مرعبة لكبير البصاصين الشهاب الأعظم زكريا بن راضي ووالي الحسبة الزيني بركات ويكفي أن نقرأ عن تعذيب التاجر علي أبي الجود وتدرج الزيني في التفنن بتعذيبه ليحصل من على المال، والأدهى أن وسيلة إرغامه على الإقرار كانت بتعذيب الفلاحين أمامه عذاباً منكراً بغية إخافته وترويعه،على مدى سبعة أيام منها تعذيب فلاح أمام عينيه:"" أظهروا حدوتين محميتين لونهما أحمر لشدة سخونتهما، بدأ يدقهما في كعب الفلاح المذعور، نفذ صراخ الفلاح إلى ضلوع علي، وكلما حاول إغلاق عينه يصفعه عثمان بقطعة جلد على قفاه."" وفي اليوم الرابع والخامس "" ذبح ثلاثة من الفلاحين المنسيين، أسندت رقابهم إلى صدر علي بن أبي الجود والزيني يدخل ويخرج محموماً مغتاظاً يسأل"" ألم يقر بعد؟"" لا يجيب أحد. يضرب الحجر بيديه."" يسقط هذه الصورة على الحاضر بل يسقط الحاضر عليها فيبني منها ما هو أقل إيلاماً من الحاضر فقدمت لنا نماذج مرعبة ولكنها مشوهة منخورة في الوقت نفسه لأنها من وجهة نظر الرواية فيما أحسب لا تتسلح بقيم تجعلها قادرة على مواجهة التغيرات المحتملة. وقال عنها الغيطاني جاءت (( الزيني بركات)) نتيجة لعوامل عديدة. أهمها في تقديري, تجربة معاناة القهر البوليسي في مصر خلال الستينيات. كانت هناك تجربة ضخمة تهدف إلى تحقيق العدالة الاجتماعية. تهدف إلى تحقيق أحلام البسطاء. يقودها زعيم كبير هو جمال عبد الناصر. ولكن كان مقتل هذه التجربة في رأيي, هو الأسلوب الذي تعاملت به مع الديمقراطية. وأحيانا كنا نحجم عن الحديث بهذا الشكل لأن هذه التجربة بعد انتهائها, تعرضت وما تزال تتعرض لهجوم حاد من خصوم العدالة الاجتماعية, ومن خصوم إتاحة الفرص أمام الفقراء. ولكن أنا أتصور أن الشهادة يجب أن تكون دقيقة الآن, خاصة وأن جيلنا, جيل الستينات الذي ننتمي إليه أنا والأستاذ البساطي قد بدأ يدنو من مراحله الأخيرة. لذا يجب أن نترك كلمة حق حتى لا تتكرر تلك الأخطاء. عانينا من الرقابة في الستينيات. وأسلوب التعامل البوليسي. وأتصور أن هذا كان أحد أسباب علاقتي القوية بالتاريخ. كنت مهموما بالبحث في تاريخ مصر, وبقراءة هذا التاريخ خاصة الفترة المملوكية, التي وجدت تشابها كبيرا بين تفاصيلها وبين الزمن الراهن الذي نعيش فيه. وأنا عندما أقول الفترة المملوكية, أعني الفترة المملوكية التي كانت مصر فيها سلطنة مستقلة تحمي البحرين والحرمين. وقد انتهت هذه السلطنة في عام 1517 بهزيمة عسكرية كبيرة في مرج دابق شمال حلب. وعندما طالعت مراجع شهود العيان الذين عاشوا هذه الفترة, ذهلت من تشابه الظرف بين هزيمة 67 والأسباب التي أدت إليها وبين هزيمة القرن السادس عشر. وأوصلني هذا فيما بعد, إلى ما يمكن أن يسمى باكتشاف وحدة التجربة الإنسانية في مراحل كثيرة من التاريخ حتى وإن بعدت المسافة. على سبيل المثال : الألم الإنساني واحد. فالشعور بالحزن هو نفسه الذي كان يعبر عنه المصري القديم أو البابلي القديم. ومصر نتيجة لاستمرارية تاريخها وعدم انقطاعه تتشابه فيها الظروف من فترة إلى أخرى. سياحتي في التاريخ استقرت في العصر المملوكي. وكنت مهموما بهاجس الرقابة وهاجس المطاردة قبل أن أدخل المعتقل إلى درجة أنني كتبت عددا من القصص القصيرة عن السجن, نشرت منها قصة ؛رسالة فتاة من الشمال« في مجلة الآداب في يوليو 1964, وقصة أخرى اسمها ؛القلعة« في مجلة الأديب اللبنانية أيضا عام 1964. وكتبت رواية كاملة عن فكرة المطاردة وظروف المطاردة, ف ق د ت عندما اعتقلت في عام 1966. والغريب أنني عندما دخلت المعتقل لم أفاجأ بالتفاصيل. فقد كنت أسمعها من زملائي الذين سبقوني في تلك التجربة. ولكن عندما خرجت قبل وقوع الهزيمة بشهرين عام 1967 مع زملائي, الذين يمثلون جيل الستينيات من الكتاب — فأكبر كتاب الستينيات كانوا في هذه الحبسة –, كتبت قصة اسمها »هداية أهل الورى لبعض ما جرى في المقشرة« وقد افترضت فيها أنني عثرت على مذكرات آمر سجن المقشرة. وهو من السجون الشديدة البشاعة في العصر المملوكي. وكنت قد وصلت بعض قراءة طويلة — بل لا أقول قراءة ولكن معايشة — لابن إياس وابن زمبل الرمال والمقريزي وابن تغري بردي إلى اكتشاف بلاغة جديدة, لم يكن الأدب العربي يتعامل معها. بلاغة يمكن الآن أن أقول إنها بلاغة مصرية, تجمع ما بين الفصحى وخلفية العامية المصرية في التراكيب اللغوية. وهذه نجدها عند المؤرخين وليس عند الأدباء. عند المقريزي وابن إياس ثم الجبرتي فيما بعد. وربما يرجع ذلك إلى أنهم كانوا يكتبون الأحداث بسرعة, فلا يتأنقون ولا يغوصون في أساليب البلاغة المستقرة من زمن قديم. هذه البلاغة شعرت أنها تمسك بالواقع أكثر من الأساليب السردية السائدة.","287 pages, Paperback",Arabic,"January 1, 1974"
296,السلطان الحائر,Tawfiq Al-Hakim,"3.95 avg rating — 2,388 ratings",https://www.goodreads.com/book/show/4606489,3.95,"2,388 ratings",248 reviews,احدى أشهر مسرحيات توفيق الحكيم التى اثارت جدلاً ضمن مؤلفات توفيق الحكيم التى تم اعادة نشره ضمن مشروع دار الشروق لإعادة نشر الأعمال الكامله لأبى المسرح العربى,"199 pages, Kindle Edition",Arabic,"January 1, 1960"
297,أسطورة إيجور (ما وراء الطبيعة، #24),Ahmed Khaled Towfik,"3.99 avg rating — 4,293 ratings",https://www.goodreads.com/book/show/6006822,3.99,"4,293 ratings",223 reviews,إن (إيجور) يجيد الاختراق .. (إيجور) يسمعهم يفكرون .. (إيجور) يعرف نوياهم .. (إيجور) يعرف كيف يجتاز ردهات العقل البشرى المعقدة دون أن يضل طريقه .. من هو (إيجور)؟ .. كيف صار هذا الشخص المخيف؟,"112 pages, Paperback",Arabic,"November 1, 2001"
298,ساق البامبو,Saud Alsanousi,"4.21 avg rating — 60,362 ratings",https://www.goodreads.com/book/show/13637412,4.21,"60,362 ratings","9,289 reviews",لماذا كان جلوسي تحت الشجرة يزعج أمي؟ أتراها كانت تخشى أن تنبت لي جذور تضرب في عمق الأرض ما يجعل عودتي إلى بلاد أبي أمراً مستحيلاً؟..ربما، ولكن، حتى الجذور لا تعني شيئاً أحياناً. لو كنت مثل نبتة البامبو.. لا انتماء لها.. نقتطع جزءاً من ساقها.. نغرسه، بلا جذور، في أي أرض.. لا يلبث الساق طويلاً حتى تنبت له جذور جديدة.. تنمو من جديد.. في أرض جديدة.. بلا ماض.. بلا ذاكرة.. لا يلتفت إلى اختلاف الناس حول تسميته.. كاوايان في الفلبين.. خيزران في الكويت.. أو بامبو في أماكن أخرى.,"401 pages, Paperback",Arabic,"May 1, 2012"
299,قرية ظالمة,M. Kamel Hussein,"3.94 avg rating — 4,669 ratings",https://www.goodreads.com/book/show/2544247._,3.94,"4,669 ratings",879 reviews,تُعدّ «قرية ظالمة» من أجمل ما كتب د.محمد كامل حسين، بل يراها البعض أجمل ما كُتِب عن الأيام الأخيرة للسيد المسيح. تناول المؤلف فى هذه القصة بأسلوب راق وسرد شائق مشكلات الإنسان النفسية والفكرية والاجتماعية المزمنة. وقد ترجمت إلى لغات عديدة كالإنجليزية والفرنسية والإسبانية والهولندية والتركية، واستحق من أجلها جائزة الدولة فى الأدب عام 1957. كان د.محمد كامل حسين (1901-1977) جراحًا بارعًا وأستاذًا نابها، تفوق فى الطب فكان يُعَدّ رائد طب العظام فى مصر، ونال جائزة الدولة فى العلوم عام 1967، فأصبح بذلك أول مصرى يحوز جائزتى الأدب والعلوم. وله عدة كتب تتناول اللغة العربية والأدب والنقد والطب والعلوم، ومن أهمها «الوادى المقدس» (دار الشروق، 2007) «وقوم لا يتطهرون» (دار الشروق، 2004) «والذكر الحكيم» و«اللغة العربية المعاصرة» و«التحليل البيولوچى للتاريخ» و«وحدة المعرفة»,"259 pages, Paperback",Arabic,"January 1, 1954"
300,تغريدة البجعة,Mekkawi Said,"3.62 avg rating — 2,329 ratings",https://www.goodreads.com/book/show/3418245,3.62,"2,329 ratings",291 reviews,يشتق الروائي مكاوي سعيد في روايته تغريدة البجعة، الشكل الروائي من واقع اجتماعي متحوّل ومتبدّل. معيناً الشكل الجديد مدخلاً إلى قراءة الواقع وتحولاته، في عمل روائي جميل يرثي زمناً غنائياً مضى، ويصوغ المستقبل المحتمل بأسئلة بلا إجابات. يشير في روايته إلى الكثير من القضايا الاجتماعية التي يغلفها بطابع سياسي، مشيراً إلى الاجتياح الإسرائيلي للبنان، والمجازر التي ارتكبت بحق الأطفال والأبرياء، وتداعيات هذا الاجتياح على المجتمع العربي. «لم أعد أجرؤ أن أجالس المسيّسين حتى على المقاهي، هربت إلى الخارج، وعندما عدت اختفيت خلف كاميرا تمتلكها أمريكية، ما الفرق بيني، وبين من يملكون دكاكين حقوق الإنسان، ومنع التمييز، وحقوق المرأة؟ زملاؤنا القدامى جاهروا بالسرية وتاجروا بأسابيع اعتقالهم، وملأوا الفضائيات فخراً بنضالهم. هم باعوا وقبضوا الثمن، ونحن وصِمنا بالجبن والتنازل»,"290 pages, Paperback",Arabic,"January 1, 2006"
301,ثلاثية غرناطة,Radwa Ashour,"4.29 avg rating — 52,564 ratings",https://www.goodreads.com/book/show/3438000,4.29,"52,564 ratings","8,849 reviews",ثلاثية غرناطة هي ثلاثية روائية تتكون من ثلاث روايات للكاتبة المصرية رضوى عاشور و هم على التوالي: غرناطة - مريمة - الرحيل. وتدور الأحداث في مملكة غرناطة بعد سقوط جميع الممالك الإسلامية في الأندلس، و تبدأ أحداث الثلاثية في عام 1491م، وهو العام الذي سقطت فيه غرناطة بإعلان المعاهدة التي تنازل بمقتضاها (أبو عبد الله محمد الصغير) آخر ملوك غرناطة عن ملكه لملكي قشتالة وأراجون، وتنتهى بمخالفة آخر أبطالها الأحياء (عليّ) لقرار ترحيل المسلمين حينما يكتشف أن الموت في الرحيل عن الأندلس و ليس في البقاء.,"502 pages, Paperback",Arabic,"January 1, 1994"
302,حوار مع صديقي الملحد,Mostafa Mahmoud,"3.88 avg rating — 35,489 ratings",https://www.goodreads.com/book/show/5664022,3.88,"35,489 ratings","3,326 reviews","رد على أسئله لملحدين على الدين الإسلامي, رد رائع بالدلائل والأمثله يجيب عن تساؤلات عقلنا فى فترة ما نمر بها ويرد بها على الآخرين الماديين. صديقى رجل يحب الجدل ويهوى الكلام وهو يعتقد أننا نحن المؤمنون السذج نقتات بالاوهام ونضحك على أنفسنا بالجنة والحوار العين وتفوتنا لذات الدنيا ومفاتنها.. وصديقى بهذه المناسبة تخرج من فرنسا وحصل على دكتوراه وعاش مع الهيبيز وأصبح ينكر كل شئ. قال لى ساخرا: -انتم تقولون: ان الله موجود، وعمدة براهينكم هو قانون “السببية” الذى ينص على أن لكل صنعة صانعا ولكل خلق خالقاً ولكل وجود موجدا.. النسيج يدل على النساج والرسم على الرسام والنقش على النقاش والكون بهذا المنطق أبلغ دليل على الاله القدير الذى خلقه. صدقنا وآمنا بهذا الخالق.. ألا يحق لنا بنفس المنطق أن نسأل.. ومن خلق الخالق.. من خلق الله الذى تحدثوننا عنه.. ألا تقودنا نفس استدلالاتكم الى هذا.. وتبعا لنفس قانون السببية.. ما رأيكم فى هذا المطب دام فضلكم؟. ونحن نقول له: سؤالك فاسد.. ولا مطب ولا حاجة فأنت تسلم بأن الله خالق ثم تقول من خلقه؟! فتجعل منه خالقا ومخلوقا فى نفس الجملة وهذا تناقض، والوجه الآخر لفساد السؤال أنك تتصور خضوع الخالق لقوانين مخلوقاته.. فالسببية قانوننا نحن أبناء الزمان والمكان. والله الذى خلق الزمان والمكان هو بالضرورة فوق الزمان والمكان ولا يصح لنا أن نتصوره مقيدا بالزمان والمكان ولا بقوانين الزمان والمكان. والله هو الذى خلق قانون السببية فلا يجوز أن نتصوره خاضعا لقانون السببية الذى خلقه، وأنت بهذه السفسطة أشبه بالعرائس التى تتحرك بزمبلك وتتصور أن الانسان الذى صنعها لابد هو الآخر يتحرك بزمبلك.. فاذا قلنا لها بل هو يتحرك من تلقاء نفسه.. قالت: مستحيل أن يتحرك شئ من تلقاء نفسه.. انى أرى فى عالمى كل شئ يتحرك بزمبلك، وأنت بالمثل لا تتصور أن الله موجود بذاته بدون موجد.. لمجرد أنك ترى كل شئ حولك فى حاجة الى موجد.","160 pages, Paperback",Arabic,"January 1, 1970"
303,The Bridges of Constantine,Ahlam Mosteghanemi,"3.80 avg rating — 25,720 ratings",https://www.goodreads.com/book/show/18632934-the-bridges-of-constantine,3.80,"25,720 ratings","2,245 reviews","The Bridges of Constantine is a poignant fresco of Algeria over the last 50 years, a searing love story and a hymn to a lost city. Khaled, a former revolutionary in the Algerian war of liberation has been in self-exile in Paris for two decades, disgusted by the corruption that now riddles the country he once fought for. He has become a celebrated painter, and at the opening of one of his exhibitions, Hayat, the daughter of his old revolutionary commander, unexpectedly reenters Khaled's life. Hayat had been just a child when he last saw her, but she has now become a seductive young novelist. Khaled is consumed with passion for her, and she comes to embody the homeland and the city he still grieves for – the city he paints over and over again in his canvases. Through Hayat, his past is breathed back into life and he at last begins to confront his feelings about Algeria. But for Hayat, as elusive as she is tender, the question of what one should yearn for is not so simple, and the choices she makes will have devastating consequences for them both. The first novel in an award-winning, bestselling trilogy that spans Algeria's tumultuous recent history, The Bridges of Constantine is a lyrical and heartrending love story about loss and remembrance, exile and belonging.","320 pages, Hardcover",English,"January 1, 1993"
304,حول العالم في 200 يوم,أنيس منصور,"4.06 avg rating — 11,489 ratings",https://www.goodreads.com/book/show/3491072-200,4.06,"11,489 ratings",972 reviews,عرض في هذا الكتاب معلومات عن الدول المختلفة وخصوصاً دول جنوب شرق آسيا مثل الهند و سيلان وسنغافورة و أستراليا واليابان والفلبين وهونج كونج، ثم زار أيضا الولايات المتحدة الأمريكية وجزيرة هاواي. وتحدث أيضا خلال رحلته إلى اليابان عن اللؤلؤ المستزرع الذي أكتشفه ميكوموتو الذي قام بأول عملية استزراع للؤلؤ.وكتب عما أعجبه في هذه البلاد من تقاليد وعادات مختلفة، وتشابهها مع عادات الدول الأخرى. وتحدث في الكتاب عن اعتزازه بكونه أول صحفي في العالم كله أجري مقابله حصرية مع الدالاي لاما رئيس دولة التبت (الحائز علي جائزة نوبل في السلام )، وقد أجرى معه مقابلة حصرية، وتم أخذ صورة لأنيس منصور مع الدالاي لاما (تظهر الصورة في الصفحة 106) من الكتاب، وكانت هذه أول صورة يراها العالم للدالاي لاما وقد تم نشرها بدار اخبار اليوم بمصر لتحميل الكتاب من هذا الرابط : http://mmaqara2tt.com/index.php/books...,"604 pages, Hardcover",Arabic,"January 1, 1963"
305,الرحيق المختوم,Safiur Rahman Mubarakpuri,"4.61 avg rating — 23,823 ratings",https://www.goodreads.com/book/show/545425._,4.61,"23,823 ratings","2,219 reviews","الرحيق المختوم بحث في السيرة النبوية. تأليف: الشيخ صفي الرحمن المباركفوري. قُدِّم في مسابقة رابطة العالم الإسلامي في السيرة النبوية الشريفة، وحاز البحث على المركز الأول. ""ومن منهجي في هذا الكتاب ـ عدا ما جاء في إعلان الرابطة ـ أني قررت سلوك سبيل الاعتدال، متجنبًا التطويل الممل والإيجاز المخل، وقد وجدت المصادر تختلف فيما بينها حول كثير مما يتعلق بالأحداث اختلافًا لا يحتمل الجمع والتوفيق، فاخترت سبيل الترجيح، وأثبت في الكتاب ما ترجح لدي بعد التدقيق في الدراسة والنقد، إلا أني طويت ذكر الدلائل والوجوه؛ لأن ذلك يفضي إلى طول غير مطلوب‏. أما بالنسبة لقبول الروايات وردها فقد استفدت في ذلك مما كتبه الأئمة المتقنون، واعتمدت عليهم فيما حكموا به من الصحة والحسن والضعف؛ إذ لم أجد وقتًا يكفي للخوض في هذا المجال‏.‏ وقد أشرت في بعض المواضع إلى بعض الدلائل ووجوه الترجيح، وذلك حينما خِفْتُ الاستغراب ممن يقرأ الكتاب، أو رأيت شبه الاتفاق فيما بين الأولين والآخرين على خلاف ما هو الصواب‏.‏ والله ولي التوفيق‏.‏"" الجمعة المباركة 24/7/1396هـ 23/7/1976م صفي الرحمن المباركفوري الجامعة السلفية بنارس - الهند","498 pages, Hardcover",Arabic,"January 1, 1976"
306,أولاد حارتنا,Naguib Mahfouz,"4.08 avg rating — 32,003 ratings",https://www.goodreads.com/book/show/2364284._,4.08,"32,002 ratings","3,866 reviews",يجلس الجبلاوي في بيته الكبير المحاط بالحدائق واﻷسوار العالية ومن حوله أحفاده الذين يتنازعون للحصول على وقفه، ويقوم الفتوات بابعاد هؤلاء عن جنته اﻷرضية، حيث استقرت ذريته خارج أسوار البيت الكبير، وبالرغم من فقرهم الا انهم لم يكفو عن الدعاء بأن ينزل الجبلاوي اليهم ويترك عزلته ويوزع تركته ويخلصهم من بطش الفتوات فيسود الخير على الجميع، ويظهر في كل جيل هذا المخلص والذي يتعلق به الناس وينتفضو معه ضد الفتوات، ولكن الجشع والجهل يرجعهم في اخر المطاف الى ما كانت عليه الاوضاع ويبقى الفقر والمعاناة مصيرهم الذي لا مفر منه. يصف محفوظ في هذه الرواية الرائعة القهر وشوق الناس إلى الخلاص من أنفسهم، وكيف ان المبادئ يمكن أن تتغير بتأرجح النفوس البشرية، وكيف ان الاعمال الخيرة تقع تحت يد الفساد والمفسدين. تعد هذه الرواية من أشهر روايات اﻷديب الراحل وأكثرها إشكالية وقد نوهت اﻷكاديمية السويدية بها عندما منحت نجيب محفوظ جائزة نوبل للآداب.,"600 pages, Paperback",Arabic,"January 1, 1959"
307,الحرافيش,Naguib Mahfouz,"4.40 avg rating — 20,985 ratings",https://www.goodreads.com/book/show/5295735,4.40,"20,985 ratings","3,144 reviews",ﻳﺼﻒ ﻟﻨﺎ ﻧﺠﻴﺐ ﻣﺤﻔﻮﻅ ﺳﻌﻲ ﺍﻟﻨﻔﺲ ﺍﻟﺒﺸﺮﻳﺔ ﺍﻟﺪﺍﺋﻢ ﺍﻟﻰ ﺍﻟﺨﻼﺹ ﻭﺗﻤﺮﺩﻫﺎ ﻋﻠﻰ ﻧﻔﺴﻬﺎ ﺍﻟﺘﻲ ﺍﺭﺗﻀﺖ ﺑﺎﻟﻮﺍﻗﻊ ﺍﻟﻤﺮﻳﺮ، ﻓﺘﺤﺜﻬﺎ ﺩﺍﺋﻤﺎ ﺍﻟﻰ ﺍﻟﺨﻼﺹ، ﻭﺍﻟﺨﺮﻭﺝ ﻣﻦ ﻧﻔﻖ ﺍﻟﻨﻔﺲ ﺍﻟﻤﻈﻠﻢ، ﻭﻟﻜﻨﻬﺎ ﺗﺼﻄﺪﻡ ﺩﺍﺋﻤﺎ ﺑﺤﺐ ﺍﻟﺪﻧﻴﺎ ﻭﺍﻏﻮﺍﺋﺎﺗﻬﺎ ﺍﻟﻼﻣﺤﺪﻭﺩﺓ ﻭﻫﻨﺎ ﻳﻜﻮﻥ ﻣﻔﺘﺮﻕ ﺍﻟﻄﺮﻕ ﺍﻟﺬﻱ ﺗﺨﺘﺎﺭ ﻓﻴﻪ ﺍﻟﻨﻔﺲ ﺍﻣﺎ ﺍﻟﺴﻴﺮ ﻋﻠﻰ ﺧﻄﻰ ﺍﻟﺼﺎﻟﺤﻴﻦ ﺍﻷﻭﺍﺋﻞ ﺃﻭ ﺍﻟﺤﻴﺎﺩ ﻋﻦ ﻃﺮﻳﻘﻬﻢ ﻭﺍﻳﺜﺎﺭ ﺷﻬﻮﺍﺗﻬﺎ ﺍﻟﺪﺍﺧﻠﻴﺔ، ﻛﻤﺎ ﻳﺼﻒ ﻟﻨﺎ ﺍﻟﺨﻨﻮﻉ ﻭﺍﻟﺬﻝ ﺍﻟﺬﻱ ﻳﺼﻴﺐ ﺍﻟﻨﻔﺲ ﻣﻦ ﺟﺮﺍﺀ ﻳﺄﺳﻬﺎ ﻣﻦ ﺧﻼﺻﻬﺎ، ﻭﺟﻬﻠﻬﺎ ﺑﺄﻥ ﺍﻟﺨﻼﺹ ﺍﻟﺤﻘﻴﻘﻲ ﻫﻮ ﺍﻟﻨﺎﺑﻊ ﻣﻦ ﺩﺍﺧﻠﻬﺎ ﻻ ﺍﻟﻤﺴﻠﻂ ﻋﻠﻴﻬﺎ ﻣﻦ ﺍﻟﺨﺎﺭﺝ ﻓﻬﻮ ﺧﻼﺹ ﺯﺍﺋﻒ ﺳﺮﻋﺎﻥ ﻣﺎ ﻳﺘﺒﺨﺮ ﻭﻳﺬﻫﺐ ﺭﻳﺤﻪ ﻭﺗﺒﻘﻰ ﺍﻟﻨﻔﺲ ﻓﻲ ﻇﻠﻤﺎﺗﻬﺎ ﺗﺒﻜﻲ ﻋﻠﻰ ﻣﺎﺽ ﻗﺪ ﺗﻮﻟﻰ ﻭﺫﻛﺮﻳﺎﺕ ﻟﻦ ﺗﻌﻮﺩ. كل ذلك في ملحمة رائعة يظهر فيها تعاقب اﻷجيال على مدى قرنين من الزمان من خلال عشر قصص لطالما كانت نبعا للسينما المصرية تنهل منه.,"599 pages, Paperback",Arabic,"January 1, 1977"
308,انتحار فاشل,أحمد جمال الدين رمضان,"4.54 avg rating — 3,337 ratings",https://www.goodreads.com/book/show/30528535,4.54,"3,337 ratings",535 reviews,"كتاب ""انتحار فاشل"" عبارة عن مجموعة قصصية متنوعة تجمع ما بين القصة الساخرة، الاجتماعية، الرعب، وحتى القصص المبنية على أحداث حقيقية، يلعب ""أحمد رمضان"" فى هذه المجموعة ببراعة شديدة على وتر الأفكار المختلفة والنهايات المفاجئة، حتى فى القصص التى تبدو أفكارها مألوفة تأتى المعالجة شديدة التميز والنهاية مخالفة تماماً للتوقعات تضيف أبعاداً أكثر عمقاً للعمل.","175 pages, Paperback",Arabic,"July 1, 2016"
309,تراب الماس,Ahmed Mourad,"4.05 avg rating — 56,798 ratings",https://www.goodreads.com/book/show/7704143,4.05,"56,798 ratings","4,659 reviews","""للمرة الثانية بعد ""فيرتيجو"" يتّخذ أحمد مراد من الجريمة خلفية تكشف بأسلوب مشوّق كواليس المجتمع و الفساد المستشري وسط كل طبقاته.. وهو بذلك يؤّكد قواعد النوع الروائي الذي أصبح رائدًا له"".. صنع الله إبراهيم لم يكن ""طه"" سوى مندوب دعاية طبية في شركة أدوية؛ حياة باهتة رتيبة، بدلة و كرافتة و حقيبة جلدية و لسان لبق يستميل أعتى الأطباء لأدويته وفي البيت يعيش وحيدًا مع أبيه القعيد كان ذلك قبل أن تقع جريمة قتل غامضة تتركه خلفها و قد تبدّل عالمه.. للأبد تتحول حياته إلى جزيرة من الأسرار، يبدأ اكتشافها في دفتر عتيق يعثر عليه مصادفة، و يجد معه أداة رهيبة لها فعل السحر عندها يبدأ ""طه"" ومعه الضابط ""وليد سلطان"" في تتبع قاتل لا يملكان دليلا ضده سنقرأ هنا كيف تتحول هذه الجريمة إلى سلسلة من عمليات القتل. وكيف يصبح القتل بابًا يكشف لنا عالما من الفساد، وسطوة السلطة التي تمتد لأجيال في تتابع مثير لا يؤكد أبدا أن ""طه"" سيصل إلى نهايته http://www.titaniumstores.com/dp/9770...","389 pages, Paperback",Arabic,"January 1, 2010"
310,رحلتي من الشك إلى الإيمان,Mostafa Mahmoud,"3.97 avg rating — 25,049 ratings",https://www.goodreads.com/book/show/3338544,3.97,"25,049 ratings","2,324 reviews",الانسان يولد وحده ويموت وحده ويصل إلى الحق وحده وليست مبلغة أن توصف الدنيا بأنها باطل الأباطيل الكل باطل وقبض الريح ، فكل ما حولنا من مظاهر الدنيا يتصف بالبطلان والزيف ونحن نقتل بعضنا بعضاً فى سبيل الغرور وإرضاء لكبرياء كاذب والدنيا ملهاة قبل أن تكون مأساة ، ومع ذلك نحن نتحرق شوقاً فى سبيل الحق ونموت سعداء فى سبيله والشعور بالحق يملؤنا تماماً وإن كنا نعجز عن الوصول إليه ، إننا نشعر به ملء القلب وإن كنا لا نراه حولنا وهذا الشعور الطاغى هو شهادة بوجوده ، إننا وإن لم نر الحق وإن لم نصل إليه وإن لم نبلغه فهو فينا وهو يحفزنا وهو مثال مطلق لا يغيب عن ضميرنا لحظة وبصائنا مفتوحة عليه دوماً .,"127 pages, Paperback",Arabic,"January 1, 1970"
311,تاكسي: حواديت المشاوير,Khaled Al Khamissi,"3.68 avg rating — 16,007 ratings",https://www.goodreads.com/book/show/2508854._,3.68,"16,007 ratings","1,514 reviews","تاكسي: حواديت المشاوير الذي لاقى نجاحا نقديا وجماهيريا كبيرا وغير متوقع، فأثنى عليه الكثير من الكتاب والنقاد واستضافت مؤلفه عدد من البرامج التلفزيونية مثل العاشرة مساء والبيت بيتك والقاهرة اليوم، ووصفه د. عبد الوهاب المسيري بأنه ""عمل إبداعي أصيل ومتعة فكرية حقيقية""، وقال عنه د. جلال أمين أنه من أجمل ما قرأ من كتب في وصف المجتمع المصري كما كتب عنه صفحة كاملة بجريدة المصري اليوم. والكتاب عبارة عن حوارات بين الراوي وسائقي التاكسي بالقاهرة يتناولون فيها بصراحة بالغة أوضاع البلاد والسياسة والاقتصاد والتطرف والمظاهرات والجنس وحياتهم وهمومهم الشخصية. كتاب ممتع ومرآة صادقة لفئة لماحة تتعامل مع المجتمع كله. المؤلف خالد الخميسي حاصل على ماجستير في العلوم السياسية من جامعة السوربون، إعلامي ومنتج ومخرج وكاتب سيناريو، له العديد من الدراسات الاجتماعية والسياسية، ويكتب في عدة صحف","224 pages, Paperback",Arabic,"December 1, 2006"
312,العصبي,أحمد جمال الدين رمضان,"4.59 avg rating — 2,901 ratings",https://www.goodreads.com/book/show/30528544,4.59,"2,901 ratings",472 reviews,كان الجميع يعلم أنه عصبى .. هذه ليست المشكلة، المشكلة أنه كان يعترف بهذا، كان يعترف أنه عصبى، سريع الاستثارة، ومندفع؛ لكنه لم يحاول تغيير ذلك أبداً، كان ينتابه الغضب ويندفع فى السباب كالسيل العارم لأتفه الأسباب، وأحيانا بدون أسباب تذكر، يفقد أعصابه بسهولة فيثور دون أن يبالى بالعواقب، برميل من البارود قابل للاشتعال فى أى لحظة كما يحلو للبعض أن يصفه، تلك كانت طبيعته المميزة، وهكذا مضت حياته، مشاكل له .. ومأساة للآخرين ممن أوقعهم حظهم العاثر فى دائرة التعامل معه... جيرانه يخشون الاقتراب منه بعد أن علمتهم التجارب أن الاحتكاك به ينتهى دوما بنتائج وخيمة، زملاءه فى العمل يواصلون الشكوى منه ، وأصدقاءه يتناقصون تدريجياً.. فماذا سيفعل فى حياته؟ وما هى المشاكل التى ستواجهه؟ وماذا سيواجه؟ .,"165 pages, Paperback",Arabic,"January 1, 2016"
313,شيكاجو,Alaa Al Aswany,"3.43 avg rating — 22,821 ratings",https://www.goodreads.com/book/show/1220507._,3.43,"22,821 ratings","2,090 reviews",يقول الأستاذ جلال أمين عن هذه الرواية المتميزة: ها هى رواية علاء الأسوانى الجديدة «شيكاجو» تستحق بدورها نجاحًا مماثلاً وبنفس القدر من الجدارة كالذى استحقته عمارة يعقوبيان. فرحت عند انتهائى من قراءتها لأكثر من سبب، فقد أكدت لى هذه القراءة أن لدينا بالفعل أديبًا كبيرًا وموهوبًا، وظهر أن عمارة يعقوبيان ليست ظاهرة منفردة لا تتكرر، بل إن من الممكن أن تتكرر المرة بعد المرة. فى الرواية الجديدة (شيكاجو) كل مزايا الرواية السابقة: التشويق الذى يبدأ من أول صفحة ويستمر إلى آخر صفحة، أسلوب الكتابة السلس والسريع الذى يصيب الهدف باستمرار بلا تثاقل أو تسكع، الرسم الواضح والمتسق للشخصيات، اللغة العربية الراقية دون تكلف أو تعمد الإغراب، وقبل كل شيء وفوق كل شيء، نُبل المعني، إذ لا جدوى فى رأيى من رواية مهما كانت درجة تشويقها وإتقانها إذا لم تكن نبيلة المقصد، وإذا كان المقصد تافهًا أو حقيرًا قضى على ما قد يكون للمهارة والشطارة من أثر فى نفس القارئ http://www.titaniumstores.com/dp/9770...,"456 pages, Paperback",Arabic,"January 1, 2007"
314,رجال حول الرسول,خالد محمد خالد,"4.39 avg rating — 8,692 ratings",https://www.goodreads.com/book/show/2784555,4.39,"8,692 ratings",559 reviews,سيرة وحياة ستين شخصية إسلامية كان لها أثر مباشر في نشر الدين الإسلامي، والدعوة إلى الله تعالى؛ وهؤلاء الرجال هم: مصعب بن عمير، سلمان الفارسي، أبو ذر الغفاري، بلال بن رباح، عبدالله بن عمر، سعد بن أبي وقاص، صهيب بن سنان، معاذ بن جبل، المقداد بن عمرو، سعيد بن عامر، حمزة بن المطلب، عبد الله بن مسعود، حذيفة بن اليمان، عامر بن ياسر، عبادة بن الصامت، خبات بن الأرت، أبو عبيدة بن الجراح، عثمان بن مطعون، يزيد بن حارثة، جعفر بن أبي طالب، عبد الله بن رواحة، خالد بن الوليد، قيس بن سعد بن عبادة، عمير بن وهب، أبو الورداد، زيد بن الخطاب، طلحة بن عبيد الله، الزبير بن العوام، خبيب بن عدي، عمير بن سعد، زيد بن ثابت، خالد بن سعيد، أبو أيوب الأنصاري، العباس بن عبد المطلب، ثابت بن قيس، أسيد بن حضير، عبد الرحمن بن عوف، أبو جابر عبد الله بن عمرو بن مرام، عمرو بن الجموح، أبي بن كعب، حبيب بن زيد، سعد بن معاذ، سعد بن عبادة، أسامة بن زيد، عبد الرحمن بن أبي بكر، عبد الله بن عمرو بن العاص، أبو سفيان بن الحارث، عمران بن حصين، سلمة بن الأكوع، عبد الله بن عباس، عباد بن بشر، سهيل بن عمرو، أبو موسى الأشعري، الطفيل بن عمرو، عمرو بن العاص، سالم حولى أبي حذيفة.,456 pages,,"September 1, 1964"
315,com نسيان,Ahlam Mosteghanemi,"3.67 avg rating — 29,339 ratings",https://www.goodreads.com/book/show/6621287-com,3.67,"29,339 ratings","2,552 reviews","هذا الكتاب للكاتبة الشهيرة والتي ""صُنّفت من بين النساء العشر الأكثر تأثيراً في العالم العربي، والأولى في مجال الأدب بتجاوز مبيعات كتبها مليونين وثلاثمئة ألف نسخة""، هو ""جردة نسائية ضدّ الذكورة، دفاعاً عن الرجولة، تلك الآسرة التي نباهي بوقوعنا في فتنتها، إذ من دونها ما كنّا لنكون إناثاً ولا نساءً"". بلغتها البليغة الجميلة والمباشرة والواضحة، تعبّر الكاتبة عن حقائق موجودة وواقعية وحسية، لا تتخيل منها شيئا، بل قد تتعدى أحياناً تفاصيل واقعها الفعلي حدود أي خيال رحب، ثم تصل إلى نتائج واستنتاجات وبيانات وأحكام ونصائح مهما اختلفت الاراء في تأثيرها ومفعولها وحكمتها، ومهما تنوعت ردود الفعل عليها، فإن مصدرها صادق وغني ونابع من تجربة ومن فضول ميداني بعيد كل البعد عن التنظير والنظرية، يكشف بالكشافات الضوئية الساطعة كل زوايا وخفايا ما يدور في ساحات مساحات واسعة حقيقية. تشكو الكاتبة من اختفاء رجولة ""الرجال""، بما معناه اختفاء كل الصفات الأخلاقية والعشقية الحميدة التي تتوخاها المرأة منهم، فكيف الخلاص للمرأة في حبها للرجل؟ تجد لها حلا وتنصحها وتدعوها: ""أحبيه كما لم تحب امرأة/ وانسيه كما ينسى الرجال""، هي لا تتوق إلى التماثل مع الرجال ""قليلي الحب""، بصورتهم الحالية المندّد بها، فلتبق المرأة على طبيعتها الأصلية في حبها ومحبتها للرجل، ولتتعلم فقط كيف تكون كالرجال في النسيان. تأتي الكاتبة على ذكر العديد من الشعراء والفلاسفة والكتّاب، وتستشهد بأقوالهم وأحاديثهم التي تقوّي عصب موضوعها وتغنيه: ""لا يمكن حصر عدد الكتّاب الذين، عبر الأزمنة والحضارات وبكل اللغات، عملوا مرشدين عاطفيين للتائهين من العشاق في الأزقة والشوارع الجانبية للحبّ. ليس لي هذا الادّعاء. أنا مجرد ممرضة لا تملك سوى حقيبة إسعافات أوّلية لإيقاف نزيف القلوب الأنثوية عند الفراق "". ""في النهاية، ما النسيان سوى قلب صفحة من كتاب العمر""، لكن قد يكون وزن الصفحة ثقيلا بحيث وجدت الكاتبة لنفسها دوراً في تخفيف هذا الوزن ما استطاعت، بل وقلب الصفحة نيابة عن القارئ. تقول بتواضع وهدف عملي نبيل: ""دعوني أحاول، ربما استطعت قلب صفحتكم هذه. ذلك أنه من الأسهل قلب صفحة الآخرين"". يتضمن الكتاب المرفق بـ C.D بعنوان ""أيها النسيان هبني قبلتك"" من كلمات الكاتبة، وألحان وغناء جاهدة وهبي، عدداً من إشارات الفصول تحمل هذه العناوين: هكذا تورطت في هذا الكتاب، وهاتف النسيان، ونصائح بقطيع من الجمال، وصفات لنسيان رجل، وكما ينسى الرجال، وكمائن الذاكرة، ونساء في مهبّ النسيان، ومن قصص النساء الغبيات، وتانغو النسيان وميثاق شرف أنثوي. كتاب ممتع وملفت ومثير للمعرفة وللجدل في مواضيع تهم القرّاء، فيه الكثير من الحقائق والأحاسيس وجعبة من الاستنتاجات حصيلة تجارب ومراقبة ميدانية للأوضاع بحيث يمكن لأي امرأة، ولأي رجل، الاستفادة من صدقها وواقعيتها","335 pages, Paperback",Arabic,"January 1, 2009"
316,واحة الغروب,Bahaa Taher,"3.82 avg rating — 14,869 ratings",https://www.goodreads.com/book/show/3240691,3.82,"14,869 ratings","1,884 reviews",هذه الرواية حاصلة على الجائزة العالمية للرواية العربية 2008 وقد طبع منها 3 طبعات خلال سنة يعود بهاء طاهر فى روايته الجديدة والبديعة «واحة الغروب» والتى لاقت نجاحا جماهيريا واستحسانا نقديا كبيرا، إلى نهايات القرن التاسع عشر، وبداية الاحتلال البريطانى لمصر. حيث يُرسل ضابط البوليس المصرى محمود عبدالظاهر، والذى كان يعيش حياة لاهية بين الحانات وبنات الليل، إلى واحة سيوة لشك السلطات فى تعاطفه مع الأفكار الثورية لجمال الدين الأفغانى وأحمد عرابى. فيصطحب زوجته الأيرلندية «كاثرين» الشغوفة بالآثار، والتى تبحث عن مقبرة الإسكندر الأكبر، لينغمسا فى عالم جديد شديد الثراء والخصوصية يجبرهما وأهل الواحة على مواجهة أنفسهم فى زمن اختلطت فيه الانتهازية والخيانة والرغبة بالحب والبطولة. تعكس أحداث الرواية أيضا مزجا إبداعيا بين الماضى والحاضر وال.... والموضوعى والتاريخ والواقع يعبر عن هموم الوطن كما يقدم تجربة العلاقة بين الشرق والغرب على المستويين الإنسانى والحضارى بما فيها من صراع وتوافق,"325 pages, Paperback",Arabic,"November 1, 2006"
317,جدد حياتك,Muhammad Al-Ghazali,"4.21 avg rating — 11,905 ratings",https://www.goodreads.com/book/show/3553395,4.21,"11,905 ratings","1,304 reviews",«فى هذا الكتاب مقارنة بين تعاليم الإسلام كما وصلت إلينا، وبين أصدق ما وصلت إليه حضارة الغرب فى أدب النفس والسلوك فى محاولة للكشف عن روعة التقارب وصدق التطابق» .. هذه بعض كلمات المؤلف التى عبر بها عن سبب كتابته لهذا العمل الفريد، خاصة بعد قراءته لكتاب «دع القلق وابدأ الحياة» لديل كارنيجى وقد اعتمد فى هذا العمل على جانبين رئيسين: فهو يعرض نصوص وأحكام الإسلام ويقابل بها كتابات وتجارب وشواهد كارنيجى .. تأكيدًا لقيمة الإسلام ومنهجه فى التعامل مع النفس البشرية فمن القلق إلى الثبات إلى العمل إلى مشكلات الفراغ إلى محاسبة النفس وغيرها حيث تتنوع موضوعات هذا الكتاب تنوعًا ممتعًا.,236 pages,Arabic,"January 1, 1987"
318,عبقرية عمر,عباس محمود العقاد,"4.17 avg rating — 8,283 ratings",https://www.goodreads.com/book/show/3437465,4.17,"8,283 ratings",791 reviews,نبذة موقع النيل والفرات: امتطى العقاد لهذا الكتاب صهوة فكره، بغية الإحاطة بعظمة بطله، فبطله ذو لونٍ جديد، وعبقريته ذات طابع فريد، والكتاب ليس سرداً لسيرة عمر بن الخطاب، ولا عرضاً لتاريخ عصره، وإنما هو وصف له، ودراسة لأطواره، ودلالة على خصائص عظمته، واستفادة من هذه الخصائص لعلم النفس، وعلم الأخلاق، وحقائق الحياة، لذلك ركز العقاد على ما يفيد هذه الدراسة، سواء لديه أكان من حادث صغير أم عظيم. كما أظهر حرجه عندما حاول أن يجاري من يسمون بالكتّاب المنصفين، الذين يقرنون المدائح بالمعايب، ويمزجون النقائص بالمناقب، ولا يأتون بحسنة إلا نقبوا عن سيئة تمحوها، أو تقلل منها، وكأن سّر حرج العقاد، أنه لم يجد عيباً ولا ما يستحق اللوم في حياة عمر وأطواره، مما جعله يتوقع أن يتهم بالمغالاة والتحيز والإعجاب، إذ كيف يحاسب -هو أو غيره- عمر بن الخطاب، وقد كان عمر يحاسب نفسه بأعنف مما كان يمكن أن يحاسبه غيره؟,"240 pages, Paperback",Arabic,"January 1, 1941"
319,في ظلال القرآن,Sayyid Qutb,"4.53 avg rating — 3,543 ratings",https://www.goodreads.com/book/show/3318993,4.53,"3,543 ratings",153 reviews,"خواطر وانطباعات من فترة عاشها سيد قطب في ظلال القرآن دوّنها في هذه المجلدات الستة منطلقاً في ذلك من حقيقة أبدية وهي أن القرآن حقيقة ذات كينونة مستمرة كهذا الكون ذاته، الكون كتاب الله المنظور، والقرآن كتاب الله المقروء، وكلاهما شاهد ودليل على صاحبه المبدع، كما أن كليهما كائن ليعمل. فالكون بنواحيه ما زال يتحرك ويؤدي دوره الذي قدره له بارئه والقرآن كذلك أدى دوره للبشرية، وما يزال هو هو، والإنسان ما يزال هو هو في حقيقته وفي أصل فطرته. وهذا القرآن هو خطاب الله لهذا الإنسان، فيمن خاطبهم الله به، خطاب لا يتغير فهو يخاطبه في أصل فطرته وفي أصل حقيقته، لذا كان لا بد من التمعن أكثر لإدراك المعاني التي رمت إليها سوره وآياته، ولإدراك ما فيه من الحيوية الكامنة لتلقي التوجيه المدخر منه للجماعة المسلمة في كل جيل، وذلك من خلال استحضار سيد قطب في تصوره كينونة الجماعة المسلمة الأولى التي خوطبت بهذا القرآن لأول مرة للعيش معها لتمثلها في بشريتها الحقيقية، وفي حياتها الواقعية، وفي مشكلاتها الإنسانية، وبتأمل قيادة القرآن لها قيادة مباشرة في شؤونها اليومية وفي أهدافها الكلية على السواء، ويرى كيف يأخذ القرآن بيدها خطوة خطوة، لينتقل بعدها إلى الجماعة الإسلامية اليوم المخاطبة بالقرآن في مثل ما خوطبت به الجماعة الأولى، فالبشرية بكل خصائصها المعروفة، تملك الاستجابة للقرآن، والانتفاع بقيادته في ذات الطريق. بهذه النظرة رأى سيد قطب بأن القرآن حياً يعمل في حياة المسلمة الأولى، ويملك أن يعمل في حياة المسلمين اليوم والقرآن هو اليوم معهم وكذلك غداً، وأنه ليس مجرد تراتيل تعبدية بعيدة عن واقع المسلمين المحدد، كما أنه ليس تاريخاً نص وانقضى وبطلت فاعليته وتفاعله مع الحياة البشرية. من هذا المنطلق يمضي سيد قطب في ظلال القرآن يستشف معانيه، يفسر آياته بأسلوب بعيد عن ساليب أئمة التفسير المتقدمين، ملتزماً بروح تفاسيرهم وبجوهرها، ليحاكي عقولاً اختلفت في منهجيتها وبطريقة تفكيرها وتنظيرها للأمور والوقائع عن عقول معاصري أئمة التفسير المتقدمين. حيث يورد السورة معرفاً بها وبعدد آياتها ومكية هي أم مدنية والراجح عنده. ثم يمضي في إيراد الآيات حيث يورد مجموعة من الآيات متتابعة تدور معانيها ضمن السياق نفسه فيأخذ في استشفاف مدلولاتها مجتمعة ليفسرها بعد ذلك آية آية مستنداً إلى المأثور في التفسير وهذا لم يمنعه من إيراد التفسير بلغة معاصرة تدور في معانيها خواطر إيمانية عميقة يعكس من خلالها سيد قطب التوجه التربوي القرآني الذي يأخذ بعين الاعتبار الإنسان بخلجاته وسكناته، بنفسيته وتألباتها ومتطلباتها وأهوائها، وبالمعطيات الآنية والمستقبلية التي تمتد امتداد حياة الإنسان على وجه الأرض. حرك سيد قطب في تفسيره فطرة الإنسان، وأبرز جنوح المسلم عن إدراك المعاني الحقيقية للقرآن وآياته بالحجب التي تقيمها الأهواء والعصبيات والجهل دون تلك الفطرة. ولم يغفل قطب عن استخراج المسائل الفقهية التي حملتها معاني الآيات والآراء الواردة اتفاقاً واختلافاً حولها، ولم تفته اللفتات التربوية عن إبراز النواحي الإعجازية الفنية التي حفلت بها آيات القرآن. لقد شكّل ""في ظلال القرآن"" منعطفاً هاماً في تفسير القرآن، حاك سيد قطب المسلم بلغة معاصرة، بأسلوب يفهمه ويعقله، وبروحية هي أقرب إلى روح العصر الذي غلبت عليه معطيات سياسية، اجتماعية، اقتصادية، إنسانية... عايشها القرآن بآياتها كما عايش روح القرون الماضية، وكما سيعايش القرون القادمة إلى آخر الزمان، واستشفها سيد قطب فجاءت خواطر دوّنها ""في ظلال القرآن"".","4012 pages, Hardcover",Arabic,"January 1, 1971"
320,الأيام,Taha Hussein,"3.65 avg rating — 12,161 ratings",https://www.goodreads.com/book/show/3371137,3.65,"12,161 ratings","1,237 reviews","كتاب ""الأيام"" أشهر من أن يعرّف، وهو بجانب قيمته الأدبية الرفيعة باعتباره طرازاً فريداً من السير الذاتية لشخصية أدبيه قل أن يجود الزمان بمثلها، وصدق وعذوبة وطلاوة أسلوب، وهى مزايا يكاد يستأثر بها، فإن هذا العمل يمهد لإحاطة القارئ بدنيا طه حسين والروافد الفكرية والثقافية التى شكلت مذهبه ومنهجه. وفي هذه الطبعة اجتمعت الكتب الثلاثة في مجلد واحد لتكون باقة من الذكريات والسطور المليئة بالصور التى جادت بها ذاكرة عميد الأدب العربي.","520 pages, Paperback",Arabic,"January 1, 1927"
321,عبقرية محمد,عباس محمود العقاد,"4.13 avg rating — 9,349 ratings",https://www.goodreads.com/book/show/3838932,4.13,"9,349 ratings","1,085 reviews","نبذة المؤلف: إنه لنافع لمن يقدرون محمداً، وليس بنافع لمحمد أن يقدروه؛ لأنه فى عظمته الخالدة لا يضار بإنكار، ولا ينال منه بغى الجهلاء، إلا كما نال منه بغى الكفار.. وإنه لنافع للمسلم أن يقدر محمداً بالشواهد والبينات التى يراها غير المسلم، فلا يسعه إلا أن يقدرها ويجرى على مجراه فيها.. لأن مسلماً يقدر محمداً على هذا النحو يحب محمداً مرتين: مرة بحكم دينه الذى لا يشاركه فيه غيره، ومرة بحكم الشمائل الإنسانية التى يشترك فيها جميع الناس. وحسبنا من ""عبقرية محمد"" أن نقيم البرهان على أن محمداً عظيم فى كل ميزان: عظيم فى ميزان الدين، وعظيم فى ميزان العلم، وعظيم فى ميزان الشعور، وعظيم عند من يختلفون فى العقائد، ولا يسعهم أن يختلفوا فى الطبائع الآدمية، إلا أن يرين العنت على الطبائع فتنحرف عن السواء وهى خاسرة بانحرافها، ولا خسارة على السواء. إن عمل محمد لكاف جد الكفاية لتخويله المكان الأسنى من التعظيم والإعجاب والثناء... إنه نقل قومه من الإيمان بالأصنام إلى الإيمان بالله، ولم تكن أصناماً كأصناه يويان، يحسب للمعجب بها ذوق الجمال إن فاته أن يحسب له هدى الضمير.. ولكنها أصنام شائهات كتعاويذ السحر التى تفسد الأذواق وتفسد العقول..فنقلهم محمد من عبادة هذه الدمامة إلى عبادة الحق الأعلى.. عبادة خالق الكون الذى لا خالق سواه، ونقل العالم كله من ركود إلى حركة، ومن فوضى إلى نظام، ومن مهانة حيوانية إلى كرامة إنسانية، ولم ينقله هذه النقلة قبله ولا بعده أحد من أصحاب الدعوات... إن عمله هذا لكاف لتخويله المكان الأسنى بين صفوف الأخيار الخالدين، فما من أحد يضن على صاحب هذا العمل بالتوقير ثم يجود بالتوقير على اسم إنسان. إلا أننا نمضى خطوة وراء هذا، حين نقول إن التعظيم حق ""لعبقرية محمد"" ولو لم تقترن بعمل محمد.. لأن العبقرية قيمة فى النفس قبل أن تبرزها الأعمال، ويكتب لها التوفيق، وهى وحدها قيمة يغالى بها التقويم.. فإذا رجح بمحمد ميزان العبقرية، وميزان العمل، وميزان العقيدة؛ فهو نبى عظيم وبطل عظيم وإنسان عظيم. وحسبنا من كتابنا هذا أن يكون بناناً تومىء إلى تلك العظمة فى آفاقها، فإن البنان لأقدر على الإشارة من الباع على الإحاطة، وأفضل من عجز المحيط طاقة المشير..","206 pages, Paperback",Arabic,"January 1, 1941"
322,عابر سرير,Ahlam Mosteghanemi,"3.59 avg rating — 14,333 ratings",https://www.goodreads.com/book/show/2501453._,3.59,"14,333 ratings",832 reviews,"كل ما أدريه أنني مذ غادرت الجزائر ما عدت ذلك الصحافي ولا المصوّر الذي كنته. أصبحت بطلاً في رواية، أو في فيلم سينمائي يعيش على أهبة مباغتة؟ جاهزاً لأمر ما.. لفرح طارئ أو لفاجعة مرتقبة. نحن من بعثرتهم قسنطينة، ها نحن نتواعد في عواصم الحزن وضواحي الخوف الباريسي. حتى من قبل أن نلتقي حزنت من أجل ناصر، من أجل اسم أكبر من أن يقيم ضيفاً في ضواحي التاريخ، لأن أباه لم يورثه شيئاً عدا اسمه، ولأن البعض صنع من الوطن ملكاً عقارياً لأولاده، وأدار البلاد كما يدير مزرعة عائلية تربي في خرائبها القتلة، بينما يتشرد شرفاء الوطن في المنافي. جميل ناصر، كما تصورته كان. وجميلاً كان لقائي به، وضمة منه احتضنت فيها التاريخ والحبّ معاً، فقد كان نصفه سي الطاهر ونصفه حياة. كانت شقته على بساطتها مؤثثة بدفء عن استعاض بالأثاث الجميل عن خسارة ما، ومن استعان بالموسيقى القسنطينية ليغطي على نواح داخلي لا يتوقف... رحت أسأل ناصر عن أخباره وعن سفره من ألمانيا إلى باريس إن كان وجد فيه مشقة. ردّ مازحاً: كانت الأسئلة أطول من المسافة! ثم أضاف أقصد الإهانات المهذبة التي تقدم إليك من المطارات على شكل أسئلة قال مراد مازحاً: واش تريد يا خويا.."" وجه الخروف معروف""! ردّ ناص: معروف بماذا؟ بأنه الذئب؟ أجاب مراد: إن لم تكن الذئب، فالذئاب كثيرة هذه الأيام. ولا أرى سبباً لغضبك. هنا على الأقل لا خوف عليك ما دمت بريئاً. ولا تشكل خطراً على الآخرين. أما عندنا فحتى البريء لا يضمن سلامته! ردّ ناصر متذمراً: نحن نفاصل بين موت وآخر، وذلّ وآخر، لا غير. في الجزائر يبحثون عنك لتصفيتك جسدياً. عذابك يدوم زمن اختراق رصاصة. في أوروبا بذريعة إنقاذك من القتلة يقتلونك عرياً كل لحظة، ويطيل من عذابك أن العري لا يقتل بل يجردك من حميميتك ويغتالك مهانة. تشعر أنك تمشي بين الناس وتقيم بينهم لكنك لن تكون منهم، أنت عارٍ ومكشوف ومشبوه بسبب اسمك، وسحنتك ودينك. لا خصوصية لك برغم أنك في بلد حر. أنت تحب وتعمل وتسافر وتنفق بشهادة الكاميرات وأجهزة التنصت وملفات الاستخبارات"".","319 pages, Paperback",Arabic,"January 1, 2003"
323,أمل دنقل: الأعمال الكاملة,أمل دنقل,"4.29 avg rating — 5,727 ratings",https://www.goodreads.com/book/show/5865674,4.29,"5,727 ratings",563 reviews,أن سيفان سيفك صوتان صوتك أنك إن متَ للبيت رب وللطفل أب هل يصير دمى -بين عينيك- ماء؟ أتنسى ردائى الملطخ.. تلبس -فوق دمائى- ثياباً مطرزة بالقصب؟ إنها الحرب قد تثقل القلب.. لكن خلفك عار العرب لا تصالح.. ولا تتوخَ الهرب! لا تصالح على الدم.. حتى بدم! لا تصالح! ولو قيل رأس برأس أكل الرؤوس سواء؟ أقلب الغريب كقلب أخيك؟! أعيناه عينا أخيك؟ وهل تساوى يد... سيفها كان لك بيد سيفها أثكلك؟ جئناك كى تحقن الدم.. جئناك. كن يا أمير- الحكم سيقولون ها نحن أبناء عم قل لهم إنهم لم يراعوا العمومة فيمن هلك وأغرس السيف فى جبهة الصحراء.. إلى أن يجيب العدم. إننى كنت لك. فارساً وأخاً أباَ وملك!,"478 pages, Paperback",Arabic,"January 1, 1987"
324,يوميات نائب في الأرياف,Tawfiq Al-Hakim,"3.90 avg rating — 10,394 ratings",https://www.goodreads.com/book/show/3482579,3.90,"10,394 ratings","1,302 reviews",يوميات نائب في الأرياف، رواية من تأليف توفيق الحكيم، صدرت عام 1937 ترجمت ونشرت بالفرنسية عام 1939 (طبعة أولى) وفى عام 1942 (طبعة ثانية) وفى عام 1974 و1978 (طبعة ثالثة ورابعة وخامسة بدار بلون بباريس وترجم ونشر بالعبرية عام 1945 وترجم ونشر باللغة الإنجليزية في دار (هارفيل) للنشر بلندن عام 1947 -ترجة أبا إيبان- ترجم إلى الأسبانية في مدريد عام 1948 وترجم ونشر في السويد عام 1955، وترجم ونشر بالألمانية عام 1961 وبالرومانية عام 1962 بالروسية 1961. الرواية ألفها توفيق الحكيم يسرد فيها مشاهدات من الحوادث والقصص التي عرضت عليه أثناء عمله في القضاء في أحد مناطق الريف المصري. وتدور أحداث الرواية حول معاناة هذا النائب القادم من القاهرة إلى الأرياف، وكيف يمضي وقته في محاربة البعوض والذباب والاصطدام مع المأمور وكاتب النيابة.,"160 pages, Paperback",Arabic,"January 1, 1937"
325,الفيل الأزرق,Ahmed Mourad,"3.79 avg rating — 65,188 ratings",https://www.goodreads.com/book/show/16031620,3.79,"65,188 ratings","6,288 reviews","بعد خمس سنوات من العُزلة الاختيارية يستأنف د. يحيى عمله في مستشفى العباسية للصحّة النفسية، حيث يجد في انتظاره مفاجأة.. في ""8 غرب""، القسم الذي يقرّر مَصير مُرتكبي الجرائم، يُقابل صديقاً قديماً يحمل إليه ماضياً جاهد طويلاً لينساه، ويصبح مَصيره فجأة بين يدي يحيى.. تعصِف المفاجآت بيحيى وتنقلب حياته رأسًا على عقب، ليصبح ما بدأ كمحاولة لاكتشاف حقيقة صديقه، رحلة مثيرة لاكتشاف نفسه.. أو ما تبقى منها.. يأخذنا أحمد مراد في روايته الثالثة إلى كواليس عالم غريب قضى عامين في دراسة تفاصيله، رحلة مثيرة مستكشف فيها أعمق وأغرب خبايا النفس البشرية..","386 pages, Paperback",Arabic,"January 1, 2012"
326,عصر العلم,Ahmed H. Zewail,"3.79 avg rating — 4,960 ratings",https://www.goodreads.com/book/show/2244796._,3.79,"4,960 ratings",524 reviews,"هذا الكتاب هو محاولة لفهم طبيعة هذا العصر، من العلم إلى ما وراء العلم..من إيرادات سياسية وطاقات اجتماعية وثقافات للشعوب. وعليه..فأن هذا الكتاب يجمع بين تجربة المؤلف الذاتية فى ""عصر من العلم"" ورؤيته الشخصية للعالم فى ""عصر العلم""7 This book is listed by","261 pages, Paperback",Arabic,"January 1, 2005"
327,أرض النفاق,يوسف السباعي,"4.08 avg rating — 7,681 ratings",https://www.goodreads.com/book/show/2927732,4.08,"7,681 ratings",971 reviews,هذه قصة النفاق والمنافقين وأرض النفاق ،قصة قد يكون فيها بعض الشطط وبعض الخيال ، ولقد كنت أنوي أن اختمها كما يختم كتاب القصة عادة قصصهم الخيالية على أنها حلم ، وعلى انى فتحت عينى فوجدت نفسى راقدا على الآريكة في الدار ولكن يخيل إلى أن ما بها من حقائق قد طغى على ما بها من خيال. يا أهل النفاق !! تلك هى أرضكم .. وذلك هو غرسكم ... ما فعلت سوى أن طفت بها وعرضت على سبيل العينة بعض ما بها.. فإن رأيتموه قبيحا مشوها ، فلا تلوموني بل لوموا أنفسكم ... لو موا الأصل ولا تلوموا المرآة . أيها المنافقون !! هذه قصتكم ، ومن كان منكم بلا نفاق فليرجمني بحجر.,"286 pages, Paperback",Arabic,"January 1, 1949"
328,في عينيك عنواني,فاروق جويدة,"4.06 avg rating — 3,144 ratings",https://www.goodreads.com/book/show/3280282,4.06,"3,144 ratings",249 reviews,قصائد,"155 pages, Paperback",Arabic,"January 1, 1990"
329,هكذا علمتني الحياة,مصطفى السباعي,"3.96 avg rating — 4,396 ratings",https://www.goodreads.com/book/show/2750285,3.96,"4,396 ratings",384 reviews,يعد هذا الكتاب مجموعة من الخواطر الخاصة بالمؤلف الجليل ، والتي كتبها في فترات متقطعة كانت تدفع إلى كتابتها مناسبات الأحداث ولقد دونت هذه الخواطر كما وردت ، غير مرتبة ولا مبوبة ويردف بعضها بعضا ، فالكتاب يعرضها كما هي حتى تعطي صورة صادقة للمواقف التي كتبت لها ، وهذه الخواطر هي خلاصة تجارب المؤلف في الحياة ، ولم ينقل شيئا من كتاب ولا استعان فيها بآراء غيره ، فالكتاب يقدم خبرة ونصحا من الحياة نفسها ، فخير النصح ما أعطته الحياة نفسها ، وأبلغ الموعظة ما اتصل بتجارب الحياة ذاتها ، وهذه الخواطر لا تتحدث عن المعاني الدقيقة التي تخطر في بال الفلاسفة ، وإنما كتبت بعيدة عن التعقيد والغموض ، وتشتمل هذه الخواطر على معان كثيرة نظرا لعمومها ، وتركت هكذا حتى يفهمها القارئ أو يفهم منها ما يشاء ما دام لفظها يحتمل فهمه ويدل عليه ، والخواطر قد تتناول فئات من الناس ، لم يقصد بها أشخاصا معينين ، وإنما قصدت كل من اتصف بتلك الصفات ، فالخواطر المتعلقة بهم خواطر نحو صفات معينة لا أشخاص معينين .,368 pages,,"January 1, 1997"
330,رأيت رام الله,Mourid Barghouti,"4.21 avg rating — 19,129 ratings",https://www.goodreads.com/book/show/3243517,4.21,"19,129 ratings","3,488 reviews","""رأيت رام الله"" كتاب فاز بجائزة نجيب محفوظ للإبداع الأدبي (1997) هل هي رام الله سرّ الإبداع المحقق!! أم أنها الثلاثون عاماً من الغربة أشعلت في القلب الحنين والاشتياق إلى ساكني رام الله!! أم أنه الوطن المحرم المنتظر على مشارف جسر العبور... جسر العودة ذاك الذي سكن في ذاكرة مريد البرغوثي بصرير خشبة، وبضيق مساحته وقصر طوله. هو ذاك الجسر القصير مشت عبره الذاكرة إلى ذاك الأفق الرحب المشبع برائحة الأهل والمترع بالصور القديمة الساكنة في الوجدان. مريد البرغوثي فاز بجائزة عبوره ذلك الجسر الخشبي الصغير وكأنه بتجاوزه تمكن من المثول أمام أيامه، وجعل أيامه تمثل أمامه، يلمس تفاصيل منها بلا سبب مهملاً منها تفاصيل أخرى بلا سبب، مثرثراً لنفسه عمراً كاملاً، في يوم عودته ومن حوله يحسبون أنه في صمت عبر الجسر المحرم عليه بعد ثلاثين عاماً، وفجأة انحنى ليلملم شتاته، كما يلمّ جهتي معطفه إلى بعضها في يوم من الصقيع والتلهف. أو كما يلملم تلميذ أوراقه التي بعثرها هواء الحقل وهو عائد من بعيد. وعلى مخدعه في تلك الليلة، ليلة العودة-لملم النهارات والليالي ذات الضحك، ذات الغضب، ذات الدموع، ذات العبث، وذات الشواهد الرخامية التي لا يكفيه عمر واحد لزيارتها جميعاً، من أجل تقديم الصمت والاحترام، وفي غمرة كل ذلك الروح شاحبة، والنفس ذابلة، وسؤال يقفز، ما الذي يسلب الروح ألوانها والنفس أنغامها؟!! وما الذي، غير قصف الغزاة أصاب الجسر؟. لملم مريد البرغوثي كل ذلك ليحكي في كتابه هذا رحلة عذاب فلسطين من خلال أسلوب قصصي شاعري رائع، جسد صدقه الإنساني المعذب والجميل.","263 pages, Paperback",Arabic,"January 1, 1997"
331,لافتات - المجموعة الكاملة,أحمد مطر,"4.33 avg rating — 4,204 ratings",https://www.goodreads.com/book/show/6145314--,4.33,"4,204 ratings",373 reviews,أحمد مطر شاعر حقيقي في زمن امتلأ بالشعارات الجوفاء وأصحابها الدهناء .. لم يكتب في الغناء أو يهتف للسلطان.. وإنما وجه كلماته وأشعاره لكل موطن فيه ظلم او عدوان ، وبرغم منفاه وأمراضه في الغربة إلا أنه صامد لا يزال يطلق الرصاص من فوهة قلمه. في هذا الكتاب أعمال (أحمد مطر ) الكاملة... لافتات صريحة مكثفة في صفحات المجلات والكتب واحتواها هذا الكتاب. إنه كتاب نقدمه لسكان الوطن العربية وصاحبه الذي لم يهنأ له عيش فذاب وانصهر في مأسى الوطن العربي برغم وداعه ومفارقته للأراضى العربية.,"812 pages, Hardcover",Arabic,"December 19, 1996"
332,كيف أصبحوا عظماء؟,سعد سعود الكريباني,"4.09 avg rating — 5,718 ratings",https://www.goodreads.com/book/show/2854462,,,,,,,
333,الأعمال الشعرية الكاملة,Mahmoud Darwish,"4.46 avg rating — 2,688 ratings",https://www.goodreads.com/book/show/6718801,4.46,"2,688 ratings",138 reviews,"عندما تهاجر أسراب السنونو مواطنها... تسمع في حفيف أجنحتها صوت موسيقى شعره... وعندما تقرأ محمود درويش... تسمع في سطوره... في معانيه أناشيد تلك الطيور المهاجرة... فتدرك أن تلك الطيور لم تكن تغني لتطرب... بل لتبوح بلوعة الحنين... ولتبكي مأساة الهجرة... ومحمود درويش لا ينظم شعراً... بل من معانيه تتناهي قصائد... فتتهادى الكلمات... تشد بعضها بعضاً... في تلقائية فطرية... ينغمس فيها الإحساس... تتماهى فيه ومعه... وترحل بعيداً في عالم قصائده... وتحس بكل لوعات التشرد وما معنى أن يكون الإنسان بلا وطن... ""وماذا جَنَيْنا يا أمّاه حتى نموت مرتين... هل تعلمين ما الذي يملأني بكاءً؟... هَبي مرضت ليلةً... وهَدَّ جِسْمِي الداء... هل يذكر المساء مهاجراً أتى هنا... ولم يعد إلى الوطن؟ هل يذكر المساء... مهاجراً مات بلا كفن..."" هكذا تنساب معانيه... تتداخل في الذات، ومجلدات تذوب في كلماتها المأساة... حيناً... أنيناً ألماً وشوقاً... فكل كلمة أهة... وكل عبارة صرخة... وكل قصيدة مدائن حزن وطن ساكن في الوجدان... وشعره... وطنه ألفباءه... بدايته وطن مسلوب في وضح النهار... ونهايته تشرد وحنين... وأهل بلا أبناء... وأولاد بلا أوطان... وإنسان بلا عنوان...",675 pages,Arabic,"January 1, 1973"
334,ديوان الإمام الشافعي,محمد بن إدريس الشافعي,"4.44 avg rating — 5,266 ratings",https://www.goodreads.com/book/show/2168850._,4.44,"5,266 ratings",611 reviews,يضم هذا الكتاب بين دفتيه كل ما وصل إلينا من شعر (الإمام الشافعي) هذا الشعر الذي يتسم بالسمة الأخلاقية؛ ولا غرابة في ذلك فهو العالم الفقيه الحافظ المحدث؛ الذي شغلته العلوم القرآنية والدينية عن سواها إلا ما جاء صاباً في الناحية الخلقية أو جانب الدعاء والابتهال أو مورداً حكمة أو مثلاً. وهكذا فإن شعر الشافعي ذو طعم ورائحة يختلفان عن شعر الشعراء الآخرين التقليديين... إنه شعر رجل الدين الذي يقول الشعر ناصحاً موجهاً مؤدباً، ولذا فقد قال الشعر مفتخراً بمقدرته على القريض غير أن الشعر في نظره يزرى بالعلم. ومع ذلك فقد جاء شعر الشافعي في أغراض متعددة تنبع من أفكاره، الداعية إلى الله جلّ جلاه، ورسوله صلى الله عليه وسلم، وقد وسمت قصائده بسمة السهولة والبساطة في التعبير والأسلوب.,"218 pages, Paperback",Arabic,"January 1, 820"
335,The Prophet,Kahlil Gibran,"4.23 avg rating — 333,601 ratings",https://www.goodreads.com/book/show/2547.The_Prophet,4.23,"333,600 ratings","17,524 reviews","Kahlil Gibran’s masterpiece, The Prophet, is one of the most beloved classics of our time. Published in 1923, it has been translated into more than twenty languages, and the American editions alone have sold more than nine million copies. The Prophet is a collection of poetic essays that are philosophical, spiritual, and, above all, inspirational. Gibran’s musings are divided into twenty-eight chapters covering such sprawling topics as love, marriage, children, giving, eating and drinking, work, joy and sorrow, housing, clothes, buying and selling, crime and punishment, laws, freedom, reason and passion, pain, self-knowledge, teaching, friendship, talking, time, good and evil, prayer, pleasure, beauty, religion, and death.","127 pages, Paperback",English,"January 1, 1923"
336,The Yacoubian Building,Alaa Al Aswany,"3.72 avg rating — 23,456 ratings",https://www.goodreads.com/book/show/128711.The_Yacoubian_Building,3.72,"23,456 ratings","2,074 reviews","This controversial bestselling novel in the Arab world reveals the political corruption, sexual repression, religious extremism, and modern hopes of Egypt today. All manner of flawed and fragile humanity reside in the Yacoubian Building, a once-elegant temple of Art Deco splendor now slowly decaying in the smog and bustle of downtown Cairo: a fading aristocrat and self-proclaimed ""scientist of women""; a sultry, voluptuous siren; a devout young student, feeling the irresistible pull toward fundamentalism; a newspaper editor helplessly in love with a policeman; a corrupt and corpulent politician, twisting the Koran to justify his desires. These disparate lives careen toward an explosive conclusion in Alaa Al Aswany's remarkable international bestseller. Teeming with frank sexuality and heartfelt compassion, this book is an important window on to the experience of loss and love in the Arab world.","256 pages, Paperback",English,"January 1, 2002"
337,وحي القلم,مصطفى صادق الرافعي,"4.35 avg rating — 4,968 ratings",https://www.goodreads.com/book/show/2932708,4.35,"4,968 ratings",383 reviews,"كتاب وحي القلم عمل أدبي لمصطفى صادق الرافعي، ويعتبر من أجمل ما كتبه الرافعي، يتكون الكتاب من ثلاثة أجزاء هي عبارة عن مجموعة من مقالاته النقدية والإنشائية المستوحاة من الحياة الاجتماعية المعاصرة والقصص والتاريخ الإسلامي المتناثرة في العديد من الصحف والمجلات المصرية المشهورة في مطلع القرن الماضي مثل: الرسالة، وجريدة المؤيد والبلاغ والمقتطف والسياسة وغيرها. يجمع الكتاب كل خصائص الرافعي الأدبية متميزة بوضوح في أسلوبه, كذلك يجمع كل خصائصه العقلية والنفسية متميزة بوضوح في موضوعه, ففيه خلقه ودينه, وفيه شبابه وعاطفته, وفيه تزمته ووقاره, وفيه فكاهته ومرحه, وفيه غضبه وسخطه, فمن شاء أن يعرف الرافعي عرفان الرأي والفكرة والمعاشرة فليعرفه في هذا الكتاب. بدأ الرافعي في كتابة هذه المقالات في عام 1934 كل أسبوع بصيغة مقالة أو قصة، ليتم نشرها أسبوعياً في مجلة الرسالة تناول الكتاب مواضيع اجتماعية وأخرى عن الوصف والحب، كما فيه مواضيع توضح ما التبس من حقائق الإسلام وآدابه وخلفياته وبعض جماليات القرآن ينتزع من الدنيا حقائقها، ويرسلها ضمن نصوص صيغت بصيغة القصة التي تنزع إلى لفت نظر القارئ إلى المغزى.","1050 pages, Hardcover",Arabic,"January 1, 1937"
338,مصرائيل,أحمد جمال الدين رمضان,"4.62 avg rating — 1,144 ratings",https://www.goodreads.com/book/show/197003394,,,,,,,
339,Impasse des deux palais,Naguib Mahfouz,"4.20 avg rating — 23,000 ratings",https://www.goodreads.com/book/show/84073625-impasse-des-deux-palais,4.20,"23,000 ratings","2,686 reviews","« La rue d’al-Nahhasin n’était pas une rue calme… La harangue des camelots, le marchandage des clients, les invocations des illuminés de passage, les plaisanteries des chalands s’y fondaient en un concert de voix pointues… Les questions les plus privées en pénétraient les moindres recoins, s’élevaient jusqu’à ses minarets… Pourtant, une clameur soudaine s’éleva, d’abord lointaine, comme le mugissement des vagues, elle commença à s’enfler, s’amplifier, jusqu’à ressembler à la plainte sibilante du vent… Elle semblait étrange, insolite, même dans cette rue criante… » N. M. C’est dans les rues du Caire que Naguib Mahfouz, le « Zola du Nil », a promené son miroir et capté toutes les facettes d’une société égyptienne en pleine évolution. Impasse des deux palais est le premier volume d’une trilogie qui comporte également Le Palais du désir et Le Jardin du passé. Naguib Mahfouz est le premier écrivain de langue arabe à avoir reçu, en 1988, le prix Nobel de littérature.","pages, Poche",French,"January 1, 1956"
340,حديث الصباح والمساء,Naguib Mahfouz,"3.95 avg rating — 7,944 ratings",https://www.goodreads.com/book/show/3495914,3.95,"7,944 ratings",972 reviews,"هى رواية كل كائن وإنسان على وجه الأرض... نفس البداية والنهاية.. لا يختلف فيها صبى عن رجل عن امرأة عن فتاة مهما اختلفت وتباينت الأحداث. فهذا ""أحمد عطا المراكيبي"" العملاق ذو الجسم الطويل المنبسط .. يباشر الأعمال ويتولى المهام ويرجع في نهاية المطاف مثقل الأجفان ويسلم روحه منتصف الليل ، وأيضا ""حليم عبد العظيم داود"" ولد في أحضان الترف والغنى وهزمه المرض الذي أسلمه إلى الموت.. و"" صديقة "" ، ""رشوانة"" ، "" معاوية"" ، ""بليغ"".. وغيرهم ممن استعرض حياتهم في هذا الكتاب المبدع ونجيب محفوظ"" وكان من خلال تصويره لهم يصور حياة البشر أجمعين .. ويعلنها عالية واضحة لا فرار منها .. يعلن أن الحياة كما تبدأ بصرخة وليد تنتهى بشهقة الموت.. فهذه القصص جمعت من الأهل والأقارب و الآباء والأبناء ما يترجم هذه الفكرة ويجسدها أمام قارئ الراوية.. و في بساطة الفكرة وتكرار أحداثها مع شخصها.. كان عمق الفلسفة وإصرارها التى أرادها أديب نوبل .. أنها ليست قصة بعض الأشخاص وإنما هى قصة الحياة والموت والفلسفة التي تصدر منها والبلاغة التي تصيغ حبات الأحداث ودرر الكلم في مزيج أخرج من المعتاد شرابا جديدا لن نمل الإستمتاع به رشفة رشفة. تحميل رواية حديث الصباح والمساء لنجيب محفوظ من هذا الرابط http://goo.gl/IGK2St","216 pages, Paperback",Arabic,"January 1, 1987"
341,The Arabian Nights,Anonymous,"4.02 avg rating — 82,488 ratings",https://www.goodreads.com/book/show/93101.The_Arabian_Nights,,,,,,,
342,الفوائد,Ibn Qayyim Al-Jawziyya,"4.51 avg rating — 4,679 ratings",https://www.goodreads.com/book/show/3827274,4.51,"4,679 ratings",443 reviews,"هذا كتاب في الوعظ فريد من نوعه؛ حيث إنه يشتمل على التفسير والحكم والطرائف والآراء والنظرات الفلسفية في مختلف شئون الدنيا والدين، وكثيرًا ما يتناول فيه المصنف آية أو جزء آية فيفسرها تفسيرًا لم يسبقه أحد إليه، أو جزءًا من حديث أو حتى كلمة فيه فيبرع في إخراج المعاني القيمة والحكم المفيدة بسبك رائع وأسلوب عظيم راق؛ فقد اشتمل الكتاب على فوائد منثورة حول الإيمان والإسلام والقرآن ومعرفة الله والتوبة والأخلاق، وفضائل السور ومعاني القرآن والاعتقاد، وفوائد حول الأحاديث المختلفة، وحقيقة الدنيا، وحقيقة الآخرة، وفوائد مستفادة من سيرة النبي صلى الله عليه وسلم رابط التحميل: http://www.waqfeya.com/book.php?bid=1781 This book, Al-Fawaid: A Collection of Wise Sayings is one of the well-known compilations of Imam Shams Ad-Dm Ibn Qayyim Al-Jawziyyah, who is well known by the name Ibn Al-Qayyim (may Allah have mercy upon him). This blessed book is not like others that simply contain sections, chapters and themes, but it consists of the elevated thoughts that Allah, Exalted be He, bestows upon some of His servants as He wills. So whenever any of these scattered pearls of wisdom occurred to the Imam, he would immediately record them. I am sure that he did not sit down and write this book in one or two weeks, but surely it was developed over a long period of time. Whenever something came to his mind, he would record it, and whenever he learnt a lesson or anything crucial in his life, he would illuminate the lines of his page with the ink of his pen.",,,"January 1, 1350"
343,مقدمة ابن خلدون,Ibn Khaldun,"4.31 avg rating — 5,011 ratings",https://www.goodreads.com/book/show/2312486._,,,,,,,
344,رياض الصالحين من كلام سيد المرسلين,يحيى بن شرف النووي,"4.66 avg rating — 7,509 ratings",https://www.goodreads.com/book/show/2939264,,,,,,,
345,قمر على سمرقند,Mohamed Mansi Qandil,"3.87 avg rating — 14,128 ratings",https://www.goodreads.com/book/show/5607622,,,,,,,
346,شكلها باظت,عمر طاهر,"3.50 avg rating — 9,012 ratings",https://www.goodreads.com/book/show/3692151,,,,,,,
347,Season of Migration to the North,Tayeb Salih,"3.72 avg rating — 34,395 ratings",https://www.goodreads.com/book/show/669780.Season_of_Migration_to_the_North,,,,,,,
348,العنكبوت,Mostafa Mahmoud,"3.83 avg rating — 13,771 ratings",https://www.goodreads.com/book/show/3790931,,,,,,,
349,الطنطورية,Radwa Ashour,"4.36 avg rating — 29,308 ratings",https://www.goodreads.com/book/show/8239301,,,,,,,
350,ما فعله العيان بالميت,Belal Fadl,"3.46 avg rating — 7,195 ratings",https://www.goodreads.com/book/show/5971096,3.46,"7,195 ratings",625 reviews,"يقول الكاتب الساخر بلال فضل في تقديم هذا الكتاب: ""طلبتْ مني دار الشروق مشكورة مأجورة أن أكتب نبذة عن نفسي كما جرت العادة، التي يزعم أهل دار الشروق أنها عادة حسنة، وأزعم أنا أنها ليست كذلك. الكذب خيبة، هذا ليس موقفًا مبدئيًّا ضد حق النبذة في الوجود، فالحقيقة ببساطة أنني بعد لأي ""لأيت"" نفسي عاجزًا بالجملة والقطاعي عن كتابة تلك النبذة المتمنعة، وأنا الذي ما شكوت يومًا بفضل الرب من كتابة نُبَذ الغريب قبل نُبَذ القريب. لذلك وبدلا من إعلان فشلي قررت أن أتمرد على مشيئة دار الشروق فأنبذ فكرة كتابة أي نبذة عن نفسي، ليس غرورًا لا سمح الله ولا ثقة إن شاء الله، بل لسبب بسيط، هو أنك بعون الله لو قرأت قصصي التي تضمها هذه المجموعة ولم تعجبك فلن تجدي أي نبذة في الدنيا في تعويضك عن وقتك الذي ضاع وفلوسك التي راحت، ولن تكون بحاجة إلى مَنْ يقول لك نبذة عن المؤلف، بل إلى من يشد على يدك ويقول لك عَوَضك على الله. أما إذا قرأت قصصي وأعجبتك كما أظن، فأظن عيبًا جدًّا أن تطلب بعد ذلك نبذة عني. وفي الحالتين، حصلتْ لنا البركة","127 pages, Paperback",Arabic,"November 1, 2008"
351,عزازيل,Youssef Ziedan,"4.03 avg rating — 52,390 ratings",https://www.goodreads.com/book/show/3554772,,,,,,,
352,كزهر اللوز أو أبعد,Mahmoud Darwish,"4.07 avg rating — 6,343 ratings",https://www.goodreads.com/book/show/2073853._,4.07,"6,343 ratings",720 reviews,في هذا الكتاب يبدو أن محمود درويش ما زال قادراً على الإدهاش ومنح الشعر العربي مزيداً من الأناقة والجاذبية المسيطرة في وقت يتراجع فيه ذلك الشعر ويسترسل في هذيانية بائسة وجهل مطبق. هنا يسأل درويش الشعر ويقيم حواجز للبلاغة وينقضّ على العبارة المعلبة في تمرد أسلوبي على المعنى والصورة في سياق اختراق للمفاهيم المتعارف عليها والمكررة والمملة. إنها أسئلة الشعر الأصلية من السرير وفاتورة الكهرباء إلى نخلة السومرية إلى نيويورك إلى وردة أريحا.. ونحن نلهث وراء الشاعر الذي يسابق الزمن ويحاول المستحيل http://www.4shared.com/office/WfT0HKV...,202 pages,Arabic,"January 1, 2005"
353,الحب في المنفى,Bahaa Taher,"3.82 avg rating — 6,751 ratings",https://www.goodreads.com/book/show/3437956,,,,,,,
354,الأسود يليق بك,Ahlam Mosteghanemi,"3.62 avg rating — 64,960 ratings",https://www.goodreads.com/book/show/16081961,,,,,,,
355,رحلتي الفكرية في البذور والجذور والثمر: سيرة غير ذاتية غير موضوعية,عبد الوهاب المسيري,"4.39 avg rating — 4,787 ratings",https://www.goodreads.com/book/show/3831344,,,,,,,
356,ماذا حدث للمصريين؟,Galal Amin,"3.94 avg rating — 4,455 ratings",https://www.goodreads.com/book/show/3438912,,,,,,,
357,زمن الخيول البيضاء,Ibrahim Nasrallah,"4.43 avg rating — 11,336 ratings",https://www.goodreads.com/book/show/6219415,4.43,"11,336 ratings","2,260 reviews","متزامنة مع الذكرى الستين لاحتلال فلسطين, تصدر (زمن الخيول البيضاء) رواية ملحمية استثنائية يتوج بها الشاعر والروائي إبراهيم نصرالله مشروعه الروائي الكبير ( الملهاة الفلسطينية ) الذي بدأ العمل عليه منذ عام 1985 , و الذي صدر منه ست روايات لكل رواية أجواؤها الخاصة بهاو شخوصها و بناؤها الفني و استقلالها عن الروايات الأخرى يتأمل نصرالله في هذا المشروع 125 عاما من تاريخ الشعب الفلسطيني برؤية نقدية عميقة و مستويات فنية راقية , انطلاقا من تلك الحقيقة الراسخة التي عمل عليها دائما و التي تقول بأن إيماننا بالقضايا الكبيرة يحتم علينا إيجاد مستويات فنية عالية للتعبير عنها","511 pages, Paperback",Arabic,"January 1, 2007"
358,الأندلس التاريخ المصور,طارق السويدان,"4.18 avg rating — 2,723 ratings",https://www.goodreads.com/book/show/2498049._,,,,,,,
359,في صالون العقاد كانت لنا أيام,أنيس منصور,"4.09 avg rating — 3,200 ratings",https://www.goodreads.com/book/show/3599532,,,,,,,
360,كيف تخطط لحياتك,صلاح الراشد,"3.88 avg rating — 1,772 ratings",https://www.goodreads.com/book/show/2422709._,3.88,"1,772 ratings",228 reviews,"يرى الدكتور صلاح الراشد أن السعداء الناجحين في التاريخ والحاضر هم أصحاب رسالة ورؤية، وأن الرسالة متعلقة بالسعادة والرؤية متعلقة بالنجاح ، ومن كان ذا رسالة نال السعادة، ومن كان ذا رؤية نال النجاح، ومن جمع بين الرسالة والرؤية جمع بين السعادة والنجاح. ويقول أن القاعدة تنص على:"" أنك إذا فشلت في التخطيط فقد خططت للفشل، وأنك إذا لم تخطط لحياتك أصبحت من ضمن مخططات الآخرين تلقائياً"". ويذكر أن ما نسبته أقل من 3% هم الذين يخططون فقط في الدنيا اليوم، وأن نسبة الأغنياء 1%، والمكتفين مادياً 4% فقط، ونسبة السعداء أقل من 3% في الدنيا، وهذه النسبة من الأغنياء والسعداء محصورة في الذين يخططون فقط. ويرى الراشد أنه من الخطورة أن يكون الإنسان بدون رسالة ورؤية، فضلاً عن المؤسسة والدولة والأمة، وأن عشرين ألفاً بخطة محكمة يكفون ليقوموا أمة عظيمة، وهو يدعو الأمة ـ الآن ـ لوضع رسالتها ورؤيتها ـ على الأقل ـ للمستوى الشخصي. في هذا الكتاب الفريد في طرحه وطريقته العملية يأخذك د. صلاح الراشد خطوة بخطوة لعمل التالي : رسم رسالتك في الحياة. وضع رؤية ال ""500 سنة"". حديد مخطط العشرين سنة. تحديد الخطة الخمسية. تعلم المتابعات الأسبوعية واليومية. تحديد رؤية الآخرة. كتابة خطة حياتك. تحديد الخطة العشرية. تحديد الخطة السنوية. سوف تخلص في نهاية الإصدار إلى وضع رسالة واضحة، ورؤية إستراتيجية محددة، تمنحك سبباً للحياة، وتعطيك راحة بعد الممات. في خلال هذا الكتاب سوف تكتب سيناريو حياتك، الذي حتماً سيتحقق وفق خطط. إننا نحقق يومياً ما خططناه بالأمس بعلم وبغير علم. في هذا الكتاب سوف تتعلم كيف تصنع حياتك بعلم. بيع من هذا الكتاب أكثر من 100.000 نسخة حتى الآن.",192 pages,Arabic,"January 1, 2001"
361,أعجب الرحلات في التاريخ,أنيس منصور,"3.99 avg rating — 3,503 ratings",https://www.goodreads.com/book/show/6083214,,,,,,,
362,ديوان المتنبي,أبو الطيب المتنبي,"4.39 avg rating — 2,504 ratings",https://www.goodreads.com/book/show/6348484,4.39,"2,504 ratings",172 reviews,ديوان المتنبي كان المعري أول من جمعه في كتابه معجز أحمد فيه ما صح أنه للمتنبي، أفضل شعراء العرب قولا، و أجودهم معنى يحتوى ديوانه على أرقى المدحيات و أعنف الفخريات التي قيلت في تاريخ الشعر العربي,"444 pages, Hardcover",Arabic,"January 1, 1983"
363,نقطة النور,Bahaa Taher,"3.85 avg rating — 6,710 ratings",https://www.goodreads.com/book/show/2877205,3.85,"6,710 ratings",999 reviews,"يفتح بهاء طاهر نوافذ الفكر مشرعة على الاستقراءات الاجتماعية وحتى التاريخية ويدني القارئ أكثر وأكثر للاشتفافات الروحية. تنطلق عباراته شفافة في مدى الجانب الصوفي، وتأتي معانيه مترعة بالشوق واللهفة إلى بلوغ مراتب السموّ على دروب معالج السالكين. تتآلف هذه كله دونما نفور عند انعطافه للحديث عن الجسد وعن الإنسان بحالاته البشرية. وتتخذ هذه كلها لتشكل نقطة نور تضيء النفس بروعة الخيال الروائي المحتفل بعرس الحياة. هكذا يتحف بهاء طاهر القارئ بروايته ""نقطة النور"" المستمدة من واقع الحياة، ونقطة النور إنما هي رمز فلسفي يجسد فكرة تصالح الإنسان مع ذاته. الناس أجناس و النفوس لباس، و من تلبّس نفسا من غير جنسه.. وقع في الالتباس","302 pages, Paperback",Arabic,"January 1, 1999"
364,ليالي ألف ليلة,Naguib Mahfouz,"4.11 avg rating — 10,149 ratings",https://www.goodreads.com/book/show/5996777,4.11,"10,149 ratings","1,519 reviews",ليالي ألف ليلة وليلة معاصرة... ومملكة شهريار مدائن معاني تضج في خيال نجيب محفوظ... وشهرزاد رمزاً ينسحب... يتسلل من الماضي كاسم ليكون شهرزادات وليكون شهريار شهريارات ولتأتي الحكاية حكاية كل زمان وكل مكان... تحدث بالقهر... بالتسلط والمعاناة.... ويقف نجيب محفوظ خلف سطوره... وبين ثنايا معانيه يحركها وكأنه الواقف خلف ستار مسرح الدمى... يحرك عرائسه... يبدل أثوابها... يزخرفها... يلونها بألف لون ولون... ليغدو القارئ المشاهد أسير عالمه ويعود بذاكرته إلى الوراء... ليدنو إلى ما يسفر عنه الحاضر,"298 pages, Paperback",Arabic,"January 1, 1979"
365,تلك العتمة الباهرة,Tahar Ben Jelloun,"4.26 avg rating — 13,706 ratings",https://www.goodreads.com/book/show/3127736,4.26,"13,706 ratings","2,606 reviews",إذا أردتَ أن تعلَمَ قسوةَ السجّان، وتواطؤ السجن عليك، فأسأل سجين، أو ذويه إذا أردتَ أن تتذوَق صِدق المعاناة، وتتذوّق طعمَ الحياة الآخَر، فرجاءً لا تقرأ رواية عن الحبّ السرمديّ، ولكِن إقرأ في أدبِ السجون رواية الطاهر بن جلّون هذه، مقتبسة عن الحقيقة، يرو,"223 pages, Paperback",Arabic,"January 1, 2001"
366,دماغي كده,Ahmed Khaled Towfik,"3.88 avg rating — 3,956 ratings",https://www.goodreads.com/book/show/6774781,3.88,"3,956 ratings",307 reviews,مجموعة من المقالات المتنوعة للرائع أحمد خالد توفيق تنتاول أحوالنا الاجتماعية والسياسية والعلمية والفنية بأسلوبه الساخر المميز .. قد نتفق أو نختلف حول الآراء المطروحة خاصة السياسية منها لكنها تظل جولة ممتعة فى دماغ المؤلف.,"286 pages, Mass Market Paperback",Arabic,"January 1, 2008"
367,البخلاء,Al-Jahiz,"3.81 avg rating — 3,411 ratings",https://www.goodreads.com/book/show/6315308,3.81,"3,411 ratings",395 reviews,يتناول الجاحظ في كتابه صفة البخل من خلال مجموعة من القصص والحكايات والنوادر الطريفة والمضحكة التي تصف سلوك وتصرفات البخلاء الذين قابلهم في حياته. لم يكن هدفه مجرد السخرية، بل كان يهدف إلى نقد هذه الصفة السلبية وأثرها على الفرد والمجتمع، وتشجيع القيم الأخلاقية مثل الكرم. يتميز أسلوب الجاحظ في الكتاب بما يلي: الواقعية والوصف الدقيق: يصور الجاحظ البخلاء تصويراً واقعياً وحسياً ونفسياً، مبرزاً حركاتهم ونظراتهم القلقة أو المطمئنة. الفكاهة والسخرية: يستخدم الجاحظ أسلوباً ساحراً وساخراً لجعل القارئ يضحك من هؤلاء الشخصيات دون أن يكرههم. الحوار الحي: يعتمد الكاتب على كثرة استخدام أسلوب الحوار بين الشخصيات، ممزوجاً أحياناً بألفاظ عامية لتقريب الصورة الحسية من ذهن القارئ. الدراسة الاجتماعية: يعتبر الكتاب وثيقة تاريخية هامة تعكس الحياة الاجتماعية والثقافية في ذلك العصر.,259 pages,Arabic,"January 20, 1969"
368,الروح,Ibn Qayyim Al-Jawziyya,"4.15 avg rating — 3,648 ratings",https://www.goodreads.com/book/show/2750303,,,,,,,
369,خلق المسلم,Muhammad Al-Ghazali,"4.39 avg rating — 4,462 ratings",https://www.goodreads.com/book/show/6048350,,,,,,,
370,كتاب مالوش اسم,أحمد العسيلي,"3.38 avg rating — 7,124 ratings",https://www.goodreads.com/book/show/6681613,3.38,"7,124 ratings",731 reviews,وانا صغيّر كان فيه حلم يقظة بيجيلي كتير جدًّا؛ قال خير اللهم اجعله خير، طالع انا في التليفزيون بَقُول نظريات وأفكار ورأيي في كل حاجة في الدنيا، والمذيعة الحلوة منبهرة جدًّا بكل كلمة بقولها. وقاعد انا بقه مُنْجَعِصْ بثقة في الكرسي بتاعي ومكتوب تحت صورتي بالبنط العريض «المفكّر الكبير: أحمد العسيلي». حلم غريب جدًّا طبعًا. هي دي شغلانة يحلم بيها طفل دي؟ المفكّر الكبير؟! بس الحمد لله.. جزء من النبوءة تحقق.. بَطْلَع في التليفزيون وفي الراديو وبَكتب مقالات وكمان بَكتب كتاب اهه.. بس الأهم، لإنه السبب في كل ده.. إني على طول بَفكّر.. بَفكّر.. بَفكّر.. أحمد العسيلي,"193 pages, Paperback",Arabic,"January 1, 2009"
371,السقا مات,يوسف السباعي,"4.15 avg rating — 4,292 ratings",https://www.goodreads.com/book/show/3930100,,,,,,,
372,نيران صديقة,Alaa Al Aswany,"3.27 avg rating — 7,145 ratings",https://www.goodreads.com/book/show/5520516,,,,,,,
373,حب في أغسطس (فانتازيا، #36),Ahmed Khaled Towfik,"4.17 avg rating — 1,826 ratings",https://www.goodreads.com/book/show/6279483,4.17,"1,826 ratings",235 reviews,هناك قصص حب في كل فصول السنة.. لكننا اليوم نحكي عن قصة حب في (أغسطس).. في عالم قرر كل ما فيه أن يكون قبيحًا أو سوقيًا أو فظًا أو قاسيًا أو متعجرفًا أو غامضًا، فإن بعض الكلام عن الرومانسية لن يؤذي أحداً..لماذا (أغسطس) بالذات ؟.. لا.. ليس هذا نوعًا من أدب المناسبات.. إن القصة تبدأ كما يلي,"154 pages, Paperback",Arabic,"July 1, 2006"
374,الطيبيون,أدهم العبودي,3.70 avg rating — 333 ratings,https://www.goodreads.com/book/show/22493251,,,,,,,
375,بداية ونهاية,Naguib Mahfouz,"4.11 avg rating — 8,559 ratings",https://www.goodreads.com/book/show/5954846,,,,,,,
376,ماذا علمتني الحياة؟,Galal Amin,"3.99 avg rating — 4,169 ratings",https://www.goodreads.com/book/show/6016941,3.99,"4,169 ratings",613 reviews,ماذا علمتنى الحياة منذ سنوات كثيرة، رأيت فيلما بولنديا صامتا لا يزيد طوله على عشر دقائق، ظلت قصته تعود إلى ذهنى من وقت لآخر، وعلى الأخص كلما رأيت أحدًا من أهلى أو معارفى يصادف فى حياته ما لا قِبَلَ له بردّه أو التحكم فيه. تبدأ القصة البسيطة بمنظر بحر واسع، يخرج منه رجلان يرتديان ملابسهما الكاملة، ويحملان معا، كل منهما فى طرف، دولابا عتيقا ضخما، يتكون من ثلاث ضلف، وعلى ضلفته الوسطى مرآة كبيرة. يسير الرجلان فى اتجاه الشاطئ وهما يحملان هذا الدولاب بمشقة كبيرة، حتى يصلا إلى البرّ فى حالة إعياء شديد، ثم يبدآن فى التجول فى أنحاء المدينة وهما لا يزالان يحملان الدولاب. فإذا أرادا ركوب الترام حاولا صعود السلم بالدولاب وسط زحام الرّكاب وصيحات الاحتجاج. وإذا أصابهما الجوع وأرادا دخول مطعم، حاولا دخول المطعم بالدولاب فيطردهما صاحب المكان. لا يحتوى الفيلم إلا على تصوير محاولاتهما المستميتة فى الاستمرار فى الحياة وهما يحملان دولابهما الثقيل، إلى أن ينتهى بهما الأمر بالعودة من حيث أتيا، فيبلغان الشاطئ الذى رأيناه فى أول الفيـلم، ثم يغيبـان شيئًا فشيئًا فى البـحـر، حيث تغمرهما الميـاه وهمـا لا يزالان يحملان الدولاب. منذ رأيت هذا الفيلم وأنا أتصوّر حالى وحال كل من أعرف وكأن كلاً منا يحمل دولابه الثقيل، يأتى معه إلى الدنيا ويقضى حياته حاملا إيّاه دون أن تكون لديه أية فرصة للتخلص منه، ثم يموت وهو يحمله. على أنه دولاب غير مرئىّ، وقد نقضى حياتنا متظاهرين بعدم وجوده، أو محاولين إخفاءه، ولكنه قدر كل منا المحتوم الذى يحكم تصرفاتنا ومشاعرنا واختياراتنا أو ما نظن أنها اختياراتنا. فأنا لم أختر أبى وأمى أو نوع العائلة التى نشأت بها، أو عدد إخوتى وموقعى بينهم، ولم أختر طولى أو قصرى، ولا درجة وسامتى أو دمامتى، أو مواطن القوة والضعف فى جسمى وعقلى. كل هذا علىّ أن أحمله أينما ذهبت، وليس لدىّ أى أمل فى التخلص منه,"399 pages, Paperback",Arabic,"May 1, 2007"
377,النبطي,Youssef Ziedan,"3.44 avg rating — 15,064 ratings",https://www.goodreads.com/book/show/9666241,,,,,,,
378,طبائع الاستبداد ومصارع الاستعباد,Abd al-Rahman al-Kawakibi,"4.19 avg rating — 10,670 ratings",https://www.goodreads.com/book/show/2312458._,,,,,,,
379,مشاغب,أحمد جمال الدين رمضان,"4.41 avg rating — 1,110 ratings",https://www.goodreads.com/book/show/196930486,,,,,,,
380,أحببتك أكثر مما ينبغي,أثير عبدالله النشمي,"3.55 avg rating — 54,937 ratings",https://www.goodreads.com/book/show/7119070,3.55,"54,937 ratings","5,721 reviews","""أجلس اليوم إلى جوارك، أندب أحلامي الحمقى.. غارقة في حبي لك ولا قدرة لي على انتشال بقايا أحلامي من بين حطامك..""، ""أحببتك أكثر مما ينبغي، وأحببتني أقل مما أستحق!"" تبدأ الكاتبة السعودية روايتها بنفس المقطع الذي تنتهي به، لتروي بينهما قصة ""جمانة"" و""عزيز"" التي ""لن تنتهي!"". تبوح المرأة بتفاصيل مشاعرها تجاه الرجل الذي تحب، والأهم أنها تحاول التعبير عن حالتها الذهنية في تناقضها الحتمي مع حالة الحب الذي تكنّ. فالشرخ الذي يولّد عذابات جمة لا دواء لها، لا بد قائم بين عقلها وقوة مشاعرها، وعطائها الذي لا حدود له للمحبوب: ""كنت على استعداد لأن أصغر فتكبر..لأن أفشل لتنجح، لأن أخبو لتلمع..""، ونوعية حبها الذي لا يقدره بل يتجاهله أو يقوم باستغلاله لصالح أهداف أقل أهمية منه بكثير، وأقل قيمة. ""ما زلت لا أدرك، لا أدرك كيف يتلاعب رجل بامرأة تحبه من دون أن يخاف للحظة مما يفعله نحوها!"" في كل مرة و""بعد كل خيبة أمل.. بعد كل محنة وكل نزوة.. كنت أحاول لملمة أجزائي لنفتح مجدداً صفحة بيضاء أخرى..""، لكن ""البدايات الجديدة ما هي إلا كذبة"". تستعيد الكاتبة ذكرياتها معه منذ البداية في مقهى خارج الوطن الذي غادرته للدراسة: ""الوطن الذي لو لم أغادره لما حدث كل هذا.. أتكون أنت عقابي على مغادرة وطن أحبني!..""، وفكرة العقاب والثواب التي يسخر منها عزيز، تؤمن هي بها: ""مؤمنة أنا بيوم الحساب أكثر من أي شيء،"" لأنها تأمل عبرها أن ينال عزيز عقابه على ما اقترفه بحقها. قالت لهما العجوز الهندية غريبة الأطوار، دون سابق معرفة: ""هي متعبة منك..منك فقط..وأنت متعب من كل شيء..""، وقالت لها ""هيفاء"" صديقتها الكويتية التي تتخاصم دائما وعزيز، بأنه لا يستحقها، وتقول جمانة له اليوم ""حبي لك كان أعمى يا عزيز..وأن هيفاء رأت فيك ما لم أره..""، رأت الكذب المتسلسل والخيانة والإنكار الذي يشكك الآخر بنفسه وبعقله وإحساسه، وهي صفات تتجاهلها المرأة التي تحب رجلاً يحبها لكنه غير قادر على الالتزام بها. قال لها بصراحة: ""اسمعي.. أنا رجل لعوب.. أشرب وأعربد وأعاشر النساء.. لكنني أعود إليك في كل مرة..""، وكانت تتحمل الأذى: ""تؤذينني عمداً وكأنك تفرغ في نفسي أحقادك وأوجاعك وأمراضك، تؤذيني عمداً باسم الحبّ.."". وهي بالرغم من كل الحقائق والوقائع تعترف: ""لم أبكِ بحرقة إلا بسببك ولم أضحك من أعماقي إلا معك.. أليست بمعادلة صعبة..؟ يحلل لها زياد صديقهما المشترك الوضع: ""أحببته لدرجة أخافته!.. لم يكن قادراً على ضمك لقائمة نسائه ولم يتمكن من الابتعاد عنك.. أحبك لدرجة أنه كان يخشى عليك من نفسه.. كما كان يخشى منك في الوقت ذاته.."" كيف يلتقيان، وهو يؤمن بأن الغاية تبرر الوسيلة، وهي تؤمن ""بأن الوسيلة أحياناً أهم من الغاية!""؟ ""قلت لي يوماً بأن حكايات الحبّ الشرقية غالباً ما تنتهي بمأساة. واليوم أعرف بأنك كنت محقاً في هذا.."" تنقل الرواية بصدق عميق ما يدور في أعماق المرأة في حالة حب،ّ من أحاسيس وأفكار وتناقضات، إذ تظن أن الخيار الصعب إلى أقسى مداه يكمن في الحفاظ على مشاعر الحبّ الجياشة واستمرارها، على حساب التنكّر للذات الواعية والمدركة لتلاعب الطرف الآخر بها، لكنها بأي حال، وحتى في حال دفع الحساب، لن تحصل على مبتغاها.","326 pages, Paperback",Arabic,"January 1, 2009"
381,السكان الأصليين لمصر,Belal Fadl,"3.76 avg rating — 3,231 ratings",https://www.goodreads.com/book/show/6136499,3.76,"3,231 ratings",291 reviews,مشكلتي الثانية هى أنني أشعر بأكلان فظيع في ضهري، لا أدري هل سببه الحشرات التي يقسم زملائي أنها أقدم في المستشفى من بهيرة كبيرة الممرضات، أم سببه رقودي على السرير على وضع واحد كل هذا الوقت، مع أن التغيير سنة الحياة، نبهني عم عبد البديع إلى التباس الجملة الأخيرة وكونها يمكن أن تسوء موقفي في القضية، لكني أقسم لسيادتك أني لا أقصد منها شيء سوى أني فعلا أريد أن أمارس حقي الدستوري في الهرش وتغيير وضع رقودي على السرير، فانا لست دولة تستحمل أن تعيش ربع قرن على وضع واحد دون أن تغيير، أنا بشر ضعيف خلقت من تراب وسففت التراب ويلزمني بين الحين والآخر أن أتقلب على الجنبين، فهل هذا كثير علي سيادتك؟! المؤلف,309 pages,Arabic,"January 1, 2009"
382,طفيليات,أحمد جمال الدين رمضان,"4.41 avg rating — 1,133 ratings",https://www.goodreads.com/book/show/196924969,,,,,,,
383,ثرثرة فوق النيل,Naguib Mahfouz,"3.74 avg rating — 10,737 ratings",https://www.goodreads.com/book/show/6122468,3.74,"10,737 ratings","1,362 reviews",لم يُبدع الإنسان ما هو أصدق من المهزلة.,"161 pages, Paperback",Arabic,"January 1, 1966"
384,ميرامار,Naguib Mahfouz,"3.82 avg rating — 8,224 ratings",https://www.goodreads.com/book/show/3495961,,,,,,,
385,عصفور من الشرق,Tawfiq Al-Hakim,"3.72 avg rating — 4,880 ratings",https://www.goodreads.com/book/show/2392599._,,,,,,,
386,العبرات,مصطفى لطفي المنفلوطي,"3.93 avg rating — 11,586 ratings",https://www.goodreads.com/book/show/3852939,,,,,,,
387,خريف الغضب: قصة بداية ونهاية عصر أنور السادات,Mohamed Heikal,"3.63 avg rating — 2,072 ratings",https://www.goodreads.com/book/show/5649581,,,,,,,
388,صالة أورفانيللي,Ashraf El-Ashmawi,"4.09 avg rating — 4,124 ratings",https://www.goodreads.com/book/show/108658337,,,,,,,
389,قصص الأنبياء,Ibn Kathir,"4.50 avg rating — 6,601 ratings",https://www.goodreads.com/book/show/2939484,,,,,,,
390,اللاهوت العربي وأصول العنف الديني,Youssef Ziedan,"3.90 avg rating — 8,257 ratings",https://www.goodreads.com/book/show/7316340,,,,,,,
391,حكومة الظل,Monther Alkabbani,"3.96 avg rating — 10,563 ratings",https://www.goodreads.com/book/show/3331793,,,,,,,
392,خالتي صفية والدير,Bahaa Taher,"3.92 avg rating — 6,699 ratings",https://www.goodreads.com/book/show/3110969,,,,,,,
393,ذات,Sonallah Ibrahim,"3.56 avg rating — 5,545 ratings",https://www.goodreads.com/book/show/3490300,3.56,"5,545 ratings",768 reviews,"""ذات"" شخصية الروائي صنع الله إبراهيم المحورية والتي انبعثت من زحمة الحياة لتبعث خياله وتغذي فكره بألف صورة وصورة... هي من الواقع... ولكنها تسري في الأحداث الروائية... فيكون لواقع تواجدها ألف معنى ومعنى... ""ذات"" هي الرمز الذي حاول صنع الله إبراهيم من خلاله أن يصور المجتمع المصري الذي يموج بقيم ومعتقدات تتحكم بفكره وبحياته... مجتمع ينوء مواطنه بأحمال الظروف الاقتصادية والاجتماعية والسياسية، وهذه يورد وقائعها منقولة عن الصحف المصرية الحكومية منها والمعارضة ليعكس الجو الإعلامي العام الذي أحاط بمصائر شخصياته وأثر فيهم... في ""ذات"" يتداخل الخيال والواقع... الرمز والحقيقة ليجسد أبعاداً إنسانية عبّر عنها صنع الله إبراهيم بأسلوب يُقَرِّب ""ذات"" من كل ذات... فهي الحقيقة المتوارية خلف الذات","352 pages, Paperback",Arabic,"January 1, 1992"
394,ترانيم في ظل تمارا,Mohammed Afifi,"4.01 avg rating — 4,778 ratings",https://www.goodreads.com/book/show/3614388,,,,,,,
395,الزيني بركات,Gamal al-Ghitani,"3.86 avg rating — 3,843 ratings",https://www.goodreads.com/book/show/5663369,,,,,,,
396,السلطان الحائر,Tawfiq Al-Hakim,"3.95 avg rating — 2,388 ratings",https://www.goodreads.com/book/show/4606489,,,,,,,
397,أسطورة إيجور (ما وراء الطبيعة، #24),Ahmed Khaled Towfik,"3.99 avg rating — 4,293 ratings",https://www.goodreads.com/book/show/6006822,,,,,,,
398,ساق البامبو,Saud Alsanousi,"4.21 avg rating — 60,362 ratings",https://www.goodreads.com/book/show/13637412,,,,,,,
399,قرية ظالمة,M. Kamel Hussein,"3.94 avg rating — 4,669 ratings",https://www.goodreads.com/book/show/2544247._,,,,,,,
400,تغريدة البجعة,Mekkawi Said,"3.62 avg rating — 2,329 ratings",https://www.goodreads.com/book/show/3418245,,,,,,,
